route,observed_canonical,expected_canonical,status
/,https://crownwingparrots.co.uk/,https://crownwingparrots.co.uk/,matches
/available-birds/,https://crownwingparrots.co.uk/available-birds/,https://crownwingparrots.co.uk/available-birds/,matches
/business-policies/,https://crownwingparrots.co.uk/business-policies/,https://crownwingparrots.co.uk/business-policies/,matches
/contact/,https://crownwingparrots.co.uk/contact/,https://crownwingparrots.co.uk/contact/,matches
/cookie-policy/,https://crownwingparrots.co.uk/cookie-policy/,https://crownwingparrots.co.uk/cookie-policy/,matches
/guides/,https://crownwingparrots.co.uk/guides/,https://crownwingparrots.co.uk/guides/,matches
/guides/buying-a-parrot-checklist/,https://crownwingparrots.co.uk/guides/buying-a-parrot-checklist/,https://crownwingparrots.co.uk/guides/buying-a-parrot-checklist/,matches
/guides/buying-a-parrot/,https://crownwingparrots.co.uk/guides/buying-a-parrot/,https://crownwingparrots.co.uk/guides/buying-a-parrot/,matches
/guides/choosing-a-parrot/,https://crownwingparrots.co.uk/guides/choosing-a-parrot/,https://crownwingparrots.co.uk/guides/choosing-a-parrot/,matches
/guides/cites-parrots-uk/,https://crownwingparrots.co.uk/guides/cites-parrots-uk/,https://crownwingparrots.co.uk/guides/cites-parrots-uk/,matches
/guides/parrot-diet-nutrition/,https://crownwingparrots.co.uk/guides/parrot-diet-nutrition/,https://crownwingparrots.co.uk/guides/parrot-diet-nutrition/,matches
/guides/parrot-housing-enrichment/,https://crownwingparrots.co.uk/guides/parrot-housing-enrichment/,https://crownwingparrots.co.uk/guides/parrot-housing-enrichment/,matches
/guides/parrot-ownership-costs/,https://crownwingparrots.co.uk/guides/parrot-ownership-costs/,https://crownwingparrots.co.uk/guides/parrot-ownership-costs/,matches
/guides/preparing-for-a-parrot/,https://crownwingparrots.co.uk/guides/preparing-for-a-parrot/,https://crownwingparrots.co.uk/guides/preparing-for-a-parrot/,matches
/locations/,https://crownwingparrots.co.uk/locations/,https://crownwingparrots.co.uk/locations/,matches
/locations/belfast/,https://crownwingparrots.co.uk/locations/belfast/,https://crownwingparrots.co.uk/locations/belfast/,matches
/locations/birmingham/,https://crownwingparrots.co.uk/locations/birmingham/,https://crownwingparrots.co.uk/locations/birmingham/,matches
/locations/bristol/,https://crownwingparrots.co.uk/locations/bristol/,https://crownwingparrots.co.uk/locations/bristol/,matches
/locations/cardiff/,https://crownwingparrots.co.uk/locations/cardiff/,https://crownwingparrots.co.uk/locations/cardiff/,matches
/locations/edinburgh/,https://crownwingparrots.co.uk/locations/edinburgh/,https://crownwingparrots.co.uk/locations/edinburgh/,matches
/locations/glasgow/,https://crownwingparrots.co.uk/locations/glasgow/,https://crownwingparrots.co.uk/locations/glasgow/,matches
/locations/leeds/,https://crownwingparrots.co.uk/locations/leeds/,https://crownwingparrots.co.uk/locations/leeds/,matches
/locations/liverpool/,https://crownwingparrots.co.uk/locations/liverpool/,https://crownwingparrots.co.uk/locations/liverpool/,matches
/locations/london/,https://crownwingparrots.co.uk/locations/london/,https://crownwingparrots.co.uk/locations/london/,matches
/locations/manchester/,https://crownwingparrots.co.uk/locations/manchester/,https://crownwingparrots.co.uk/locations/manchester/,matches
/locations/newcastle/,https://crownwingparrots.co.uk/locations/newcastle/,https://crownwingparrots.co.uk/locations/newcastle/,matches
/locations/nottingham/,https://crownwingparrots.co.uk/locations/nottingham/,https://crownwingparrots.co.uk/locations/nottingham/,matches
/locations/sheffield/,https://crownwingparrots.co.uk/locations/sheffield/,https://crownwingparrots.co.uk/locations/sheffield/,matches
/our-approach/,https://crownwingparrots.co.uk/our-approach/,https://crownwingparrots.co.uk/our-approach/,matches
/parrot-care/,https://crownwingparrots.co.uk/parrot-care/,https://crownwingparrots.co.uk/parrot-care/,matches
/parrot-prices-uk/,https://crownwingparrots.co.uk/parrot-prices-uk/,https://crownwingparrots.co.uk/parrot-prices-uk/,matches
/parrots-for-sale/,https://crownwingparrots.co.uk/parrots-for-sale/,https://crownwingparrots.co.uk/parrots-for-sale/,matches
/parrots-for-sale/african-grey-parrots/,https://crownwingparrots.co.uk/parrots-for-sale/african-grey-parrots/,https://crownwingparrots.co.uk/parrots-for-sale/african-grey-parrots/,matches
/parrots-for-sale/amazon-parrots/,https://crownwingparrots.co.uk/parrots-for-sale/amazon-parrots/,https://crownwingparrots.co.uk/parrots-for-sale/amazon-parrots/,matches
/parrots-for-sale/caiques/,https://crownwingparrots.co.uk/parrots-for-sale/caiques/,https://crownwingparrots.co.uk/parrots-for-sale/caiques/,matches
/parrots-for-sale/cockatoos/,https://crownwingparrots.co.uk/parrots-for-sale/cockatoos/,https://crownwingparrots.co.uk/parrots-for-sale/cockatoos/,matches
/parrots-for-sale/conures/,https://crownwingparrots.co.uk/parrots-for-sale/conures/,https://crownwingparrots.co.uk/parrots-for-sale/conures/,matches
/parrots-for-sale/eclectus-parrots/,https://crownwingparrots.co.uk/parrots-for-sale/eclectus-parrots/,https://crownwingparrots.co.uk/parrots-for-sale/eclectus-parrots/,matches
/parrots-for-sale/large-parrots/,https://crownwingparrots.co.uk/parrots-for-sale/large-parrots/,https://crownwingparrots.co.uk/parrots-for-sale/large-parrots/,matches
/parrots-for-sale/macaws/,https://crownwingparrots.co.uk/parrots-for-sale/macaws/,https://crownwingparrots.co.uk/parrots-for-sale/macaws/,matches
/parrots-for-sale/parakeets-small-parrots/,https://crownwingparrots.co.uk/parrots-for-sale/parakeets-small-parrots/,https://crownwingparrots.co.uk/parrots-for-sale/parakeets-small-parrots/,matches
/parrots-for-sale/small-parrots/,https://crownwingparrots.co.uk/parrots-for-sale/small-parrots/,https://crownwingparrots.co.uk/parrots-for-sale/small-parrots/,matches
/parrots-for-sale/talking-parrots/,https://crownwingparrots.co.uk/parrots-for-sale/talking-parrots/,https://crownwingparrots.co.uk/parrots-for-sale/talking-parrots/,matches
/parrots/,https://crownwingparrots.co.uk/parrots/,https://crownwingparrots.co.uk/parrots/,matches
/parrots/african-parrots/,https://crownwingparrots.co.uk/parrots/african-parrots/,https://crownwingparrots.co.uk/parrots/african-parrots/,matches
/parrots/african-parrots/congo-african-grey-parrot/,https://crownwingparrots.co.uk/parrots/african-parrots/congo-african-grey-parrot/,https://crownwingparrots.co.uk/parrots/african-parrots/congo-african-grey-parrot/,matches
/parrots/african-parrots/timneh-parrot/,https://crownwingparrots.co.uk/parrots/african-parrots/timneh-parrot/,https://crownwingparrots.co.uk/parrots/african-parrots/timneh-parrot/,matches
/parrots/amazons/,https://crownwingparrots.co.uk/parrots/amazons/,https://crownwingparrots.co.uk/parrots/amazons/,matches
/parrots/amazons/blue-fronted-amazon-parrot/,https://crownwingparrots.co.uk/parrots/amazons/blue-fronted-amazon-parrot/,https://crownwingparrots.co.uk/parrots/amazons/blue-fronted-amazon-parrot/,matches
/parrots/amazons/yellow-naped-amazon-parrot/,https://crownwingparrots.co.uk/parrots/amazons/yellow-naped-amazon-parrot/,https://crownwingparrots.co.uk/parrots/amazons/yellow-naped-amazon-parrot/,matches
/parrots/caiques/,https://crownwingparrots.co.uk/parrots/caiques/,https://crownwingparrots.co.uk/parrots/caiques/,matches
/parrots/caiques/black-headed-caique/,https://crownwingparrots.co.uk/parrots/caiques/black-headed-caique/,https://crownwingparrots.co.uk/parrots/caiques/black-headed-caique/,matches
/parrots/caiques/white-bellied-caique/,https://crownwingparrots.co.uk/parrots/caiques/white-bellied-caique/,https://crownwingparrots.co.uk/parrots/caiques/white-bellied-caique/,matches
/parrots/cockatoos/,https://crownwingparrots.co.uk/parrots/cockatoos/,https://crownwingparrots.co.uk/parrots/cockatoos/,matches
/parrots/cockatoos/galah-cockatoo/,https://crownwingparrots.co.uk/parrots/cockatoos/galah-cockatoo/,https://crownwingparrots.co.uk/parrots/cockatoos/galah-cockatoo/,matches
/parrots/cockatoos/umbrella-cockatoo/,https://crownwingparrots.co.uk/parrots/cockatoos/umbrella-cockatoo/,https://crownwingparrots.co.uk/parrots/cockatoos/umbrella-cockatoo/,matches
/parrots/conures/,https://crownwingparrots.co.uk/parrots/conures/,https://crownwingparrots.co.uk/parrots/conures/,matches
/parrots/conures/green-cheeked-conure/,https://crownwingparrots.co.uk/parrots/conures/green-cheeked-conure/,https://crownwingparrots.co.uk/parrots/conures/green-cheeked-conure/,matches
/parrots/conures/sun-conure/,https://crownwingparrots.co.uk/parrots/conures/sun-conure/,https://crownwingparrots.co.uk/parrots/conures/sun-conure/,matches
/parrots/eclectus/,https://crownwingparrots.co.uk/parrots/eclectus/,https://crownwingparrots.co.uk/parrots/eclectus/,matches
/parrots/eclectus/papuan-eclectus-parrot/,https://crownwingparrots.co.uk/parrots/eclectus/papuan-eclectus-parrot/,https://crownwingparrots.co.uk/parrots/eclectus/papuan-eclectus-parrot/,matches
/parrots/macaws/,https://crownwingparrots.co.uk/parrots/macaws/,https://crownwingparrots.co.uk/parrots/macaws/,matches
/parrots/macaws/blue-and-gold-macaw/,https://crownwingparrots.co.uk/parrots/macaws/blue-and-gold-macaw/,https://crownwingparrots.co.uk/parrots/macaws/blue-and-gold-macaw/,matches
/parrots/macaws/scarlet-macaw/,https://crownwingparrots.co.uk/parrots/macaws/scarlet-macaw/,https://crownwingparrots.co.uk/parrots/macaws/scarlet-macaw/,matches
/parrots/parakeets-small-psittacines/,https://crownwingparrots.co.uk/parrots/parakeets-small-psittacines/,https://crownwingparrots.co.uk/parrots/parakeets-small-psittacines/,matches
/parrots/parakeets-small-psittacines/budgerigar/,https://crownwingparrots.co.uk/parrots/parakeets-small-psittacines/budgerigar/,https://crownwingparrots.co.uk/parrots/parakeets-small-psittacines/budgerigar/,matches
/parrots/parakeets-small-psittacines/indian-ringneck-parakeet/,https://crownwingparrots.co.uk/parrots/parakeets-small-psittacines/indian-ringneck-parakeet/,https://crownwingparrots.co.uk/parrots/parakeets-small-psittacines/indian-ringneck-parakeet/,matches
/parrots/parakeets-small-psittacines/peach-faced-lovebird/,https://crownwingparrots.co.uk/parrots/parakeets-small-psittacines/peach-faced-lovebird/,https://crownwingparrots.co.uk/parrots/parakeets-small-psittacines/peach-faced-lovebird/,matches
/privacy-policy/,https://crownwingparrots.co.uk/privacy-policy/,https://crownwingparrots.co.uk/privacy-policy/,matches
