URL,Source,Alt,Role,Width,Height,Srcset,Loading,Fetch priority,Source bytes,Findings
https://crownwingparrots.co.uk/,/assets/parrots/macaws/macaw-31.webp,Hyacinth macaw,meaningful,2000,1330,"/assets/parrots/macaws/macaw-31-thumb.webp 480w, /assets/parrots/macaws/macaw-31.webp 2000w",eager,high,308580,No mechanical finding; identity/stock not inferred
https://crownwingparrots.co.uk/,/assets/parrots/african-parrots/african-grey-05.webp,African grey parrot,meaningful,1330,2000,"/assets/parrots/african-parrots/african-grey-05-thumb.webp 319w, /assets/parrots/african-parrots/african-grey-05.webp 1330w",lazy,auto,233740,No mechanical finding; identity/stock not inferred
https://crownwingparrots.co.uk/,/assets/parrots/macaws/macaw-17.webp,Blue-and-gold macaw,meaningful,1330,2000,"/assets/parrots/macaws/macaw-17-thumb.webp 319w, /assets/parrots/macaws/macaw-17.webp 1330w",lazy,auto,186620,No mechanical finding; identity/stock not inferred
https://crownwingparrots.co.uk/,/assets/parrots/cockatoos/cockatoo-08.webp,White cockatoo,meaningful,2000,1330,"/assets/parrots/cockatoos/cockatoo-08-thumb.webp 480w, /assets/parrots/cockatoos/cockatoo-08.webp 2000w",lazy,auto,105150,No mechanical finding; identity/stock not inferred
https://crownwingparrots.co.uk/,/assets/parrots/amazons/blue-fronted-amazon-04.webp,Blue-fronted Amazon parrot,meaningful,2000,1333,"/assets/parrots/amazons/blue-fronted-amazon-04-thumb.webp 480w, /assets/parrots/amazons/blue-fronted-amazon-04.webp 2000w",lazy,auto,107016,No mechanical finding; identity/stock not inferred
https://crownwingparrots.co.uk/,/assets/parrots/conures/conure-green-01.webp,Conure parrot,meaningful,2000,1333,"/assets/parrots/conures/conure-green-01-thumb.webp 480w, /assets/parrots/conures/conure-green-01.webp 2000w",lazy,auto,135332,No mechanical finding; identity/stock not inferred
https://crownwingparrots.co.uk/,/assets/parrots/caiques/caique-white-bellied-01.webp,White-bellied caique,meaningful,1024,768,"/assets/parrots/caiques/caique-white-bellied-01-thumb.webp 480w, /assets/parrots/caiques/caique-white-bellied-01.webp 1024w",lazy,auto,93692,No mechanical finding; identity/stock not inferred
https://crownwingparrots.co.uk/,/assets/parrots/eclectus/eclectus-female-01.webp,Female Eclectus parrot,meaningful,640,509,"/assets/parrots/eclectus/eclectus-female-01-thumb.webp 480w, /assets/parrots/eclectus/eclectus-female-01.webp 640w",lazy,auto,27970,No mechanical finding; identity/stock not inferred
https://crownwingparrots.co.uk/,/assets/parrots/parakeets-small-psittacines/budgerigar-01.webp,Budgerigar,meaningful,2000,1333,"/assets/parrots/parakeets-small-psittacines/budgerigar-01-thumb.webp 480w, /assets/parrots/parakeets-small-psittacines/budgerigar-01.webp 2000w",lazy,auto,121070,No mechanical finding; identity/stock not inferred
https://crownwingparrots.co.uk/available-birds/,/assets/parrots/african-parrots/african-grey-05-thumb.webp,,decorative/repeated label; verify context,44,44,,lazy,auto,15640,No mechanical finding; identity/stock not inferred
https://crownwingparrots.co.uk/available-birds/,/assets/parrots/macaws/macaw-17-thumb.webp,,decorative/repeated label; verify context,44,44,,lazy,auto,12090,No mechanical finding; identity/stock not inferred
https://crownwingparrots.co.uk/available-birds/,/assets/parrots/cockatoos/cockatoo-08-thumb.webp,,decorative/repeated label; verify context,44,44,,lazy,auto,12484,No mechanical finding; identity/stock not inferred
https://crownwingparrots.co.uk/available-birds/,/assets/parrots/amazons/blue-fronted-amazon-04-thumb.webp,,decorative/repeated label; verify context,44,44,,lazy,auto,13206,No mechanical finding; identity/stock not inferred
https://crownwingparrots.co.uk/available-birds/,/assets/parrots/conures/conure-green-01-thumb.webp,,decorative/repeated label; verify context,44,44,,lazy,auto,14218,No mechanical finding; identity/stock not inferred
https://crownwingparrots.co.uk/available-birds/,/assets/parrots/caiques/caique-white-bellied-01-thumb.webp,,decorative/repeated label; verify context,44,44,,lazy,auto,15844,No mechanical finding; identity/stock not inferred
https://crownwingparrots.co.uk/available-birds/,/assets/parrots/eclectus/eclectus-female-01-thumb.webp,,decorative/repeated label; verify context,44,44,,lazy,auto,13124,No mechanical finding; identity/stock not inferred
https://crownwingparrots.co.uk/available-birds/,/assets/parrots/parakeets-small-psittacines/budgerigar-01-thumb.webp,,decorative/repeated label; verify context,44,44,,lazy,auto,15440,No mechanical finding; identity/stock not inferred
https://crownwingparrots.co.uk/our-approach/,/assets/parrots/african-parrots/african-grey-05.webp,African grey parrot,meaningful,1330,2000,"/assets/parrots/african-parrots/african-grey-05-thumb.webp 319w, /assets/parrots/african-parrots/african-grey-05.webp 1330w",lazy,auto,233740,No mechanical finding; identity/stock not inferred
https://crownwingparrots.co.uk/parrots-for-sale/african-grey-parrots/,/assets/parrots/african-parrots/african-grey-05.webp,African grey parrot,meaningful,1330,2000,"/assets/parrots/african-parrots/african-grey-05-thumb.webp 319w, /assets/parrots/african-parrots/african-grey-05.webp 1330w",lazy,auto,233740,No mechanical finding; identity/stock not inferred
https://crownwingparrots.co.uk/parrots-for-sale/amazon-parrots/,/assets/parrots/amazons/blue-fronted-amazon-04.webp,Blue-fronted Amazon parrot,meaningful,2000,1333,"/assets/parrots/amazons/blue-fronted-amazon-04-thumb.webp 480w, /assets/parrots/amazons/blue-fronted-amazon-04.webp 2000w",lazy,auto,107016,No mechanical finding; identity/stock not inferred
https://crownwingparrots.co.uk/parrots-for-sale/caiques/,/assets/parrots/caiques/caique-white-bellied-01.webp,White-bellied caique,meaningful,1024,768,"/assets/parrots/caiques/caique-white-bellied-01-thumb.webp 480w, /assets/parrots/caiques/caique-white-bellied-01.webp 1024w",lazy,auto,93692,No mechanical finding; identity/stock not inferred
https://crownwingparrots.co.uk/parrots-for-sale/cockatoos/,/assets/parrots/cockatoos/cockatoo-08.webp,White cockatoo,meaningful,2000,1330,"/assets/parrots/cockatoos/cockatoo-08-thumb.webp 480w, /assets/parrots/cockatoos/cockatoo-08.webp 2000w",lazy,auto,105150,No mechanical finding; identity/stock not inferred
https://crownwingparrots.co.uk/parrots-for-sale/conures/,/assets/parrots/conures/conure-green-01.webp,Conure parrot,meaningful,2000,1333,"/assets/parrots/conures/conure-green-01-thumb.webp 480w, /assets/parrots/conures/conure-green-01.webp 2000w",lazy,auto,135332,No mechanical finding; identity/stock not inferred
https://crownwingparrots.co.uk/parrots-for-sale/eclectus-parrots/,/assets/parrots/eclectus/eclectus-female-01.webp,Female Eclectus parrot,meaningful,640,509,"/assets/parrots/eclectus/eclectus-female-01-thumb.webp 480w, /assets/parrots/eclectus/eclectus-female-01.webp 640w",lazy,auto,27970,No mechanical finding; identity/stock not inferred
https://crownwingparrots.co.uk/parrots-for-sale/macaws/,/assets/parrots/macaws/macaw-17.webp,Blue-and-gold macaw,meaningful,1330,2000,"/assets/parrots/macaws/macaw-17-thumb.webp 319w, /assets/parrots/macaws/macaw-17.webp 1330w",lazy,auto,186620,No mechanical finding; identity/stock not inferred
https://crownwingparrots.co.uk/parrots-for-sale/parakeets-small-parrots/,/assets/parrots/parakeets-small-psittacines/budgerigar-01.webp,Budgerigar,meaningful,2000,1333,"/assets/parrots/parakeets-small-psittacines/budgerigar-01-thumb.webp 480w, /assets/parrots/parakeets-small-psittacines/budgerigar-01.webp 2000w",lazy,auto,121070,No mechanical finding; identity/stock not inferred
https://crownwingparrots.co.uk/parrots/,/assets/parrots/african-parrots/african-grey-05.webp,African grey parrot,meaningful,1330,2000,"/assets/parrots/african-parrots/african-grey-05-thumb.webp 319w, /assets/parrots/african-parrots/african-grey-05.webp 1330w",lazy,auto,233740,No mechanical finding; identity/stock not inferred
https://crownwingparrots.co.uk/parrots/,/assets/parrots/macaws/macaw-17.webp,Blue-and-gold macaw,meaningful,1330,2000,"/assets/parrots/macaws/macaw-17-thumb.webp 319w, /assets/parrots/macaws/macaw-17.webp 1330w",lazy,auto,186620,No mechanical finding; identity/stock not inferred
https://crownwingparrots.co.uk/parrots/,/assets/parrots/cockatoos/cockatoo-08.webp,White cockatoo,meaningful,2000,1330,"/assets/parrots/cockatoos/cockatoo-08-thumb.webp 480w, /assets/parrots/cockatoos/cockatoo-08.webp 2000w",lazy,auto,105150,No mechanical finding; identity/stock not inferred
https://crownwingparrots.co.uk/parrots/,/assets/parrots/amazons/blue-fronted-amazon-04.webp,Blue-fronted Amazon parrot,meaningful,2000,1333,"/assets/parrots/amazons/blue-fronted-amazon-04-thumb.webp 480w, /assets/parrots/amazons/blue-fronted-amazon-04.webp 2000w",lazy,auto,107016,No mechanical finding; identity/stock not inferred
https://crownwingparrots.co.uk/parrots/,/assets/parrots/conures/conure-green-01.webp,Conure parrot,meaningful,2000,1333,"/assets/parrots/conures/conure-green-01-thumb.webp 480w, /assets/parrots/conures/conure-green-01.webp 2000w",lazy,auto,135332,No mechanical finding; identity/stock not inferred
https://crownwingparrots.co.uk/parrots/,/assets/parrots/caiques/caique-white-bellied-01.webp,White-bellied caique,meaningful,1024,768,"/assets/parrots/caiques/caique-white-bellied-01-thumb.webp 480w, /assets/parrots/caiques/caique-white-bellied-01.webp 1024w",lazy,auto,93692,No mechanical finding; identity/stock not inferred
https://crownwingparrots.co.uk/parrots/,/assets/parrots/eclectus/eclectus-female-01.webp,Female Eclectus parrot,meaningful,640,509,"/assets/parrots/eclectus/eclectus-female-01-thumb.webp 480w, /assets/parrots/eclectus/eclectus-female-01.webp 640w",lazy,auto,27970,No mechanical finding; identity/stock not inferred
https://crownwingparrots.co.uk/parrots/,/assets/parrots/parakeets-small-psittacines/budgerigar-01.webp,Budgerigar,meaningful,2000,1333,"/assets/parrots/parakeets-small-psittacines/budgerigar-01-thumb.webp 480w, /assets/parrots/parakeets-small-psittacines/budgerigar-01.webp 2000w",lazy,auto,121070,No mechanical finding; identity/stock not inferred
https://crownwingparrots.co.uk/parrots/african-parrots/,/assets/parrots/african-parrots/african-grey-05.webp,African grey parrot,meaningful,1330,2000,"/assets/parrots/african-parrots/african-grey-05-thumb.webp 319w, /assets/parrots/african-parrots/african-grey-05.webp 1330w",eager,high,233740,No mechanical finding; identity/stock not inferred
https://crownwingparrots.co.uk/parrots/african-parrots/,/assets/parrots/african-parrots/african-grey-01-thumb.webp,African grey parrot,meaningful,480,319,,lazy,auto,14334,review responsive source
https://crownwingparrots.co.uk/parrots/african-parrots/,/assets/parrots/african-parrots/african-grey-02-thumb.webp,African grey parrot,meaningful,480,320,,lazy,auto,14300,review responsive source
https://crownwingparrots.co.uk/parrots/african-parrots/,/assets/parrots/african-parrots/african-grey-03-thumb.webp,African grey parrot,meaningful,480,319,,lazy,auto,15460,review responsive source
https://crownwingparrots.co.uk/parrots/african-parrots/,/assets/parrots/african-parrots/african-grey-04-thumb.webp,African grey parrot,meaningful,480,319,,lazy,auto,16838,review responsive source
https://crownwingparrots.co.uk/parrots/african-parrots/,/assets/parrots/african-parrots/african-grey-06-thumb.webp,African grey parrot,meaningful,480,319,,lazy,auto,15834,review responsive source
https://crownwingparrots.co.uk/parrots/african-parrots/,/assets/parrots/african-parrots/african-grey-07-thumb.webp,African grey parrot,meaningful,319,480,,lazy,auto,12272,review responsive source
https://crownwingparrots.co.uk/parrots/african-parrots/,/assets/parrots/african-parrots/african-grey-08-thumb.webp,African grey parrot,meaningful,480,319,,lazy,auto,21330,review responsive source
https://crownwingparrots.co.uk/parrots/african-parrots/,/assets/parrots/african-parrots/african-grey-05.webp,African grey parrot,meaningful,1330,2000,"/assets/parrots/african-parrots/african-grey-05-thumb.webp 319w, /assets/parrots/african-parrots/african-grey-05.webp 1330w",browser default,auto,233740,No mechanical finding; identity/stock not inferred
https://crownwingparrots.co.uk/parrots/amazons/,/assets/parrots/amazons/blue-fronted-amazon-04.webp,Blue-fronted Amazon parrot,meaningful,2000,1333,"/assets/parrots/amazons/blue-fronted-amazon-04-thumb.webp 480w, /assets/parrots/amazons/blue-fronted-amazon-04.webp 2000w",eager,high,107016,No mechanical finding; identity/stock not inferred
https://crownwingparrots.co.uk/parrots/amazons/,/assets/parrots/amazons/blue-fronted-amazon-01-thumb.webp,Blue-fronted Amazon parrot,meaningful,480,320,,lazy,auto,10694,review responsive source
https://crownwingparrots.co.uk/parrots/amazons/,/assets/parrots/amazons/blue-fronted-amazon-02-thumb.webp,Blue-fronted Amazon parrot,meaningful,480,320,,lazy,auto,12318,review responsive source
https://crownwingparrots.co.uk/parrots/amazons/,/assets/parrots/amazons/blue-fronted-amazon-03-thumb.webp,Blue-fronted Amazon parrot,meaningful,320,480,,lazy,auto,16030,review responsive source
https://crownwingparrots.co.uk/parrots/amazons/,/assets/parrots/amazons/blue-amazon-01-thumb.webp,Blue Amazon-type parrot,meaningful,480,319,,lazy,auto,22154,review responsive source
https://crownwingparrots.co.uk/parrots/amazons/,/assets/parrots/amazons/blue-amazon-02-thumb.webp,Blue Amazon-type parrot,meaningful,480,319,,lazy,auto,23384,review responsive source
https://crownwingparrots.co.uk/parrots/amazons/,/assets/parrots/amazons/blue-amazon-03-thumb.webp,Blue Amazon-type parrot,meaningful,319,480,,lazy,auto,18636,review responsive source
https://crownwingparrots.co.uk/parrots/amazons/,/assets/parrots/amazons/blue-fronted-amazon-04.webp,Blue-fronted Amazon parrot,meaningful,2000,1333,"/assets/parrots/amazons/blue-fronted-amazon-04-thumb.webp 480w, /assets/parrots/amazons/blue-fronted-amazon-04.webp 2000w",browser default,auto,107016,No mechanical finding; identity/stock not inferred
https://crownwingparrots.co.uk/parrots/amazons/blue-fronted-amazon-parrot/,/assets/parrots/amazons/blue-fronted-amazon-01.webp,Blue-fronted Amazon parrot,meaningful,2000,1333,"/assets/parrots/amazons/blue-fronted-amazon-01-thumb.webp 480w, /assets/parrots/amazons/blue-fronted-amazon-01.webp 2000w",lazy,auto,117894,No mechanical finding; identity/stock not inferred
https://crownwingparrots.co.uk/parrots/amazons/blue-fronted-amazon-parrot/,/assets/parrots/amazons/blue-fronted-amazon-02.webp,Blue-fronted Amazon parrot,meaningful,2000,1333,"/assets/parrots/amazons/blue-fronted-amazon-02-thumb.webp 480w, /assets/parrots/amazons/blue-fronted-amazon-02.webp 2000w",lazy,auto,105670,No mechanical finding; identity/stock not inferred
https://crownwingparrots.co.uk/parrots/amazons/blue-fronted-amazon-parrot/,/assets/parrots/amazons/blue-fronted-amazon-03.webp,Blue-fronted Amazon parrot,meaningful,1333,2000,"/assets/parrots/amazons/blue-fronted-amazon-03-thumb.webp 320w, /assets/parrots/amazons/blue-fronted-amazon-03.webp 1333w",lazy,auto,171700,No mechanical finding; identity/stock not inferred
https://crownwingparrots.co.uk/parrots/amazons/blue-fronted-amazon-parrot/,/assets/parrots/amazons/blue-fronted-amazon-04.webp,Blue-fronted Amazon parrot,meaningful,2000,1333,"/assets/parrots/amazons/blue-fronted-amazon-04-thumb.webp 480w, /assets/parrots/amazons/blue-fronted-amazon-04.webp 2000w",lazy,auto,107016,No mechanical finding; identity/stock not inferred
https://crownwingparrots.co.uk/parrots/caiques/,/assets/parrots/caiques/caique-white-bellied-01.webp,White-bellied caique,meaningful,1024,768,"/assets/parrots/caiques/caique-white-bellied-01-thumb.webp 480w, /assets/parrots/caiques/caique-white-bellied-01.webp 1024w",eager,high,93692,No mechanical finding; identity/stock not inferred
https://crownwingparrots.co.uk/parrots/caiques/,/assets/parrots/caiques/caique-black-headed-01-thumb.webp,Black-headed caique,meaningful,384,480,,lazy,auto,17502,review responsive source
https://crownwingparrots.co.uk/parrots/caiques/,/assets/parrots/caiques/caique-black-headed-02-thumb.webp,Black-headed caique,meaningful,480,375,,lazy,auto,15566,review responsive source
https://crownwingparrots.co.uk/parrots/caiques/,/assets/parrots/caiques/caique-white-bellied-02-thumb.webp,White-bellied caique,meaningful,480,360,,lazy,auto,11244,review responsive source
https://crownwingparrots.co.uk/parrots/caiques/,/assets/parrots/caiques/caique-white-bellied-03-thumb.webp,White-bellied caique,meaningful,480,318,,lazy,auto,16062,review responsive source
https://crownwingparrots.co.uk/parrots/caiques/,/assets/parrots/caiques/caique-and-amazon-01-thumb.webp,Black-headed caique with an Amazon parrot,meaningful,480,391,,lazy,auto,33346,review responsive source
https://crownwingparrots.co.uk/parrots/caiques/,/assets/parrots/caiques/caique-white-bellied-04-thumb.webp,White-bellied caique,meaningful,360,480,,lazy,auto,17614,review responsive source
https://crownwingparrots.co.uk/parrots/caiques/,/assets/parrots/caiques/caique-white-bellied-01.webp,White-bellied caique,meaningful,1024,768,"/assets/parrots/caiques/caique-white-bellied-01-thumb.webp 480w, /assets/parrots/caiques/caique-white-bellied-01.webp 1024w",browser default,auto,93692,No mechanical finding; identity/stock not inferred
https://crownwingparrots.co.uk/parrots/caiques/black-headed-caique/,/assets/parrots/caiques/caique-black-headed-01.webp,Black-headed caique,meaningful,640,800,"/assets/parrots/caiques/caique-black-headed-01-thumb.webp 384w, /assets/parrots/caiques/caique-black-headed-01.webp 640w",lazy,auto,50702,No mechanical finding; identity/stock not inferred
https://crownwingparrots.co.uk/parrots/caiques/black-headed-caique/,/assets/parrots/caiques/caique-black-headed-02.webp,Black-headed caique,meaningful,1024,799,"/assets/parrots/caiques/caique-black-headed-02-thumb.webp 480w, /assets/parrots/caiques/caique-black-headed-02.webp 1024w",lazy,auto,51790,No mechanical finding; identity/stock not inferred
https://crownwingparrots.co.uk/parrots/caiques/white-bellied-caique/,/assets/parrots/caiques/caique-white-bellied-01.webp,White-bellied caique,meaningful,1024,768,"/assets/parrots/caiques/caique-white-bellied-01-thumb.webp 480w, /assets/parrots/caiques/caique-white-bellied-01.webp 1024w",lazy,auto,93692,No mechanical finding; identity/stock not inferred
https://crownwingparrots.co.uk/parrots/caiques/white-bellied-caique/,/assets/parrots/caiques/caique-white-bellied-02.webp,White-bellied caique,meaningful,1024,768,"/assets/parrots/caiques/caique-white-bellied-02-thumb.webp 480w, /assets/parrots/caiques/caique-white-bellied-02.webp 1024w",lazy,auto,51510,No mechanical finding; identity/stock not inferred
https://crownwingparrots.co.uk/parrots/caiques/white-bellied-caique/,/assets/parrots/caiques/caique-white-bellied-03.webp,White-bellied caique,meaningful,1024,678,"/assets/parrots/caiques/caique-white-bellied-03-thumb.webp 480w, /assets/parrots/caiques/caique-white-bellied-03.webp 1024w",lazy,auto,57062,No mechanical finding; identity/stock not inferred
https://crownwingparrots.co.uk/parrots/caiques/white-bellied-caique/,/assets/parrots/caiques/caique-white-bellied-04.webp,White-bellied caique,meaningful,1200,1600,"/assets/parrots/caiques/caique-white-bellied-04-thumb.webp 360w, /assets/parrots/caiques/caique-white-bellied-04.webp 1200w",lazy,auto,236504,No mechanical finding; identity/stock not inferred
https://crownwingparrots.co.uk/parrots/cockatoos/,/assets/parrots/cockatoos/cockatoo-08.webp,White cockatoo,meaningful,2000,1330,"/assets/parrots/cockatoos/cockatoo-08-thumb.webp 480w, /assets/parrots/cockatoos/cockatoo-08.webp 2000w",eager,high,105150,No mechanical finding; identity/stock not inferred
https://crownwingparrots.co.uk/parrots/cockatoos/,/assets/parrots/cockatoos/cockatoo-01-thumb.webp,Galah cockatoo,meaningful,480,319,,lazy,auto,15100,review responsive source
https://crownwingparrots.co.uk/parrots/cockatoos/,/assets/parrots/cockatoos/cockatoo-02-thumb.webp,Galah cockatoo,meaningful,480,319,,lazy,auto,9010,review responsive source
https://crownwingparrots.co.uk/parrots/cockatoos/,/assets/parrots/cockatoos/cockatoo-03-thumb.webp,White cockatoo,meaningful,480,360,,lazy,auto,12510,review responsive source
https://crownwingparrots.co.uk/parrots/cockatoos/,/assets/parrots/cockatoos/cockatoo-04-thumb.webp,White cockatoo,meaningful,480,360,,lazy,auto,11524,review responsive source
https://crownwingparrots.co.uk/parrots/cockatoos/,/assets/parrots/cockatoos/cockatoo-05-thumb.webp,White cockatoo,meaningful,480,360,,lazy,auto,11690,review responsive source
https://crownwingparrots.co.uk/parrots/cockatoos/,/assets/parrots/cockatoos/cockatoo-06-thumb.webp,White cockatoo,meaningful,480,319,,lazy,auto,10366,review responsive source
https://crownwingparrots.co.uk/parrots/cockatoos/,/assets/parrots/cockatoos/cockatoo-07-thumb.webp,White cockatoo,meaningful,480,319,,lazy,auto,11356,review responsive source
https://crownwingparrots.co.uk/parrots/cockatoos/,/assets/parrots/cockatoos/cockatoo-09-thumb.webp,White cockatoo,meaningful,319,480,,lazy,auto,8292,review responsive source
https://crownwingparrots.co.uk/parrots/cockatoos/,/assets/parrots/cockatoos/cockatoo-08.webp,White cockatoo,meaningful,2000,1330,"/assets/parrots/cockatoos/cockatoo-08-thumb.webp 480w, /assets/parrots/cockatoos/cockatoo-08.webp 2000w",browser default,auto,105150,No mechanical finding; identity/stock not inferred
https://crownwingparrots.co.uk/parrots/cockatoos/galah-cockatoo/,/assets/parrots/cockatoos/cockatoo-01.webp,Galah cockatoo,meaningful,700,465,"/assets/parrots/cockatoos/cockatoo-01-thumb.webp 480w, /assets/parrots/cockatoos/cockatoo-01.webp 700w",lazy,auto,32952,No mechanical finding; identity/stock not inferred
https://crownwingparrots.co.uk/parrots/cockatoos/galah-cockatoo/,/assets/parrots/cockatoos/cockatoo-02.webp,Galah cockatoo,meaningful,700,465,"/assets/parrots/cockatoos/cockatoo-02-thumb.webp 480w, /assets/parrots/cockatoos/cockatoo-02.webp 700w",lazy,auto,18982,No mechanical finding; identity/stock not inferred
https://crownwingparrots.co.uk/parrots/conures/,/assets/parrots/conures/conure-green-01.webp,Conure parrot,meaningful,2000,1333,"/assets/parrots/conures/conure-green-01-thumb.webp 480w, /assets/parrots/conures/conure-green-01.webp 2000w",eager,high,135332,No mechanical finding; identity/stock not inferred
https://crownwingparrots.co.uk/parrots/conures/,/assets/parrots/conures/conure-green-02-thumb.webp,Conure parrot,meaningful,480,320,,lazy,auto,10724,review responsive source
https://crownwingparrots.co.uk/parrots/conures/,/assets/parrots/conures/conure-green-03-thumb.webp,Conure parrot,meaningful,480,294,,lazy,auto,14142,review responsive source
https://crownwingparrots.co.uk/parrots/conures/,/assets/parrots/conures/conure-green-04-thumb.webp,Conure parrot,meaningful,480,245,,lazy,auto,12788,review responsive source
https://crownwingparrots.co.uk/parrots/conures/,/assets/parrots/conures/conure-green-05-thumb.webp,Conure parrot,meaningful,480,320,,lazy,auto,13164,review responsive source
https://crownwingparrots.co.uk/parrots/conures/,/assets/parrots/conures/conure-and-cockatiel-01-thumb.webp,Conure with a cockatiel,meaningful,480,320,,lazy,auto,13016,review responsive source
https://crownwingparrots.co.uk/parrots/conures/,/assets/parrots/conures/conure-orange-headed-01-thumb.webp,Orange-headed conure,meaningful,480,319,,lazy,auto,11420,review responsive source
https://crownwingparrots.co.uk/parrots/conures/,/assets/parrots/conures/conure-orange-headed-02-thumb.webp,Orange-headed conure,meaningful,480,319,,lazy,auto,12634,review responsive source
https://crownwingparrots.co.uk/parrots/conures/,/assets/parrots/conures/conure-orange-headed-03-thumb.webp,Orange-headed conures,meaningful,480,319,,lazy,auto,19094,review responsive source
https://crownwingparrots.co.uk/parrots/conures/,/assets/parrots/conures/conure-orange-headed-04-thumb.webp,Orange-headed conure,meaningful,480,319,,lazy,auto,15532,review responsive source
https://crownwingparrots.co.uk/parrots/conures/,/assets/parrots/conures/conure-green-01.webp,Conure parrot,meaningful,2000,1333,"/assets/parrots/conures/conure-green-01-thumb.webp 480w, /assets/parrots/conures/conure-green-01.webp 2000w",browser default,auto,135332,No mechanical finding; identity/stock not inferred
https://crownwingparrots.co.uk/parrots/eclectus/,/assets/parrots/eclectus/eclectus-female-01.webp,Female Eclectus parrot,meaningful,640,509,"/assets/parrots/eclectus/eclectus-female-01-thumb.webp 480w, /assets/parrots/eclectus/eclectus-female-01.webp 640w",eager,high,27970,No mechanical finding; identity/stock not inferred
https://crownwingparrots.co.uk/parrots/eclectus/,/assets/parrots/eclectus/eclectus-male-01-thumb.webp,Male Eclectus parrot,meaningful,480,319,,lazy,auto,16262,review responsive source
https://crownwingparrots.co.uk/parrots/eclectus/,/assets/parrots/eclectus/eclectus-male-02-thumb.webp,Male Eclectus parrot,meaningful,480,319,,lazy,auto,13698,review responsive source
https://crownwingparrots.co.uk/parrots/eclectus/,/assets/parrots/eclectus/eclectus-male-03-thumb.webp,Male Eclectus parrot,meaningful,480,319,,lazy,auto,18172,review responsive source
https://crownwingparrots.co.uk/parrots/eclectus/,/assets/parrots/eclectus/eclectus-female-02-thumb.webp,Female Eclectus parrot,meaningful,480,371,,lazy,auto,21108,review responsive source
https://crownwingparrots.co.uk/parrots/eclectus/,/assets/parrots/eclectus/eclectus-female-03-thumb.webp,Female Eclectus parrot,meaningful,392,480,,lazy,auto,30752,review responsive source
https://crownwingparrots.co.uk/parrots/eclectus/,/assets/parrots/eclectus/eclectus-female-04-thumb.webp,Female Eclectus parrot,meaningful,480,341,,lazy,auto,19346,review responsive source
https://crownwingparrots.co.uk/parrots/eclectus/,/assets/parrots/eclectus/eclectus-female-05-thumb.webp,Female Eclectus parrot,meaningful,480,360,,lazy,auto,41264,review responsive source
https://crownwingparrots.co.uk/parrots/eclectus/,/assets/parrots/eclectus/eclectus-female-06-thumb.webp,Female Eclectus parrot,meaningful,480,431,,lazy,auto,19276,review responsive source
https://crownwingparrots.co.uk/parrots/eclectus/,/assets/parrots/eclectus/eclectus-female-07-thumb.webp,Female Eclectus parrot,meaningful,473,480,,lazy,auto,47462,review responsive source
https://crownwingparrots.co.uk/parrots/eclectus/,/assets/parrots/eclectus/eclectus-female-08-thumb.webp,Female Eclectus parrot,meaningful,440,480,,lazy,auto,37850,review responsive source
https://crownwingparrots.co.uk/parrots/eclectus/,/assets/parrots/eclectus/eclectus-female-09-thumb.webp,Female Eclectus parrot,meaningful,282,480,,lazy,auto,28328,review responsive source
https://crownwingparrots.co.uk/parrots/eclectus/,/assets/parrots/eclectus/eclectus-pair-01-thumb.webp,Male and female Eclectus parrots,meaningful,480,284,,lazy,auto,45636,review responsive source
https://crownwingparrots.co.uk/parrots/eclectus/,/assets/parrots/eclectus/eclectus-female-01.webp,Female Eclectus parrot,meaningful,640,509,"/assets/parrots/eclectus/eclectus-female-01-thumb.webp 480w, /assets/parrots/eclectus/eclectus-female-01.webp 640w",browser default,auto,27970,No mechanical finding; identity/stock not inferred
https://crownwingparrots.co.uk/parrots/macaws/,/assets/parrots/macaws/macaw-17.webp,Blue-and-gold macaw,meaningful,1330,2000,"/assets/parrots/macaws/macaw-17-thumb.webp 319w, /assets/parrots/macaws/macaw-17.webp 1330w",eager,high,186620,No mechanical finding; identity/stock not inferred
https://crownwingparrots.co.uk/parrots/macaws/,/assets/parrots/macaws/macaw-01-thumb.webp,Macaw,meaningful,480,360,,lazy,auto,21240,review responsive source
https://crownwingparrots.co.uk/parrots/macaws/,/assets/parrots/macaws/macaw-02-thumb.webp,Macaw,meaningful,480,360,,lazy,auto,22582,review responsive source
https://crownwingparrots.co.uk/parrots/macaws/,/assets/parrots/macaws/macaw-03-thumb.webp,Macaw,meaningful,480,360,,lazy,auto,22528,review responsive source
https://crownwingparrots.co.uk/parrots/macaws/,/assets/parrots/macaws/macaw-04-thumb.webp,Macaw,meaningful,480,360,,lazy,auto,22442,review responsive source
https://crownwingparrots.co.uk/parrots/macaws/,/assets/parrots/macaws/macaw-05-thumb.webp,Macaw,meaningful,480,360,,lazy,auto,15142,review responsive source
https://crownwingparrots.co.uk/parrots/macaws/,/assets/parrots/macaws/macaw-06-thumb.webp,Macaw,meaningful,480,319,,lazy,auto,26476,review responsive source
https://crownwingparrots.co.uk/parrots/macaws/,/assets/parrots/macaws/macaw-07-thumb.webp,Macaw,meaningful,480,319,,lazy,auto,25814,review responsive source
https://crownwingparrots.co.uk/parrots/macaws/,/assets/parrots/macaws/macaw-08-thumb.webp,Macaw,meaningful,480,360,,lazy,auto,23064,review responsive source
https://crownwingparrots.co.uk/parrots/macaws/,/assets/parrots/macaws/macaw-09-thumb.webp,Green macaw,meaningful,319,480,,lazy,auto,19044,review responsive source
https://crownwingparrots.co.uk/parrots/macaws/,/assets/parrots/macaws/macaw-10-thumb.webp,Green macaw,meaningful,480,319,,lazy,auto,14510,review responsive source
https://crownwingparrots.co.uk/parrots/macaws/,/assets/parrots/macaws/macaw-11-thumb.webp,Macaw,meaningful,319,480,,lazy,auto,14598,review responsive source
https://crownwingparrots.co.uk/parrots/macaws/,/assets/parrots/macaws/macaw-12-thumb.webp,Macaw,meaningful,480,319,,lazy,auto,14150,review responsive source
https://crownwingparrots.co.uk/parrots/macaws/,/assets/parrots/macaws/macaw-13-thumb.webp,Blue-and-gold macaw,meaningful,480,319,,lazy,auto,7030,review responsive source
https://crownwingparrots.co.uk/parrots/macaws/,/assets/parrots/macaws/macaw-14-thumb.webp,Macaw,meaningful,480,319,,lazy,auto,13858,review responsive source
https://crownwingparrots.co.uk/parrots/macaws/,/assets/parrots/macaws/macaw-15-thumb.webp,Macaw,meaningful,480,319,,lazy,auto,12706,review responsive source
https://crownwingparrots.co.uk/parrots/macaws/,/assets/parrots/macaws/macaw-16-thumb.webp,Blue-and-gold macaw,meaningful,480,319,,lazy,auto,8990,review responsive source
https://crownwingparrots.co.uk/parrots/macaws/,/assets/parrots/macaws/macaw-18-thumb.webp,Blue-and-gold macaw,meaningful,319,480,,lazy,auto,12162,review responsive source
https://crownwingparrots.co.uk/parrots/macaws/,/assets/parrots/macaws/macaw-19-thumb.webp,Macaw,meaningful,480,319,,lazy,auto,13196,review responsive source
https://crownwingparrots.co.uk/parrots/macaws/,/assets/parrots/macaws/macaw-20-thumb.webp,Macaw,meaningful,480,319,,lazy,auto,11118,review responsive source
https://crownwingparrots.co.uk/parrots/macaws/,/assets/parrots/macaws/macaw-21-thumb.webp,Macaw,meaningful,480,319,,lazy,auto,14426,review responsive source
https://crownwingparrots.co.uk/parrots/macaws/,/assets/parrots/macaws/macaw-22-thumb.webp,Blue-and-gold macaw,meaningful,480,319,,lazy,auto,21478,review responsive source
https://crownwingparrots.co.uk/parrots/macaws/,/assets/parrots/macaws/macaw-23-thumb.webp,Macaw,meaningful,319,480,,lazy,auto,18804,review responsive source
https://crownwingparrots.co.uk/parrots/macaws/,/assets/parrots/macaws/macaw-24-thumb.webp,Macaw,meaningful,480,319,,lazy,auto,16792,review responsive source
https://crownwingparrots.co.uk/parrots/macaws/,/assets/parrots/macaws/macaw-25-thumb.webp,Macaw,meaningful,480,319,,lazy,auto,23546,review responsive source
https://crownwingparrots.co.uk/parrots/macaws/,/assets/parrots/macaws/macaw-26-thumb.webp,Macaw,meaningful,480,319,,lazy,auto,35638,review responsive source
https://crownwingparrots.co.uk/parrots/macaws/,/assets/parrots/macaws/macaw-27-thumb.webp,Macaw,meaningful,480,319,,lazy,auto,36044,review responsive source
https://crownwingparrots.co.uk/parrots/macaws/,/assets/parrots/macaws/macaw-28-thumb.webp,Blue-and-gold macaw,meaningful,480,319,,lazy,auto,20202,review responsive source
https://crownwingparrots.co.uk/parrots/macaws/,/assets/parrots/macaws/macaw-29-thumb.webp,Hyacinth macaw,meaningful,319,480,,lazy,auto,17520,review responsive source
https://crownwingparrots.co.uk/parrots/macaws/,/assets/parrots/macaws/macaw-30-thumb.webp,Hyacinth macaw,meaningful,480,319,,lazy,auto,14142,review responsive source
https://crownwingparrots.co.uk/parrots/macaws/,/assets/parrots/macaws/macaw-31-thumb.webp,Hyacinth macaw,meaningful,480,319,,lazy,auto,19904,review responsive source
https://crownwingparrots.co.uk/parrots/macaws/,/assets/parrots/macaws/macaw-32-thumb.webp,Hyacinth macaw,meaningful,319,480,,lazy,auto,18396,review responsive source
https://crownwingparrots.co.uk/parrots/macaws/,/assets/parrots/macaws/macaw-33-thumb.webp,Hyacinth macaw,meaningful,480,319,,lazy,auto,14760,review responsive source
https://crownwingparrots.co.uk/parrots/macaws/,/assets/parrots/macaws/macaw-34-thumb.webp,Green macaw,meaningful,480,319,,lazy,auto,21226,review responsive source
https://crownwingparrots.co.uk/parrots/macaws/,/assets/parrots/macaws/macaw-17.webp,Blue-and-gold macaw,meaningful,1330,2000,"/assets/parrots/macaws/macaw-17-thumb.webp 319w, /assets/parrots/macaws/macaw-17.webp 1330w",browser default,auto,186620,No mechanical finding; identity/stock not inferred
https://crownwingparrots.co.uk/parrots/macaws/blue-and-gold-macaw/,/assets/parrots/macaws/macaw-13.webp,Blue-and-gold macaw,meaningful,2000,1330,"/assets/parrots/macaws/macaw-13-thumb.webp 480w, /assets/parrots/macaws/macaw-13.webp 2000w",lazy,auto,108912,No mechanical finding; identity/stock not inferred
https://crownwingparrots.co.uk/parrots/macaws/blue-and-gold-macaw/,/assets/parrots/macaws/macaw-16.webp,Blue-and-gold macaw,meaningful,2000,1330,"/assets/parrots/macaws/macaw-16-thumb.webp 480w, /assets/parrots/macaws/macaw-16.webp 2000w",lazy,auto,127348,No mechanical finding; identity/stock not inferred
https://crownwingparrots.co.uk/parrots/macaws/blue-and-gold-macaw/,/assets/parrots/macaws/macaw-17.webp,Blue-and-gold macaw,meaningful,1330,2000,"/assets/parrots/macaws/macaw-17-thumb.webp 319w, /assets/parrots/macaws/macaw-17.webp 1330w",lazy,auto,186620,No mechanical finding; identity/stock not inferred
https://crownwingparrots.co.uk/parrots/macaws/blue-and-gold-macaw/,/assets/parrots/macaws/macaw-18.webp,Blue-and-gold macaw,meaningful,1330,2000,"/assets/parrots/macaws/macaw-18-thumb.webp 319w, /assets/parrots/macaws/macaw-18.webp 1330w",lazy,auto,165020,No mechanical finding; identity/stock not inferred
https://crownwingparrots.co.uk/parrots/parakeets-small-psittacines/,/assets/parrots/parakeets-small-psittacines/budgerigar-01.webp,Budgerigar,meaningful,2000,1333,"/assets/parrots/parakeets-small-psittacines/budgerigar-01-thumb.webp 480w, /assets/parrots/parakeets-small-psittacines/budgerigar-01.webp 2000w",eager,high,121070,No mechanical finding; identity/stock not inferred
https://crownwingparrots.co.uk/parrots/parakeets-small-psittacines/,/assets/parrots/parakeets-small-psittacines/budgerigar-02-thumb.webp,Budgerigar,meaningful,480,320,,lazy,auto,20254,review responsive source
https://crownwingparrots.co.uk/parrots/parakeets-small-psittacines/,/assets/parrots/parakeets-small-psittacines/alexandrine-parakeet-01-thumb.webp,Alexandrine parakeet,meaningful,480,319,,lazy,auto,7194,review responsive source
https://crownwingparrots.co.uk/parrots/parakeets-small-psittacines/,/assets/parrots/parakeets-small-psittacines/alexandrine-parakeet-02-thumb.webp,Alexandrine parakeet,meaningful,480,319,,lazy,auto,8324,review responsive source
https://crownwingparrots.co.uk/parrots/parakeets-small-psittacines/,/assets/parrots/parakeets-small-psittacines/alexandrine-parakeet-03-thumb.webp,Alexandrine parakeet,meaningful,480,319,,lazy,auto,7820,review responsive source
https://crownwingparrots.co.uk/parrots/parakeets-small-psittacines/,/assets/parrots/parakeets-small-psittacines/alexandrine-parakeet-04-thumb.webp,Alexandrine parakeet,meaningful,480,319,,lazy,auto,6152,review responsive source
https://crownwingparrots.co.uk/parrots/parakeets-small-psittacines/,/assets/parrots/parakeets-small-psittacines/alexandrine-parakeet-05-thumb.webp,Alexandrine parakeet,meaningful,319,480,,lazy,auto,15790,review responsive source
https://crownwingparrots.co.uk/parrots/parakeets-small-psittacines/,/assets/parrots/parakeets-small-psittacines/alexandrine-parakeet-06-thumb.webp,Alexandrine parakeet,meaningful,480,319,,lazy,auto,10954,review responsive source
https://crownwingparrots.co.uk/parrots/parakeets-small-psittacines/,/assets/parrots/parakeets-small-psittacines/alexandrine-parakeet-07-thumb.webp,Alexandrine parakeet,meaningful,480,319,,lazy,auto,7032,review responsive source
https://crownwingparrots.co.uk/parrots/parakeets-small-psittacines/,/assets/parrots/parakeets-small-psittacines/budgerigar-01.webp,Budgerigar,meaningful,2000,1333,"/assets/parrots/parakeets-small-psittacines/budgerigar-01-thumb.webp 480w, /assets/parrots/parakeets-small-psittacines/budgerigar-01.webp 2000w",browser default,auto,121070,No mechanical finding; identity/stock not inferred
https://crownwingparrots.co.uk/parrots/parakeets-small-psittacines/budgerigar/,/assets/parrots/parakeets-small-psittacines/budgerigar-01.webp,Budgerigar,meaningful,2000,1333,"/assets/parrots/parakeets-small-psittacines/budgerigar-01-thumb.webp 480w, /assets/parrots/parakeets-small-psittacines/budgerigar-01.webp 2000w",lazy,auto,121070,No mechanical finding; identity/stock not inferred
https://crownwingparrots.co.uk/parrots/parakeets-small-psittacines/budgerigar/,/assets/parrots/parakeets-small-psittacines/budgerigar-02.webp,Budgerigar,meaningful,2000,1333,"/assets/parrots/parakeets-small-psittacines/budgerigar-02-thumb.webp 480w, /assets/parrots/parakeets-small-psittacines/budgerigar-02.webp 2000w",lazy,auto,137056,No mechanical finding; identity/stock not inferred
