Keyword,Intent,Target URL,Current URL,Page classification,Search demand,Competition,Priority,Notes,Keyword role,Current ranking
Crownwing Parrots UK,Navigational / commercial investigation,https://crownwingparrots.co.uk/,https://crownwingparrots.co.uk/,A,Not measured,Not measured,HIGH,Intent-based editorial mapping; web examples do not prove volume or ranking. ,Primary,Unknown — no Search Console/rank-tracking access
Crownwing available parrots,Navigational / availability enquiry,https://crownwingparrots.co.uk/available-birds/,https://crownwingparrots.co.uk/available-birds/,A,Not measured,Not measured,HIGH,Intent-based editorial mapping; web examples do not prove volume or ranking. ,Primary,Unknown — no Search Console/rank-tracking access
Crownwing payments delivery cancellation policy,Trust/business / support,https://crownwingparrots.co.uk/business-policies/,https://crownwingparrots.co.uk/business-policies/,A,Not measured,Not measured,HIGH,Intent-based editorial mapping; web examples do not prove volume or ranking. ,Primary,Unknown — no Search Console/rank-tracking access
contact Crownwing Parrots,Navigational / support,https://crownwingparrots.co.uk/contact/,https://crownwingparrots.co.uk/contact/,A,Not measured,Not measured,HIGH,Intent-based editorial mapping; web examples do not prove volume or ranking. ,Primary,Unknown — no Search Console/rank-tracking access
Crownwing cookie policy,Trust/business / support,https://crownwingparrots.co.uk/cookie-policy/,https://crownwingparrots.co.uk/cookie-policy/,A,Not measured,Not measured,HIGH,Intent-based editorial mapping; web examples do not prove volume or ranking. ,Primary,Unknown — no Search Console/rank-tracking access
parrot buying and care guides UK,Navigational / informational discovery,https://crownwingparrots.co.uk/guides/,https://crownwingparrots.co.uk/guides/,A,Not measured,Not measured,MEDIUM,Intent-based editorial mapping; web examples do not prove volume or ranking. ,Primary,Unknown — no Search Console/rank-tracking access
questions to ask a parrot breeder,Informational,https://crownwingparrots.co.uk/guides/buying-a-parrot-checklist/,https://crownwingparrots.co.uk/guides/buying-a-parrot-checklist/,B,Not measured,Not measured,HIGH,Intent-based editorial mapping; web examples do not prove volume or ranking. ,Primary,Unknown — no Search Console/rank-tracking access
how to buy a parrot UK,Informational / commercial investigation,https://crownwingparrots.co.uk/guides/buying-a-parrot/,https://crownwingparrots.co.uk/guides/buying-a-parrot/,A,Not measured,Not measured,HIGH,Intent-based editorial mapping; web examples do not prove volume or ranking. ,Primary,Unknown — no Search Console/rank-tracking access
which parrot should I get,Commercial investigation / informational,https://crownwingparrots.co.uk/guides/choosing-a-parrot/,https://crownwingparrots.co.uk/guides/choosing-a-parrot/,A,Not measured,Not measured,HIGH,Intent-based editorial mapping; web examples do not prove volume or ranking. ,Primary,Unknown — no Search Console/rank-tracking access
CITES parrots UK,Regulatory/legal information,https://crownwingparrots.co.uk/guides/cites-parrots-uk/,https://crownwingparrots.co.uk/guides/cites-parrots-uk/,A,Not measured,Not measured,HIGH,Intent-based editorial mapping; web examples do not prove volume or ranking. ,Primary,Unknown — no Search Console/rank-tracking access
parrot diet,Informational,https://crownwingparrots.co.uk/guides/parrot-diet-nutrition/,https://crownwingparrots.co.uk/guides/parrot-diet-nutrition/,B,Not measured,Not measured,HIGH,Intent-based editorial mapping; web examples do not prove volume or ranking. ,Primary,Unknown — no Search Console/rank-tracking access
parrot cage size,Informational,https://crownwingparrots.co.uk/guides/parrot-housing-enrichment/,https://crownwingparrots.co.uk/guides/parrot-housing-enrichment/,B,Not measured,Not measured,HIGH,Intent-based editorial mapping; web examples do not prove volume or ranking. ,Primary,Unknown — no Search Console/rank-tracking access
cost of keeping a parrot UK,Informational / commercial investigation,https://crownwingparrots.co.uk/guides/parrot-ownership-costs/,https://crownwingparrots.co.uk/guides/parrot-ownership-costs/,A,Not measured,Not measured,HIGH,Intent-based editorial mapping; web examples do not prove volume or ranking. ,Primary,Unknown — no Search Console/rank-tracking access
preparing a home for a parrot,Informational,https://crownwingparrots.co.uk/guides/preparing-for-a-parrot/,https://crownwingparrots.co.uk/guides/preparing-for-a-parrot/,B,Not measured,Not measured,HIGH,Intent-based editorial mapping; web examples do not prove volume or ranking. ,Primary,Unknown — no Search Console/rank-tracking access
parrot buyer guides UK,Navigational / local-framed resource discovery,https://crownwingparrots.co.uk/guides/,https://crownwingparrots.co.uk/locations/,C,Not measured,Not measured,HIGH,Merge-source intent; target owns this topic after approval. Intent-based editorial mapping; web examples do not prove volume or ranking. ,Primary,Unknown — no Search Console/rank-tracking access
parrot movement Great Britain Northern Ireland,Regulatory/legal / buyer investigation,https://crownwingparrots.co.uk/locations/belfast/,https://crownwingparrots.co.uk/locations/belfast/,B,Not measured,Not measured,HIGH,Intent-based editorial mapping; web examples do not prove volume or ranking. ,Primary,Unknown — no Search Console/rank-tracking access
which parrot should I get,Commercial investigation / informational; local framing,https://crownwingparrots.co.uk/guides/choosing-a-parrot/,https://crownwingparrots.co.uk/locations/birmingham/,C,Not measured,Not measured,HIGH,Merge-source intent; target owns this topic after approval. Intent-based editorial mapping; web examples do not prove volume or ranking. ,Primary,Unknown — no Search Console/rank-tracking access
preparing a home for a parrot,Commercial investigation / informational; local framing,https://crownwingparrots.co.uk/guides/preparing-for-a-parrot/,https://crownwingparrots.co.uk/locations/bristol/,C,Not measured,Not measured,HIGH,Merge-source intent; target owns this topic after approval. Intent-based editorial mapping; web examples do not prove volume or ranking. ,Primary,Unknown — no Search Console/rank-tracking access
which parrot should I get,Commercial investigation / informational; local framing,https://crownwingparrots.co.uk/guides/choosing-a-parrot/,https://crownwingparrots.co.uk/locations/cardiff/,C,Not measured,Not measured,HIGH,Merge-source intent; target owns this topic after approval. Intent-based editorial mapping; web examples do not prove volume or ranking. ,Primary,Unknown — no Search Console/rank-tracking access
cost of keeping a parrot UK,Commercial investigation / informational; local framing,https://crownwingparrots.co.uk/guides/parrot-ownership-costs/,https://crownwingparrots.co.uk/locations/edinburgh/,C,Not measured,Not measured,HIGH,Merge-source intent; target owns this topic after approval. Intent-based editorial mapping; web examples do not prove volume or ranking. ,Primary,Unknown — no Search Console/rank-tracking access
parrot diet,Commercial investigation / informational; local framing,https://crownwingparrots.co.uk/guides/parrot-diet-nutrition/,https://crownwingparrots.co.uk/locations/glasgow/,C,Not measured,Not measured,HIGH,Merge-source intent; target owns this topic after approval. Intent-based editorial mapping; web examples do not prove volume or ranking. ,Primary,Unknown — no Search Console/rank-tracking access
parrot cage size,Commercial investigation / informational; local framing,https://crownwingparrots.co.uk/guides/parrot-housing-enrichment/,https://crownwingparrots.co.uk/locations/leeds/,C,Not measured,Not measured,HIGH,Merge-source intent; target owns this topic after approval. Intent-based editorial mapping; web examples do not prove volume or ranking. ,Primary,Unknown — no Search Console/rank-tracking access
questions to ask a parrot breeder,Commercial investigation / informational; local framing,https://crownwingparrots.co.uk/guides/buying-a-parrot-checklist/,https://crownwingparrots.co.uk/locations/liverpool/,C,Not measured,Not measured,HIGH,Merge-source intent; target owns this topic after approval. Intent-based editorial mapping; web examples do not prove volume or ranking. ,Primary,Unknown — no Search Console/rank-tracking access
which parrot should I get,Commercial investigation / informational; local framing,https://crownwingparrots.co.uk/guides/choosing-a-parrot/,https://crownwingparrots.co.uk/locations/london/,C,Not measured,Not measured,HIGH,Merge-source intent; target owns this topic after approval. Intent-based editorial mapping; web examples do not prove volume or ranking. ,Primary,Unknown — no Search Console/rank-tracking access
which parrot should I get,Commercial investigation / informational; local framing,https://crownwingparrots.co.uk/guides/choosing-a-parrot/,https://crownwingparrots.co.uk/locations/manchester/,C,Not measured,Not measured,HIGH,Merge-source intent; target owns this topic after approval. Intent-based editorial mapping; web examples do not prove volume or ranking. ,Primary,Unknown — no Search Console/rank-tracking access
questions to ask a parrot breeder,Commercial investigation / informational; local framing,https://crownwingparrots.co.uk/guides/buying-a-parrot-checklist/,https://crownwingparrots.co.uk/locations/newcastle/,C,Not measured,Not measured,HIGH,Merge-source intent; target owns this topic after approval. Intent-based editorial mapping; web examples do not prove volume or ranking. ,Primary,Unknown — no Search Console/rank-tracking access
which parrot should I get,Commercial investigation / informational; local framing,https://crownwingparrots.co.uk/guides/choosing-a-parrot/,https://crownwingparrots.co.uk/locations/nottingham/,C,Not measured,Not measured,HIGH,Merge-source intent; target owns this topic after approval. Intent-based editorial mapping; web examples do not prove volume or ranking. ,Primary,Unknown — no Search Console/rank-tracking access
parrot enrichment,Commercial investigation / informational; local framing,https://crownwingparrots.co.uk/guides/parrot-housing-enrichment/,https://crownwingparrots.co.uk/locations/sheffield/,C,Not measured,Not measured,HIGH,Merge-source intent; target owns this topic after approval. Intent-based editorial mapping; web examples do not prove volume or ranking. ,Primary,Unknown — no Search Console/rank-tracking access
about Crownwing Parrots,Trust/business / commercial investigation,https://crownwingparrots.co.uk/our-approach/,https://crownwingparrots.co.uk/our-approach/,B,Not measured,Not measured,HIGH,Intent-based editorial mapping; web examples do not prove volume or ranking. ,Primary,Unknown — no Search Console/rank-tracking access
parrot care guides,Informational discovery,https://crownwingparrots.co.uk/parrot-care/,https://crownwingparrots.co.uk/parrot-care/,A,Not measured,Not measured,MEDIUM,Intent-based editorial mapping; web examples do not prove volume or ranking. ,Primary,Unknown — no Search Console/rank-tracking access
parrot prices UK,Commercial investigation,https://crownwingparrots.co.uk/parrot-prices-uk/,https://crownwingparrots.co.uk/parrot-prices-uk/,B,Not measured,Not measured,HIGH,Intent-based editorial mapping; web examples do not prove volume or ranking. ,Primary,Unknown — no Search Console/rank-tracking access
parrots for sale UK,Transactional enquiry / commercial investigation,https://crownwingparrots.co.uk/parrots-for-sale/,https://crownwingparrots.co.uk/parrots-for-sale/,A,Not measured,Not measured,HIGH,Intent-based editorial mapping; web examples do not prove volume or ranking. ,Primary,Unknown — no Search Console/rank-tracking access
african grey parrots for sale UK,Transactional enquiry / commercial investigation,https://crownwingparrots.co.uk/parrots-for-sale/african-grey-parrots/,https://crownwingparrots.co.uk/parrots-for-sale/african-grey-parrots/,A,Not measured,Not measured,HIGH,Intent-based editorial mapping; web examples do not prove volume or ranking. ,Primary,Unknown — no Search Console/rank-tracking access
amazon parrots for sale UK,Transactional enquiry / commercial investigation,https://crownwingparrots.co.uk/parrots-for-sale/amazon-parrots/,https://crownwingparrots.co.uk/parrots-for-sale/amazon-parrots/,A,Not measured,Not measured,HIGH,Intent-based editorial mapping; web examples do not prove volume or ranking. ,Primary,Unknown — no Search Console/rank-tracking access
caique parrots for sale UK,Transactional enquiry / commercial investigation,https://crownwingparrots.co.uk/parrots-for-sale/caiques/,https://crownwingparrots.co.uk/parrots-for-sale/caiques/,A,Not measured,Not measured,HIGH,Intent-based editorial mapping; web examples do not prove volume or ranking. ,Primary,Unknown — no Search Console/rank-tracking access
cockatoo parrots for sale UK,Transactional enquiry / commercial investigation,https://crownwingparrots.co.uk/parrots-for-sale/cockatoos/,https://crownwingparrots.co.uk/parrots-for-sale/cockatoos/,A,Not measured,Not measured,HIGH,Intent-based editorial mapping; web examples do not prove volume or ranking. ,Primary,Unknown — no Search Console/rank-tracking access
conure parrots for sale UK,Transactional enquiry / commercial investigation,https://crownwingparrots.co.uk/parrots-for-sale/conures/,https://crownwingparrots.co.uk/parrots-for-sale/conures/,A,Not measured,Not measured,HIGH,Intent-based editorial mapping; web examples do not prove volume or ranking. ,Primary,Unknown — no Search Console/rank-tracking access
eclectus parrots for sale UK,Transactional enquiry / commercial investigation,https://crownwingparrots.co.uk/parrots-for-sale/eclectus-parrots/,https://crownwingparrots.co.uk/parrots-for-sale/eclectus-parrots/,A,Not measured,Not measured,HIGH,Intent-based editorial mapping; web examples do not prove volume or ranking. ,Primary,Unknown — no Search Console/rank-tracking access
large parrots for sale UK,Commercial investigation,https://crownwingparrots.co.uk/parrots-for-sale/large-parrots/,https://crownwingparrots.co.uk/parrots-for-sale/large-parrots/,A,Not measured,Not measured,MEDIUM,Intent-based editorial mapping; web examples do not prove volume or ranking. ,Primary,Unknown — no Search Console/rank-tracking access
macaw parrots for sale UK,Transactional enquiry / commercial investigation,https://crownwingparrots.co.uk/parrots-for-sale/macaws/,https://crownwingparrots.co.uk/parrots-for-sale/macaws/,A,Not measured,Not measured,HIGH,Intent-based editorial mapping; web examples do not prove volume or ranking. ,Primary,Unknown — no Search Console/rank-tracking access
budgies and parakeets for sale UK,Transactional enquiry / commercial investigation,https://crownwingparrots.co.uk/parrots-for-sale/parakeets-small-parrots/,https://crownwingparrots.co.uk/parrots-for-sale/parakeets-small-parrots/,A,Not measured,Not measured,HIGH,Intent-based editorial mapping; web examples do not prove volume or ranking. ,Primary,Unknown — no Search Console/rank-tracking access
small parrots for sale UK,Commercial investigation,https://crownwingparrots.co.uk/parrots-for-sale/small-parrots/,https://crownwingparrots.co.uk/parrots-for-sale/small-parrots/,A,Not measured,Not measured,MEDIUM,Intent-based editorial mapping; web examples do not prove volume or ranking. ,Primary,Unknown — no Search Console/rank-tracking access
talking parrots UK,Commercial investigation,https://crownwingparrots.co.uk/parrots-for-sale/talking-parrots/,https://crownwingparrots.co.uk/parrots-for-sale/talking-parrots/,A,Not measured,Not measured,MEDIUM,Intent-based editorial mapping; web examples do not prove volume or ranking. ,Primary,Unknown — no Search Console/rank-tracking access
parrot species guide,Informational discovery / commercial investigation,https://crownwingparrots.co.uk/parrots/,https://crownwingparrots.co.uk/parrots/,A,Not measured,Not measured,MEDIUM,Intent-based editorial mapping; web examples do not prove volume or ranking. ,Primary,Unknown — no Search Console/rank-tracking access
african grey parrot care,Informational / commercial investigation,https://crownwingparrots.co.uk/parrots/african-parrots/,https://crownwingparrots.co.uk/parrots/african-parrots/,A,Not measured,Not measured,MEDIUM,Intent-based editorial mapping; web examples do not prove volume or ranking. ,Primary,Unknown — no Search Console/rank-tracking access
congo african grey care,Informational / species-specific buyer investigation,https://crownwingparrots.co.uk/parrots/african-parrots/congo-african-grey-parrot/,https://crownwingparrots.co.uk/parrots/african-parrots/congo-african-grey-parrot/,B,Not measured,Not measured,MEDIUM,Intent-based editorial mapping; web examples do not prove volume or ranking. Exact offered-species scope requires owner confirmation.,Primary,Unknown — no Search Console/rank-tracking access
timneh parrot care,Informational / species-specific buyer investigation,https://crownwingparrots.co.uk/parrots/african-parrots/timneh-parrot/,https://crownwingparrots.co.uk/parrots/african-parrots/timneh-parrot/,B,Not measured,Not measured,MEDIUM,Intent-based editorial mapping; web examples do not prove volume or ranking. Exact offered-species scope requires owner confirmation.,Primary,Unknown — no Search Console/rank-tracking access
amazon parrot care,Informational / commercial investigation,https://crownwingparrots.co.uk/parrots/amazons/,https://crownwingparrots.co.uk/parrots/amazons/,A,Not measured,Not measured,MEDIUM,Intent-based editorial mapping; web examples do not prove volume or ranking. ,Primary,Unknown — no Search Console/rank-tracking access
blue-fronted amazon care,Informational / species-specific buyer investigation,https://crownwingparrots.co.uk/parrots/amazons/blue-fronted-amazon-parrot/,https://crownwingparrots.co.uk/parrots/amazons/blue-fronted-amazon-parrot/,B,Not measured,Not measured,MEDIUM,Intent-based editorial mapping; web examples do not prove volume or ranking. Exact offered-species scope requires owner confirmation.,Primary,Unknown — no Search Console/rank-tracking access
yellow-naped amazon care,Informational / species-specific buyer investigation,https://crownwingparrots.co.uk/parrots/amazons/yellow-naped-amazon-parrot/,https://crownwingparrots.co.uk/parrots/amazons/yellow-naped-amazon-parrot/,B,Not measured,Not measured,MEDIUM,Intent-based editorial mapping; web examples do not prove volume or ranking. Exact offered-species scope requires owner confirmation.,Primary,Unknown — no Search Console/rank-tracking access
caique parrot care,Informational / commercial investigation,https://crownwingparrots.co.uk/parrots/caiques/,https://crownwingparrots.co.uk/parrots/caiques/,A,Not measured,Not measured,MEDIUM,Intent-based editorial mapping; web examples do not prove volume or ranking. ,Primary,Unknown — no Search Console/rank-tracking access
black-headed caique care,Informational / species-specific buyer investigation,https://crownwingparrots.co.uk/parrots/caiques/black-headed-caique/,https://crownwingparrots.co.uk/parrots/caiques/black-headed-caique/,B,Not measured,Not measured,MEDIUM,Intent-based editorial mapping; web examples do not prove volume or ranking. Exact offered-species scope requires owner confirmation.,Primary,Unknown — no Search Console/rank-tracking access
white-bellied caique care,Informational / species-specific buyer investigation,https://crownwingparrots.co.uk/parrots/caiques/white-bellied-caique/,https://crownwingparrots.co.uk/parrots/caiques/white-bellied-caique/,B,Not measured,Not measured,MEDIUM,Intent-based editorial mapping; web examples do not prove volume or ranking. Exact offered-species scope requires owner confirmation.,Primary,Unknown — no Search Console/rank-tracking access
cockatoo parrot care,Informational / commercial investigation,https://crownwingparrots.co.uk/parrots/cockatoos/,https://crownwingparrots.co.uk/parrots/cockatoos/,A,Not measured,Not measured,MEDIUM,Intent-based editorial mapping; web examples do not prove volume or ranking. ,Primary,Unknown — no Search Console/rank-tracking access
galah cockatoo care,Informational / species-specific buyer investigation,https://crownwingparrots.co.uk/parrots/cockatoos/galah-cockatoo/,https://crownwingparrots.co.uk/parrots/cockatoos/galah-cockatoo/,B,Not measured,Not measured,MEDIUM,Intent-based editorial mapping; web examples do not prove volume or ranking. Exact offered-species scope requires owner confirmation.,Primary,Unknown — no Search Console/rank-tracking access
umbrella cockatoo care,Informational / species-specific buyer investigation,https://crownwingparrots.co.uk/parrots/cockatoos/umbrella-cockatoo/,https://crownwingparrots.co.uk/parrots/cockatoos/umbrella-cockatoo/,B,Not measured,Not measured,MEDIUM,Intent-based editorial mapping; web examples do not prove volume or ranking. Exact offered-species scope requires owner confirmation.,Primary,Unknown — no Search Console/rank-tracking access
conure parrot care,Informational / commercial investigation,https://crownwingparrots.co.uk/parrots/conures/,https://crownwingparrots.co.uk/parrots/conures/,A,Not measured,Not measured,MEDIUM,Intent-based editorial mapping; web examples do not prove volume or ranking. ,Primary,Unknown — no Search Console/rank-tracking access
green-cheeked conure care,Informational / species-specific buyer investigation,https://crownwingparrots.co.uk/parrots/conures/green-cheeked-conure/,https://crownwingparrots.co.uk/parrots/conures/green-cheeked-conure/,B,Not measured,Not measured,MEDIUM,Intent-based editorial mapping; web examples do not prove volume or ranking. Exact offered-species scope requires owner confirmation.,Primary,Unknown — no Search Console/rank-tracking access
sun conure care,Informational / species-specific buyer investigation,https://crownwingparrots.co.uk/parrots/conures/sun-conure/,https://crownwingparrots.co.uk/parrots/conures/sun-conure/,B,Not measured,Not measured,MEDIUM,Intent-based editorial mapping; web examples do not prove volume or ranking. Exact offered-species scope requires owner confirmation.,Primary,Unknown — no Search Console/rank-tracking access
eclectus parrot care,Informational / commercial investigation,https://crownwingparrots.co.uk/parrots/eclectus/,https://crownwingparrots.co.uk/parrots/eclectus/,A,Not measured,Not measured,MEDIUM,Intent-based editorial mapping; web examples do not prove volume or ranking. ,Primary,Unknown — no Search Console/rank-tracking access
papuan eclectus parrot care,Informational / species-specific buyer investigation,https://crownwingparrots.co.uk/parrots/eclectus/papuan-eclectus-parrot/,https://crownwingparrots.co.uk/parrots/eclectus/papuan-eclectus-parrot/,B,Not measured,Not measured,MEDIUM,Intent-based editorial mapping; web examples do not prove volume or ranking. Exact offered-species scope requires owner confirmation.,Primary,Unknown — no Search Console/rank-tracking access
macaw parrot care,Informational / commercial investigation,https://crownwingparrots.co.uk/parrots/macaws/,https://crownwingparrots.co.uk/parrots/macaws/,A,Not measured,Not measured,MEDIUM,Intent-based editorial mapping; web examples do not prove volume or ranking. ,Primary,Unknown — no Search Console/rank-tracking access
blue and gold macaw care,Informational / species-specific buyer investigation,https://crownwingparrots.co.uk/parrots/macaws/blue-and-gold-macaw/,https://crownwingparrots.co.uk/parrots/macaws/blue-and-gold-macaw/,B,Not measured,Not measured,MEDIUM,Intent-based editorial mapping; web examples do not prove volume or ranking. Exact offered-species scope requires owner confirmation.,Primary,Unknown — no Search Console/rank-tracking access
scarlet macaw care,Informational / species-specific buyer investigation,https://crownwingparrots.co.uk/parrots/macaws/scarlet-macaw/,https://crownwingparrots.co.uk/parrots/macaws/scarlet-macaw/,B,Not measured,Not measured,MEDIUM,Intent-based editorial mapping; web examples do not prove volume or ranking. Exact offered-species scope requires owner confirmation.,Primary,Unknown — no Search Console/rank-tracking access
budgie and parakeet care,Informational / commercial investigation,https://crownwingparrots.co.uk/parrots/parakeets-small-psittacines/,https://crownwingparrots.co.uk/parrots/parakeets-small-psittacines/,A,Not measured,Not measured,MEDIUM,Intent-based editorial mapping; web examples do not prove volume or ranking. ,Primary,Unknown — no Search Console/rank-tracking access
budgerigar care,Informational / species-specific buyer investigation,https://crownwingparrots.co.uk/parrots/parakeets-small-psittacines/budgerigar/,https://crownwingparrots.co.uk/parrots/parakeets-small-psittacines/budgerigar/,B,Not measured,Not measured,MEDIUM,Intent-based editorial mapping; web examples do not prove volume or ranking. Exact offered-species scope requires owner confirmation.,Primary,Unknown — no Search Console/rank-tracking access
indian ringneck parakeet care,Informational / species-specific buyer investigation,https://crownwingparrots.co.uk/parrots/parakeets-small-psittacines/indian-ringneck-parakeet/,https://crownwingparrots.co.uk/parrots/parakeets-small-psittacines/indian-ringneck-parakeet/,B,Not measured,Not measured,MEDIUM,Intent-based editorial mapping; web examples do not prove volume or ranking. Exact offered-species scope requires owner confirmation.,Primary,Unknown — no Search Console/rank-tracking access
peach-faced lovebird care,Informational / species-specific buyer investigation,https://crownwingparrots.co.uk/parrots/parakeets-small-psittacines/peach-faced-lovebird/,https://crownwingparrots.co.uk/parrots/parakeets-small-psittacines/peach-faced-lovebird/,B,Not measured,Not measured,MEDIUM,Intent-based editorial mapping; web examples do not prove volume or ranking. Exact offered-species scope requires owner confirmation.,Primary,Unknown — no Search Console/rank-tracking access
Crownwing privacy policy,Trust/business / support,https://crownwingparrots.co.uk/privacy-policy/,https://crownwingparrots.co.uk/privacy-policy/,A,Not measured,Not measured,HIGH,Intent-based editorial mapping; web examples do not prove volume or ranking. ,Primary,Unknown — no Search Console/rank-tracking access
parrot for sale UK,Transactional enquiry,https://crownwingparrots.co.uk/parrots-for-sale/,https://crownwingparrots.co.uk/parrots-for-sale/,A,Not measured,Not measured,HIGH,Variant of the national commercial intent.,Secondary / intent variant,Unknown — no Search Console/rank-tracking access
buy a parrot UK,Transactional enquiry,https://crownwingparrots.co.uk/parrots-for-sale/,https://crownwingparrots.co.uk/parrots-for-sale/,A,Not measured,Not measured,MEDIUM,Commercial purchase intent; how-to intent goes to the separate buying guide.,Secondary / intent variant,Unknown — no Search Console/rank-tracking access
parrots for sale,Transactional enquiry,https://crownwingparrots.co.uk/parrots-for-sale/,https://crownwingparrots.co.uk/parrots-for-sale/,A,Not measured,Not measured,HIGH,UK-scoped national hub; not another URL.,Secondary / intent variant,Unknown — no Search Console/rank-tracking access
pet parrots,Commercial investigation,https://crownwingparrots.co.uk/parrots-for-sale/,https://crownwingparrots.co.uk/parrots-for-sale/,A,Not measured,Not measured,MEDIUM,Commercial modifier only; research discovery can use /parrots/.,Secondary / intent variant,Unknown — no Search Console/rank-tracking access
parrots UK,Commercial investigation,https://crownwingparrots.co.uk/parrots-for-sale/,https://crownwingparrots.co.uk/parrots-for-sale/,A,Not measured,Not measured,MEDIUM,Broad phrase; no keyword stuffing or claim of exclusive intent.,Secondary / intent variant,Unknown — no Search Console/rank-tracking access
talking parrot for sale UK,Commercial investigation,https://crownwingparrots.co.uk/parrots-for-sale/talking-parrots/,https://crownwingparrots.co.uk/parrots-for-sale/talking-parrots/,A,Not measured,Not measured,HIGH,Potential speech is never a guarantee or a verified individual listing.,Secondary / intent variant,Unknown — no Search Console/rank-tracking access
tame parrots,Commercial investigation,https://crownwingparrots.co.uk/parrots-for-sale/,https://crownwingparrots.co.uk/parrots-for-sale/,A,Not measured,Not measured,MEDIUM,Background/handling enquiry only; no blanket tameness claim.,Secondary / intent variant,Unknown — no Search Console/rank-tracking access
hand reared parrots,Commercial investigation,https://crownwingparrots.co.uk/parrots-for-sale/,https://crownwingparrots.co.uk/parrots-for-sale/,A,Not measured,Not measured,MEDIUM,Individual rearing/weaning questions; do not claim all stock is hand-reared.,Secondary / intent variant,Unknown — no Search Console/rank-tracking access
baby parrots,Commercial investigation,https://crownwingparrots.co.uk/parrots-for-sale/,https://crownwingparrots.co.uk/parrots-for-sale/,A,Not measured,Not measured,MEDIUM,Known age/weaning questions only; no invented baby stock or age-specific landing page.,Secondary / intent variant,Unknown — no Search Console/rank-tracking access
African Grey Parrot UK,Commercial investigation / informational,https://crownwingparrots.co.uk/parrots/african-parrots/,https://crownwingparrots.co.uk/parrots/african-parrots/,A,Not measured,Not measured,MEDIUM,Research overview; explicit for-sale modifier belongs to its separate commercial route.,Secondary / intent variant,Unknown — no Search Console/rank-tracking access
African Grey Parrot for sale UK,Transactional enquiry,https://crownwingparrots.co.uk/parrots-for-sale/african-grey-parrots/,https://crownwingparrots.co.uk/parrots-for-sale/african-grey-parrots/,A,Not measured,Not measured,HIGH,Confirmed offered group; not proof of an exact individual.,Secondary / intent variant,Unknown — no Search Console/rank-tracking access
macaw for sale UK,Transactional enquiry,https://crownwingparrots.co.uk/parrots-for-sale/macaws/,https://crownwingparrots.co.uk/parrots-for-sale/macaws/,A,Not measured,Not measured,HIGH,Map singular query to existing macaw commercial category.,Secondary / intent variant,Unknown — no Search Console/rank-tracking access
cockatoo for sale UK,Transactional enquiry,https://crownwingparrots.co.uk/parrots-for-sale/cockatoos/,https://crownwingparrots.co.uk/parrots-for-sale/cockatoos/,A,Not measured,Not measured,HIGH,Use existing offered-group category.,Secondary / intent variant,Unknown — no Search Console/rank-tracking access
Amazon Parrot UK,Commercial investigation / informational,https://crownwingparrots.co.uk/parrots/amazons/,https://crownwingparrots.co.uk/parrots/amazons/,A,Not measured,Not measured,MEDIUM,Research overview; for-sale variant belongs to its commercial category.,Secondary / intent variant,Unknown — no Search Console/rank-tracking access
conure for sale UK,Transactional enquiry,https://crownwingparrots.co.uk/parrots-for-sale/conures/,https://crownwingparrots.co.uk/parrots-for-sale/conures/,A,Not measured,Not measured,HIGH,Use existing offered-group category.,Secondary / intent variant,Unknown — no Search Console/rank-tracking access
Eclectus Parrot UK,Commercial investigation / informational,https://crownwingparrots.co.uk/parrots/eclectus/,https://crownwingparrots.co.uk/parrots/eclectus/,A,Not measured,Not measured,MEDIUM,Research overview; exact taxonomy and individual must be checked.,Secondary / intent variant,Unknown — no Search Console/rank-tracking access
cockatiel for sale UK,Transactional enquiry,https://crownwingparrots.co.uk/parrots-for-sale/cockatoos/,https://crownwingparrots.co.uk/parrots-for-sale/cockatoos/,A,Not measured,Not measured,HIGH,"CONDITIONAL: logical group enquiry, not a confirmed Crownwing cockatiel offer. Owner must confirm before active targeting; no new page.",Secondary / intent variant,Unknown — no Search Console/rank-tracking access
how much does a parrot cost UK,Commercial investigation,https://crownwingparrots.co.uk/parrot-prices-uk/,https://crownwingparrots.co.uk/parrot-prices-uk/,B,Not measured,Not measured,MEDIUM,Purchase-price reading; lifetime/recurring-cost reading belongs to the ownership-cost guide.,Secondary / intent variant,Unknown — no Search Console/rank-tracking access
best parrot for first time owner,Commercial investigation,https://crownwingparrots.co.uk/guides/choosing-a-parrot/,https://crownwingparrots.co.uk/guides/choosing-a-parrot/,A,Not measured,Not measured,MEDIUM,"Compare needs, not an unsupported best/easiest ranking.",Secondary / intent variant,Unknown — no Search Console/rank-tracking access
are parrots good pets,Informational,https://crownwingparrots.co.uk/guides/choosing-a-parrot/,https://crownwingparrots.co.uk/guides/choosing-a-parrot/,A,Not measured,Not measured,MEDIUM,"Household suitability, noise/time and long-term responsibility.",Secondary / intent variant,Unknown — no Search Console/rank-tracking access
how long do parrots live,Informational,https://crownwingparrots.co.uk/parrots/,https://crownwingparrots.co.uk/parrots/,A,Not measured,Not measured,MEDIUM,Existing hub leads to specific lifespans; do not give one number for all parrots.,Secondary / intent variant,Unknown — no Search Console/rank-tracking access
how much does it cost to keep a parrot,Informational,https://crownwingparrots.co.uk/guides/parrot-ownership-costs/,https://crownwingparrots.co.uk/guides/parrot-ownership-costs/,A,Not measured,Not measured,MEDIUM,"Recurring, setup and uncertain costs; not purchase price.",Secondary / intent variant,Unknown — no Search Console/rank-tracking access
parrot care,Informational discovery,https://crownwingparrots.co.uk/parrot-care/,https://crownwingparrots.co.uk/parrot-care/,A,Not measured,Not measured,MEDIUM,Focused directory leading to substantive care guides.,Secondary / intent variant,Unknown — no Search Console/rank-tracking access
parrot toys,Informational,https://crownwingparrots.co.uk/guides/parrot-housing-enrichment/,https://crownwingparrots.co.uk/guides/parrot-housing-enrichment/,B,Not measured,Not measured,MEDIUM,Enrichment/safety intent only; Crownwing does not claim to sell accessories.,Secondary / intent variant,Unknown — no Search Console/rank-tracking access
parrot training,Informational,https://crownwingparrots.co.uk/guides/choosing-a-parrot/,https://crownwingparrots.co.uk/guides/choosing-a-parrot/,A,Not measured,Not measured,MEDIUM,"Partial coverage through group/species profiles and reward-based handling; genuine content gap, not proof of a complete training manual.",Secondary / intent variant,Unknown — no Search Console/rank-tracking access
parrot behaviour,Informational,https://crownwingparrots.co.uk/guides/choosing-a-parrot/,https://crownwingparrots.co.uk/guides/choosing-a-parrot/,A,Not measured,Not measured,MEDIUM,"Comparison and individual observations; partial coverage, not a specialist behaviour service.",Secondary / intent variant,Unknown — no Search Console/rank-tracking access
parrot socialisation,Informational,https://crownwingparrots.co.uk/guides/preparing-for-a-parrot/,https://crownwingparrots.co.uk/guides/preparing-for-a-parrot/,B,Not measured,Not measured,MEDIUM,Settling-in and supervised boundaries; deepen the existing resource before a new URL.,Secondary / intent variant,Unknown — no Search Console/rank-tracking access
parrot documentation UK,Regulatory/legal,https://crownwingparrots.co.uk/guides/cites-parrots-uk/,https://crownwingparrots.co.uk/guides/cites-parrots-uk/,A,Not measured,Not measured,MEDIUM,"Scientific identification, transaction and jurisdiction-specific checks.",Secondary / intent variant,Unknown — no Search Console/rank-tracking access
parrot import UK,Regulatory/legal,https://crownwingparrots.co.uk/guides/cites-parrots-uk/,https://crownwingparrots.co.uk/guides/cites-parrots-uk/,A,Not measured,Not measured,MEDIUM,"Border-check introduction and official links, not an import service or complete permitting manual.",Secondary / intent variant,Unknown — no Search Console/rank-tracking access
parrot registration UK,Regulatory/legal,https://crownwingparrots.co.uk/guides/cites-parrots-uk/,https://crownwingparrots.co.uk/guides/cites-parrots-uk/,A,Not measured,Not measured,MEDIUM,Distinguish CITES from bird-keeper registration and housing exemptions.,Secondary / intent variant,Unknown — no Search Console/rank-tracking access
bird keeper registration UK,Regulatory/legal,https://crownwingparrots.co.uk/guides/cites-parrots-uk/,https://crownwingparrots.co.uk/guides/cites-parrots-uk/,A,Not measured,Not measured,MEDIUM,"England/Wales, Scotland and NI sources; no single UK-wide rule.",Secondary / intent variant,Unknown — no Search Console/rank-tracking access
