URL,Page title,H1,Page type,Word count,Indexable?,Canonical URL,Status code,Primary topic,Search intent,Primary keyword,Secondary keywords,Internal links in,Internal links out,Duplicate/similar pages,Schema types,Image count,Content uniqueness,Recommended action,Priority,Classification,Cohort,Contextual inbound sources,Contextual outbound targets,Minimum clicks from home,Body fingerprint,Audited word count before changes,Current word count after safe changes,Audited title before changes,Implementation status,Audited status before implementation,Audited canonical before implementation,Current destination,Audited H1 before implementation
https://crownwingparrots.co.uk/,Parrot Breeder & Retailer UK | Crownwing Parrots,A little wild. A lot of wonder.,Commercial,397,Yes; canonical HTML (Google state unverified),https://crownwingparrots.co.uk/,200,Crownwing Parrots UK,Navigational / commercial investigation,Crownwing Parrots UK,UK parrot breeder; parrot retailer; Crownwing species,159,54,No verified same-intent merge; see all-pairs metrics,ImageObject; Organization; WebPage; WebSite,9,Audit baseline: Max five-word containment 0.423 with /parrots/; lexical metric is not intent judgment,"A — Keep the branded nature-led H1; strengthen links to the buying guide, policies and current group enquiries.",HIGH,A,Original 66,/available-birds/; /business-policies/; /contact/; /cookie-policy/; /guides/; /guides/buying-a-parrot-checklist/; /guides/buying-a-parrot/; /guides/choosing-a-parrot/; /guides/cites-parrots-uk/; /guides/parrot-diet-nutrition/; /guides/parrot-housing-enrichment/; /guides/parrot-ownership-costs/; /guides/preparing-for-a-parrot/; /locations/belfast/; /our-approach/; /parrot-care/; /parrot-prices-uk/; /parrots-for-sale/; /parrots-for-sale/african-grey-parrots/; /parrots-for-sale/amazon-parrots/; /parrots-for-sale/caiques/; /parrots-for-sale/cockatoos/; /parrots-for-sale/conures/; /parrots-for-sale/eclectus-parrots/; /parrots-for-sale/large-parrots/; /parrots-for-sale/macaws/; /parrots-for-sale/parakeets-small-parrots/; /parrots-for-sale/small-parrots/; /parrots-for-sale/talking-parrots/; /parrots/; /parrots/african-parrots/congo-african-grey-parrot/; /parrots/african-parrots/timneh-parrot/; /parrots/amazons/blue-fronted-amazon-parrot/; /parrots/amazons/yellow-naped-amazon-parrot/; /parrots/caiques/black-headed-caique/; /parrots/caiques/white-bellied-caique/; /parrots/cockatoos/galah-cockatoo/; /parrots/cockatoos/umbrella-cockatoo/; /parrots/conures/green-cheeked-conure/; /parrots/conures/sun-conure/; /parrots/eclectus/papuan-eclectus-parrot/; /parrots/macaws/blue-and-gold-macaw/; /parrots/macaws/scarlet-macaw/; /parrots/parakeets-small-psittacines/budgerigar/; /parrots/parakeets-small-psittacines/indian-ringneck-parakeet/; /parrots/parakeets-small-psittacines/peach-faced-lovebird/; /privacy-policy/,/available-birds/; /contact/; /guides/; /guides/buying-a-parrot-checklist/; /guides/choosing-a-parrot/; /guides/parrot-diet-nutrition/; /our-approach/; /parrot-care/; /parrot-prices-uk/; /parrots-for-sale/large-parrots/; /parrots-for-sale/small-parrots/; /parrots-for-sale/talking-parrots/; /parrots/; /parrots/african-parrots/; /parrots/amazons/; /parrots/caiques/; /parrots/cockatoos/; /parrots/conures/; /parrots/eclectus/; /parrots/macaws/; /parrots/parakeets-small-psittacines/,0,66bb7941d9dc7a78c907dfe817d645464d0b7e79f0596afa5bf1de4f01e42e2c,397,397,Parrot Breeder & Retailer UK | Crownwing Parrots,Retained; direct links/shared footer updated; owner-fact review remains where flagged,200,https://crownwingparrots.co.uk/,/,A little wild.A lot of wonder.
https://crownwingparrots.co.uk/available-birds/,Available Parrot Groups UK | Enquire | Crownwing | Crownwing Parrots,Available parrots. Details by enquiry.,Commercial,354,Yes; canonical HTML (Google state unverified),https://crownwingparrots.co.uk/available-birds/,200,Crownwing available parrots,Navigational / availability enquiry,Crownwing available parrots,available parrot groups; current bird enquiry,168,54,No verified same-intent merge; see all-pairs metrics,BreadcrumbList; ImageObject; ListItem; WebPage; WebSite,8,Audit baseline: Max five-word containment 0.096 with /; lexical metric is not intent judgment,A — Keep a branded range/enquiry role; make metadata explicitly about offered groups and individual details by enquiry.,HIGH,A,Original 66,/; /guides/; /parrots-for-sale/; /parrots/african-parrots/; /parrots/amazons/; /parrots/caiques/; /parrots/cockatoos/; /parrots/conures/; /parrots/eclectus/; /parrots/macaws/; /parrots/parakeets-small-psittacines/,/; /contact/; /parrots/african-parrots/; /parrots/amazons/; /parrots/caiques/; /parrots/cockatoos/; /parrots/conures/; /parrots/eclectus/; /parrots/macaws/; /parrots/parakeets-small-psittacines/,1,a48cdc25fdc626de66c7ef1748df27874b68d4723af12ab20591a82e18874f6c,354,354,"Available Parrots UK: Photos, Ages & Prices | Crownwing Parrots",Retained; direct links/shared footer updated; owner-fact review remains where flagged,200,https://crownwingparrots.co.uk/available-birds/,/available-birds/,Available parrots.Details by enquiry.
https://crownwingparrots.co.uk/business-policies/,"Payments, Delivery, Cancellation & Refund Policy | Crownwing Parrots","Payments, Delivery, Cancellation & Refund Policy",Policy,1303,Yes; canonical HTML (Google state unverified),https://crownwingparrots.co.uk/business-policies/,200,Crownwing payments delivery cancellation policy,Trust/business / support,Crownwing payments delivery cancellation policy,business contact; consumer information; Crownwing terms,62,25,No verified same-intent merge; see all-pairs metrics,BreadcrumbList; ImageObject; ListItem; WebPage; WebSite,0,Audit baseline: Max five-word containment 0.046 with /cookie-policy/; lexical metric is not intent judgment,A — Preserve confirmed terms and dated notices; keep policy links prominent without splitting them into thin keyword pages.,HIGH,A,Original 66,/guides/buying-a-parrot-checklist/; /parrot-prices-uk/,/; /guides/buying-a-parrot-checklist/; /privacy-policy/,1,f51ed5ca7adbcb3cb8df263c194640a505c0da9bbf26347fac53bd90779a4042,1303,1303,"Payments, Delivery, Cancellation & Refund Policy | Crownwing Parrots",Retained; direct links/shared footer updated; owner-fact review remains where flagged,200,https://crownwingparrots.co.uk/business-policies/,/business-policies/,"Payments, Delivery, Cancellation & Refund Policy"
https://crownwingparrots.co.uk/contact/,Contact Crownwing | Available Parrot Enquiries UK,Your next companion. Start with a conversation.,Other,136,Yes; canonical HTML (Google state unverified),https://crownwingparrots.co.uk/contact/,200,contact Crownwing Parrots,Navigational / support,contact Crownwing Parrots,parrot enquiry; downloadable enquiry; contact details,257,29,No verified same-intent merge; see all-pairs metrics,BreadcrumbList; ImageObject; ListItem; WebPage; WebSite,0,Audit baseline: Max five-word containment 0.053 with /privacy-policy/; lexical metric is not intent judgment,A — Keep concise and easy to reach; preserve the download-only disclosure and direct email options.,HIGH,A,Original 66,/; /available-birds/; /guides/; /guides/buying-a-parrot-checklist/; /guides/buying-a-parrot/; /parrot-prices-uk/; /parrots-for-sale/; /parrots/african-parrots/; /parrots/amazons/; /parrots/caiques/; /parrots/cockatoos/; /parrots/conures/; /parrots/eclectus/; /parrots/macaws/; /parrots/parakeets-small-psittacines/,/; /guides/buying-a-parrot-checklist/; /our-approach/,1,1db3c8f51468eb5d855fff2ccd1fb4dca741b721524afa2aadae3a5e76f482a4,136,136,Contact Crownwing | Available Parrot Enquiries UK,Retained; direct links/shared footer updated; owner-fact review remains where flagged,200,https://crownwingparrots.co.uk/contact/,/contact/,Your next companion.Start with a conversation.
https://crownwingparrots.co.uk/cookie-policy/,Cookie Policy | Crownwing Parrots,Cookie Policy,Policy,463,Yes; canonical HTML (Google state unverified),https://crownwingparrots.co.uk/cookie-policy/,200,Crownwing cookie policy,Trust/business / support,Crownwing cookie policy,business contact; consumer information; Crownwing terms,58,24,No verified same-intent merge; see all-pairs metrics,BreadcrumbList; ImageObject; ListItem; WebPage; WebSite,0,Audit baseline: Max five-word containment 0.046 with /business-policies/; lexical metric is not intent judgment,A — Preserve confirmed terms and dated notices; keep policy links prominent without splitting them into thin keyword pages.,HIGH,A,Original 66,,/; /privacy-policy/,1,3d0b783e0702ec7d8b4e0335a314956c4b8954772c073a30c9184df748f24b67,463,463,Cookie Policy | Crownwing Parrots,Retained; direct links/shared footer updated; owner-fact review remains where flagged,200,https://crownwingparrots.co.uk/cookie-policy/,/cookie-policy/,Cookie Policy
https://crownwingparrots.co.uk/guides/,"UK Parrot Guides | Buying, Care & Documentation | Crownwing Parrots",Parrot guides for a considered beginning,Guide,500,Yes; canonical HTML (Google state unverified),https://crownwingparrots.co.uk/guides/,200,parrot buying and care guides UK,Navigational / informational discovery,parrot buying and care guides UK,buyer resource library; UK parrot paperwork; care guides,122,47,/locations/,BreadcrumbList; ImageObject; ListItem; WebPage; WebSite,0,Audit baseline: Max five-word containment 0.027 with /guides/buying-a-parrot/; lexical metric is not intent judgment,A — Keep the library role; absorb useful regional-discovery navigation if location merges are approved.,MEDIUM,A,Later buyer-library addition,/; /guides/buying-a-parrot/; /guides/cites-parrots-uk/; /parrot-prices-uk/; /parrots/,/; /available-birds/; /contact/; /guides/buying-a-parrot-checklist/; /guides/buying-a-parrot/; /guides/choosing-a-parrot/; /guides/cites-parrots-uk/; /guides/parrot-diet-nutrition/; /guides/parrot-housing-enrichment/; /guides/parrot-ownership-costs/; /guides/preparing-for-a-parrot/; /locations/belfast/; /parrot-care/; /parrots-for-sale/; /parrots/,1,3cf783c13d86734f6a6968a36e1be6676e673993cdbcf11c9b2f4240fe057b0b,416,500,"UK Parrot Guides | Buying, Care & Documentation | Crownwing Parrots",Merged topical guidance applied,200,https://crownwingparrots.co.uk/guides/,/guides/,Parrot guides for a considered beginning
https://crownwingparrots.co.uk/guides/buying-a-parrot-checklist/,Buying a parrot in the UK: questions to ask | Crownwing Parrots,Your parrot buying checklist,Guide,976,Yes; canonical HTML (Google state unverified),https://crownwingparrots.co.uk/guides/buying-a-parrot-checklist/,200,questions to ask a parrot breeder,Informational,questions to ask a parrot breeder,parrot buying checklist; records; weaning; payment questions,47,42,/locations/liverpool/; /locations/newcastle/,Article; BreadcrumbList; ImageObject; ListItem; WebPage; WebSite,0,Audit baseline: Max five-word containment 0.013 with /locations/newcastle/; lexical metric is not intent judgment,"B — Add concrete seller questions and spaces/categories for documented, observed and unknown answers; keep it a usable checklist, not another cornerstone article.",HIGH,B,Original 66,/; /business-policies/; /contact/; /guides/; /guides/buying-a-parrot/; /guides/choosing-a-parrot/; /guides/preparing-for-a-parrot/; /parrot-care/; /parrot-prices-uk/; /parrots-for-sale/,/; /business-policies/; /contact/; /guides/buying-a-parrot/; /guides/cites-parrots-uk/; /guides/preparing-for-a-parrot/; /parrots-for-sale/,1,460e7676393b898d552d94d11b62b3d4edf156b09922a6d9185dc44c86f35c67,396,976,Buying a parrot in the UK: questions to ask | Crownwing Parrots,Merged topical guidance applied,200,https://crownwingparrots.co.uk/guides/buying-a-parrot-checklist/,/guides/buying-a-parrot-checklist/,Your parrot buying checklist
https://crownwingparrots.co.uk/guides/buying-a-parrot/,How to Buy a Parrot in the UK | Complete Buyer's Guide | Crownwing Parrots,How to buy a parrot in the UK,Guide,1699,Yes; canonical HTML (Google state unverified),https://crownwingparrots.co.uk/guides/buying-a-parrot/,200,how to buy a parrot UK,Informational / commercial investigation,how to buy a parrot UK,seller questions; buyer warning signs; weaning; first week; documentation,60,43,No verified same-intent merge; see all-pairs metrics,Article; BreadcrumbList; ImageObject; ListItem; WebPage; WebSite,0,Audit baseline: Max five-word containment 0.027 with /guides/; lexical metric is not intent judgment,A — Maintain as the buyer cornerstone; add relevant contextual links and preserve the manual-send explanation.,HIGH,A,Later buyer-library addition,/guides/; /guides/buying-a-parrot-checklist/; /guides/preparing-for-a-parrot/,/; /contact/; /guides/; /guides/buying-a-parrot-checklist/; /guides/choosing-a-parrot/; /guides/cites-parrots-uk/; /guides/parrot-diet-nutrition/; /guides/parrot-housing-enrichment/; /guides/parrot-ownership-costs/; /guides/preparing-for-a-parrot/; /parrot-prices-uk/; /parrots/,1,a89ec100bd9a2c39ab14f3b9afa22256951ce11a9484117f336d28ffba18d2cf,1699,1699,How to Buy a Parrot in the UK | Complete Buyer's Guide | Crownwing Parrots,Retained; direct links/shared footer updated; owner-fact review remains where flagged,200,https://crownwingparrots.co.uk/guides/buying-a-parrot/,/guides/buying-a-parrot/,How to buy a parrot in the UK
https://crownwingparrots.co.uk/guides/choosing-a-parrot/,Which Parrot Is Right for Me? | UK Comparison Guide | Crownwing Parrots,Choosing a parrot for your home,Guide,2200,Yes; canonical HTML (Google state unverified),https://crownwingparrots.co.uk/guides/choosing-a-parrot/,200,which parrot should I get,Commercial investigation / informational,which parrot should I get,best parrot for first time owner; household fit; noise; species comparison,39,42,/locations/birmingham/; /locations/cardiff/; /locations/london/; /locations/manchester/; /locations/nottingham/,Article; BreadcrumbList; ImageObject; ListItem; WebPage; WebSite,0,Audit baseline: Max five-word containment 0.048 with /parrots/conures/; lexical metric is not intent judgment,A — Keep the comparison; merge genuinely useful household-planning sections from city pages only after approval.,HIGH,A,Original 66,/; /guides/; /guides/buying-a-parrot/; /guides/parrot-ownership-costs/; /parrot-care/; /parrots/,/; /guides/buying-a-parrot-checklist/; /guides/parrot-diet-nutrition/; /guides/parrot-housing-enrichment/; /guides/parrot-ownership-costs/; /guides/preparing-for-a-parrot/; /parrots/,1,a11bd764ae181e98ef459a01767d0bf03a0ed71c8cc171eb5e2e25027995893f,1861,2200,Which Parrot Is Right for Me? | UK Comparison Guide | Crownwing Parrots,Merged topical guidance applied,200,https://crownwingparrots.co.uk/guides/choosing-a-parrot/,/guides/choosing-a-parrot/,Choosing a parrot for your home
https://crownwingparrots.co.uk/guides/cites-parrots-uk/,Parrot Documentation UK | CITES & Bird Registration | Crownwing Parrots,"Parrot documentation, CITES and UK registration",Guide,1635,Yes; canonical HTML (Google state unverified),https://crownwingparrots.co.uk/guides/cites-parrots-uk/,200,CITES parrots UK,Regulatory/legal information,CITES parrots UK,Article 10; parrot documentation; bird keeper registration; GB NI movement,64,28,No verified same-intent merge; see all-pairs metrics,Article; BreadcrumbList; ImageObject; ListItem; WebPage; WebSite,0,Audit baseline: Max five-word containment 0.012 with /guides/; lexical metric is not intent judgment,A — Keep this regulatory cornerstone; route documentation queries here and recheck official references before changing claims.,HIGH,A,Later buyer-library addition,/guides/; /guides/buying-a-parrot-checklist/; /guides/buying-a-parrot/; /guides/parrot-housing-enrichment/; /locations/belfast/,/; /guides/,1,f1c27c4578b39822ddc4bdf6bc239451f8e9d873c5391dcc41b944bb8bc4617d,1635,1635,Parrot Documentation UK | CITES & Bird Registration | Crownwing Parrots,Retained; direct links/shared footer updated; owner-fact review remains where flagged,200,https://crownwingparrots.co.uk/guides/cites-parrots-uk/,/guides/cites-parrots-uk/,"Parrot documentation, CITES and UK registration"
https://crownwingparrots.co.uk/guides/parrot-diet-nutrition/,Parrot diet and nutrition | Feeding guide | Crownwing Parrots,A balanced diet starts with the right species,Guide,874,Yes; canonical HTML (Google state unverified),https://crownwingparrots.co.uk/guides/parrot-diet-nutrition/,200,parrot diet,Informational,parrot diet,safe parrot food; changing diet; species nutrition; food hygiene,40,38,/locations/glasgow/,Article; BreadcrumbList; ImageObject; ListItem; WebPage; WebSite,0,Audit baseline: Max five-word containment 0.020 with /locations/glasgow/; lexical metric is not intent judgment,"B — Expand species-sensitive observation, food safety and gradual-change planning using welfare/veterinary sources; no universal percentages or supplement prescriptions.",HIGH,B,Original 66,/; /guides/; /guides/buying-a-parrot/; /guides/choosing-a-parrot/; /guides/preparing-for-a-parrot/; /parrot-care/,/; /guides/parrot-ownership-costs/; /guides/preparing-for-a-parrot/; /parrot-care/; /parrots/,1,5929c61f348bb27bed102a888edfe72625c9ca11d91085a9c6499256c4db199b,312,874,Parrot diet and nutrition | Feeding guide | Crownwing Parrots,Merged topical guidance applied,200,https://crownwingparrots.co.uk/guides/parrot-diet-nutrition/,/guides/parrot-diet-nutrition/,A balanced diet starts with the right species
https://crownwingparrots.co.uk/guides/parrot-housing-enrichment/,Parrot housing and enrichment | Home guide | Crownwing Parrots,A home designed for movement and curiosity,Guide,880,Yes; canonical HTML (Google state unverified),https://crownwingparrots.co.uk/guides/parrot-housing-enrichment/,200,parrot cage size,Informational,parrot cage size,safe parrot cage; enrichment; parrot toys; exercise; cage placement,43,39,/locations/leeds/; /locations/sheffield/,Article; BreadcrumbList; ImageObject; ListItem; WebPage; WebSite,0,Audit baseline: Max five-word containment 0.020 with /parrot-care/; lexical metric is not intent judgment,"B — Add room/cage/hardware screening, species-dependent movement examples, supervised activity and a sample enrichment review; avoid one cage size for every species.",HIGH,B,Original 66,/guides/; /guides/buying-a-parrot/; /guides/choosing-a-parrot/; /guides/parrot-ownership-costs/; /guides/preparing-for-a-parrot/; /parrot-care/,/; /guides/cites-parrots-uk/; /guides/parrot-ownership-costs/; /guides/preparing-for-a-parrot/,2,51c5cdf2289b1950ddf0501133d5ae4ea5774013f4252fb4ddcd57286a14c12e,292,880,Parrot housing and enrichment | Home guide | Crownwing Parrots,Merged topical guidance applied,200,https://crownwingparrots.co.uk/guides/parrot-housing-enrichment/,/guides/parrot-housing-enrichment/,A home designed for movement and curiosity
https://crownwingparrots.co.uk/guides/parrot-ownership-costs/,Cost of Keeping a Parrot UK | Budget Planner | Crownwing Parrots,The real cost is more than the purchase price,Guide,889,Yes; canonical HTML (Google state unverified),https://crownwingparrots.co.uk/guides/parrot-ownership-costs/,200,cost of keeping a parrot UK,Informational / commercial investigation,cost of keeping a parrot UK,monthly parrot costs; lifetime budget; setup costs; emergency reserve,93,38,/locations/edinburgh/,Article; BreadcrumbList; ImageObject; ListItem; WebPage; WebSite,0,Audit baseline: Max five-word containment 0.024 with /parrot-care/; lexical metric is not intent judgment,"A — Keep the independent cost role and safe calculator; strengthen backup-care and quote-source prompts, not invented figures.",HIGH,A,Original 66,/guides/; /guides/buying-a-parrot/; /guides/choosing-a-parrot/; /guides/parrot-diet-nutrition/; /guides/parrot-housing-enrichment/; /parrot-care/; /parrot-prices-uk/; /parrots-for-sale/,/; /guides/choosing-a-parrot/; /guides/parrot-housing-enrichment/; /parrot-prices-uk/; /parrots-for-sale/,1,76508027666d40eca43e7ecda371848d75e6686c6912d39a25821507939576c9,771,889,Cost of Keeping a Parrot UK | Budget Planner | Crownwing Parrots,Merged topical guidance applied,200,https://crownwingparrots.co.uk/guides/parrot-ownership-costs/,/guides/parrot-ownership-costs/,The real cost is more than the purchase price
https://crownwingparrots.co.uk/guides/preparing-for-a-parrot/,Preparing for a new parrot | First-week guide | Crownwing Parrots,Before your parrot comes home,Guide,860,Yes; canonical HTML (Google state unverified),https://crownwingparrots.co.uk/guides/preparing-for-a-parrot/,200,preparing a home for a parrot,Informational,preparing a home for a parrot,parrot home hazards; before handover; first week; veterinary preparation,70,40,/locations/bristol/,Article; BreadcrumbList; ImageObject; ListItem; WebPage; WebSite,0,Audit baseline: Max five-word containment 0.010 with /parrot-care/; lexical metric is not intent judgment,"B — Expand a source-backed room-safety checklist, handover-information list, quiet arrival plan and monitoring/vet-contact prompts; avoid duplicating the whole buying guide.",HIGH,B,Original 66,/guides/; /guides/buying-a-parrot-checklist/; /guides/buying-a-parrot/; /guides/choosing-a-parrot/; /guides/parrot-diet-nutrition/; /guides/parrot-housing-enrichment/; /parrot-care/; /parrots-for-sale/,/; /guides/buying-a-parrot-checklist/; /guides/buying-a-parrot/; /guides/parrot-diet-nutrition/; /guides/parrot-housing-enrichment/,1,02a57abf0766aea3cbde9357d94c748c4a96b7eb6776e7253c4afa903c53a141,295,860,Preparing for a new parrot | First-week guide | Crownwing Parrots,Merged topical guidance applied,200,https://crownwingparrots.co.uk/guides/preparing-for-a-parrot/,/guides/preparing-for-a-parrot/,Before your parrot comes home
https://crownwingparrots.co.uk/locations/,,,Other,0,No; HTTP 301,,301,parrot buyer guides UK,Navigational / local-framed resource discovery,parrot buyer guides UK,regional enquiries; household planning; Northern Ireland checks,0,0,/guides/; ,,0,Audit baseline: Max five-word containment 0.000 with ; lexical metric is not intent judgment,C — Move useful discovery copy and the Belfast/NI link to /guides/; use /contact/ for location-specific enquiry details; retire the directory through a tested 301 only with approval.,HIGH,C,Original 66,,,,,210,0,UK parrot city guides | Local buying enquiries | Crownwing Parrots,Approved merge complete; production-ready HTTP 301; not published yet,200,https://crownwingparrots.co.uk/locations/,/guides/,Your city.Your home.A considered choice.
https://crownwingparrots.co.uk/locations/belfast/,Parrot enquiry planning for Belfast | Crownwing Parrots,Parrots for Belfast homes,Other,811,Yes; canonical HTML (Google state unverified),https://crownwingparrots.co.uk/locations/belfast/,200,parrot movement Great Britain Northern Ireland,Regulatory/legal / buyer investigation,parrot movement Great Britain Northern Ireland,Belfast parrot enquiry; origin and destination; NI documentation,1,37,No verified same-intent merge; see all-pairs metrics,BreadcrumbList; ImageObject; ListItem; WebPage; WebSite,0,Audit baseline: Max five-word containment 0.023 with /locations/nottingham/; lexical metric is not intent judgment,"B — Retain only as a scoped Belfast/NI enquiry and movement-check aid: add official DAERA/APHA sources, connect to the main documentation guide and obtain owner confirmation of any proposed arrangement.",HIGH,B,Original 66,/guides/,/; /guides/cites-parrots-uk/,2,e00ee48a6d43c6a1206b44b2cba0a533f81ced963443460a90e3e5c02bba1ad2,504,811,Parrot enquiry planning for Belfast | Crownwing Parrots,Practical expansion applied; owner-fact limits remain,200,https://crownwingparrots.co.uk/locations/belfast/,/locations/belfast/,Parrots for Belfast homes
https://crownwingparrots.co.uk/locations/birmingham/,,,Other,0,No; HTTP 301,,301,which parrot should I get,Commercial investigation / informational; local framing,which parrot should I get,household agreement and responsibilities; city enquiry preparation,0,0,/guides/choosing-a-parrot/; /locations/cardiff/; /locations/london/; /locations/manchester/; /locations/nottingham/,,0,Audit baseline: Max five-word containment 0.022 with /locations/belfast/; lexical metric is not intent judgment,C — Preserve the useful household agreement and responsibilities material in /guides/choosing-a-parrot/; replace city-directory links with relevant resources/contact; then issue a single-hop 301 only after owner approval and production-host redirect support.,HIGH,C,Original 66,,,,,528,0,Parrot ownership questions for Birmingham households | Crownwing Parrots,Approved merge complete; production-ready HTTP 301; not published yet,200,https://crownwingparrots.co.uk/locations/birmingham/,/guides/choosing-a-parrot/,Parrots for Birmingham homes
https://crownwingparrots.co.uk/locations/bristol/,,,Other,0,No; HTTP 301,,301,preparing a home for a parrot,Commercial investigation / informational; local framing,preparing a home for a parrot,room safety and repeatable exercise; city enquiry preparation,0,0,/guides/preparing-for-a-parrot/; ,,0,Audit baseline: Max five-word containment 0.016 with /locations/newcastle/; lexical metric is not intent judgment,C — Preserve the useful room safety and repeatable exercise material in /guides/preparing-for-a-parrot/; replace city-directory links with relevant resources/contact; then issue a single-hop 301 only after owner approval and production-host redirect support.,HIGH,C,Original 66,,,,,513,0,Planning for a parrot in Bristol | Crownwing Parrots,Approved merge complete; production-ready HTTP 301; not published yet,200,https://crownwingparrots.co.uk/locations/bristol/,/guides/preparing-for-a-parrot/,Parrots for Bristol homes
https://crownwingparrots.co.uk/locations/cardiff/,,,Other,0,No; HTTP 301,,301,which parrot should I get,Commercial investigation / informational; local framing,which parrot should I get,household-based species shortlisting; city enquiry preparation,0,0,/guides/choosing-a-parrot/; /locations/birmingham/; /locations/london/; /locations/manchester/; /locations/nottingham/,,0,Audit baseline: Max five-word containment 0.012 with /locations/liverpool/; lexical metric is not intent judgment,C — Preserve the useful household-based species shortlisting material in /guides/choosing-a-parrot/; replace city-directory links with relevant resources/contact; then issue a single-hop 301 only after owner approval and production-host redirect support.,HIGH,C,Original 66,,,,,491,0,Choosing and enquiring about parrots in Cardiff | Crownwing Parrots,Approved merge complete; production-ready HTTP 301; not published yet,200,https://crownwingparrots.co.uk/locations/cardiff/,/guides/choosing-a-parrot/,Parrots for Cardiff homes
https://crownwingparrots.co.uk/locations/edinburgh/,,,Other,0,No; HTTP 301,,301,cost of keeping a parrot UK,Commercial investigation / informational; local framing,cost of keeping a parrot UK,continuity of care and backup planning; city enquiry preparation,0,0,/guides/parrot-ownership-costs/; ,,0,Audit baseline: Max five-word containment 0.014 with /locations/manchester/; lexical metric is not intent judgment,C — Preserve the useful continuity of care and backup planning material in /guides/parrot-ownership-costs/; replace city-directory links with relevant resources/contact; then issue a single-hop 301 only after owner approval and production-host redirect support.,HIGH,C,Original 66,,,,,499,0,Long-term parrot planning in Edinburgh | Crownwing Parrots,Approved merge complete; production-ready HTTP 301; not published yet,200,https://crownwingparrots.co.uk/locations/edinburgh/,/guides/parrot-ownership-costs/,Parrots for Edinburgh homes
https://crownwingparrots.co.uk/locations/glasgow/,,,Other,0,No; HTTP 301,,301,parrot diet,Commercial investigation / informational; local framing,parrot diet,established feeding routines; city enquiry preparation,0,0,/guides/parrot-diet-nutrition/; ,,0,Audit baseline: Max five-word containment 0.020 with /guides/parrot-diet-nutrition/; lexical metric is not intent judgment,C — Preserve the useful established feeding routines material in /guides/parrot-diet-nutrition/; replace city-directory links with relevant resources/contact; then issue a single-hop 301 only after owner approval and production-host redirect support.,HIGH,C,Original 66,,,,,483,0,Diet and routine questions for Glasgow parrot enquiries | Crownwing Parrots,Approved merge complete; production-ready HTTP 301; not published yet,200,https://crownwingparrots.co.uk/locations/glasgow/,/guides/parrot-diet-nutrition/,Parrots for Glasgow homes
https://crownwingparrots.co.uk/locations/leeds/,,,Other,0,No; HTTP 301,,301,parrot cage size,Commercial investigation / informational; local framing,parrot cage size,usable accommodation and equipment resources; city enquiry preparation,0,0,/guides/parrot-housing-enrichment/; /locations/sheffield/,,0,Audit baseline: Max five-word containment 0.014 with /locations/bristol/; lexical metric is not intent judgment,C — Preserve the useful usable accommodation and equipment resources material in /guides/parrot-housing-enrichment/; replace city-directory links with relevant resources/contact; then issue a single-hop 301 only after owner approval and production-host redirect support.,HIGH,C,Original 66,,,,,496,0,A practical parrot plan for Leeds | Crownwing Parrots,Approved merge complete; production-ready HTTP 301; not published yet,200,https://crownwingparrots.co.uk/locations/leeds/,/guides/parrot-housing-enrichment/,Parrots for Leeds homes
https://crownwingparrots.co.uk/locations/liverpool/,,,Other,0,No; HTTP 301,,301,questions to ask a parrot breeder,Commercial investigation / informational; local framing,questions to ask a parrot breeder,individual identity and recorded background; city enquiry preparation,0,0,/guides/buying-a-parrot-checklist/; /locations/newcastle/,,0,Audit baseline: Max five-word containment 0.019 with /locations/glasgow/; lexical metric is not intent judgment,C — Preserve the useful individual identity and recorded background material in /guides/buying-a-parrot-checklist/; replace city-directory links with relevant resources/contact; then issue a single-hop 301 only after owner approval and production-host redirect support.,HIGH,C,Original 66,,,,,494,0,Questions to ask when enquiring about parrots in Liverpool | Crownwing Parrots,Approved merge complete; production-ready HTTP 301; not published yet,200,https://crownwingparrots.co.uk/locations/liverpool/,/guides/buying-a-parrot-checklist/,Parrots for Liverpool homes
https://crownwingparrots.co.uk/locations/london/,,,Other,0,No; HTTP 301,,301,which parrot should I get,Commercial investigation / informational; local framing,which parrot should I get,usable space and shared living; city enquiry preparation,0,0,/guides/choosing-a-parrot/; /locations/birmingham/; /locations/cardiff/; /locations/manchester/; /locations/nottingham/,,0,Audit baseline: Max five-word containment 0.012 with /locations/leeds/; lexical metric is not intent judgment,C — Preserve the useful usable space and shared living material in /guides/choosing-a-parrot/; replace city-directory links with relevant resources/contact; then issue a single-hop 301 only after owner approval and production-host redirect support.,HIGH,C,Original 66,,,,,545,0,Parrot ownership planning for London homes | Crownwing Parrots,Approved merge complete; production-ready HTTP 301; not published yet,200,https://crownwingparrots.co.uk/locations/london/,/guides/choosing-a-parrot/,Parrots for London homes
https://crownwingparrots.co.uk/locations/manchester/,,,Other,0,No; HTTP 301,,301,which parrot should I get,Commercial investigation / informational; local framing,which parrot should I get,weekly care timetable and substitute carers; city enquiry preparation,0,0,/guides/choosing-a-parrot/; /locations/birmingham/; /locations/cardiff/; /locations/london/; /locations/nottingham/,,0,Audit baseline: Max five-word containment 0.016 with /locations/belfast/; lexical metric is not intent judgment,C — Preserve the useful weekly care timetable and substitute carers material in /guides/choosing-a-parrot/; replace city-directory links with relevant resources/contact; then issue a single-hop 301 only after owner approval and production-host redirect support.,HIGH,C,Original 66,,,,,519,0,Planning a parrot enquiry in Manchester | Crownwing Parrots,Approved merge complete; production-ready HTTP 301; not published yet,200,https://crownwingparrots.co.uk/locations/manchester/,/guides/choosing-a-parrot/,Parrots for Manchester homes
https://crownwingparrots.co.uk/locations/newcastle/,,,Other,0,No; HTTP 301,,301,questions to ask a parrot breeder,Commercial investigation / informational; local framing,questions to ask a parrot breeder,"confirmed identity, terms and handover logistics; city enquiry preparation",0,0,/guides/buying-a-parrot-checklist/; /locations/liverpool/,,0,Audit baseline: Max five-word containment 0.016 with /locations/bristol/; lexical metric is not intent judgment,"C — Preserve the useful confirmed identity, terms and handover logistics material in /guides/buying-a-parrot-checklist/; replace city-directory links with relevant resources/contact; then issue a single-hop 301 only after owner approval and production-host redirect support.",HIGH,C,Original 66,,,,,492,0,Parrot enquiry and transport planning for Newcastle | Crownwing Parrots,Approved merge complete; production-ready HTTP 301; not published yet,200,https://crownwingparrots.co.uk/locations/newcastle/,/guides/buying-a-parrot-checklist/,Parrots for Newcastle upon Tyne homes
https://crownwingparrots.co.uk/locations/nottingham/,,,Other,0,No; HTTP 301,,301,which parrot should I get,Commercial investigation / informational; local framing,which parrot should I get,first-time expectations and individual suitability; city enquiry preparation,0,0,/guides/choosing-a-parrot/; /locations/birmingham/; /locations/cardiff/; /locations/london/; /locations/manchester/,,0,Audit baseline: Max five-word containment 0.023 with /locations/belfast/; lexical metric is not intent judgment,C — Preserve the useful first-time expectations and individual suitability material in /guides/choosing-a-parrot/; replace city-directory links with relevant resources/contact; then issue a single-hop 301 only after owner approval and production-host redirect support.,HIGH,C,Original 66,,,,,489,0,Starting parrot research in Nottingham | Crownwing Parrots,Approved merge complete; production-ready HTTP 301; not published yet,200,https://crownwingparrots.co.uk/locations/nottingham/,/guides/choosing-a-parrot/,Parrots for Nottingham homes
https://crownwingparrots.co.uk/locations/sheffield/,,,Other,0,No; HTTP 301,,301,parrot enrichment,Commercial investigation / informational; local framing,parrot enrichment,"foraging, rest and supervised exercise; city enquiry preparation",0,0,/guides/parrot-housing-enrichment/; /locations/leeds/,,0,Audit baseline: Max five-word containment 0.008 with /locations/glasgow/; lexical metric is not intent judgment,"C — Preserve the useful foraging, rest and supervised exercise material in /guides/parrot-housing-enrichment/; replace city-directory links with relevant resources/contact; then issue a single-hop 301 only after owner approval and production-host redirect support.",HIGH,C,Original 66,,,,,493,0,Enrichment and parrot planning in Sheffield | Crownwing Parrots,Approved merge complete; production-ready HTTP 301; not published yet,200,https://crownwingparrots.co.uk/locations/sheffield/,/guides/parrot-housing-enrichment/,Parrots for Sheffield homes
https://crownwingparrots.co.uk/our-approach/,Parrot Breeder & Retailer | Our Approach | Crownwing,Breeder & retailer. Care at the heart of the choice.,Other,316,Yes; canonical HTML (Google state unverified),https://crownwingparrots.co.uk/our-approach/,200,about Crownwing Parrots,Trust/business / commercial investigation,about Crownwing Parrots,parrot breeder and retailer; buying process; aftercare questions,69,27,No verified same-intent merge; see all-pairs metrics,BreadcrumbList; ImageObject; ListItem; WebPage; WebSite,1,Audit baseline: Max five-word containment 0.003 with /guides/choosing-a-parrot/; lexical metric is not intent judgment,"B — Expand with owner-confirmed business identity, real care practices and precisely scoped buying/aftercare process; do not invent years, credentials or services.",HIGH,B,Original 66,/; /contact/,/; /parrot-care/,1,db0d5f7b6238fa4d266cd2e4e54d45d4254b15acd3b3820d2879e3a9b68916f7,316,316,Parrot Breeder & Retailer | Our Approach | Crownwing,Retained; direct links/shared footer updated; owner-fact review remains where flagged,200,https://crownwingparrots.co.uk/our-approach/,/our-approach/,Breeder & retailer.Care at the heart of the choice.
https://crownwingparrots.co.uk/parrot-care/,"Parrot care guides | Diet, housing & ownership UK | Crownwing Parrots",Better informed. Better prepared.,Guide,209,Yes; canonical HTML (Google state unverified),https://crownwingparrots.co.uk/parrot-care/,200,parrot care guides,Informational discovery,parrot care guides,diet guide; accommodation guide; ownership planning,72,40,No verified same-intent merge; see all-pairs metrics,BreadcrumbList; ImageObject; ListItem; WebPage; WebSite,0,Audit baseline: Max five-word containment 0.112 with /; lexical metric is not intent judgment,"A — Keep as the focused care entry point, linked within the broader buyer library; avoid duplicating its articles.",MEDIUM,A,Original 66,/; /guides/; /guides/parrot-diet-nutrition/; /our-approach/,/; /guides/buying-a-parrot-checklist/; /guides/choosing-a-parrot/; /guides/parrot-diet-nutrition/; /guides/parrot-housing-enrichment/; /guides/parrot-ownership-costs/; /guides/preparing-for-a-parrot/; /parrots/,1,d15d85a073ca9cd665463b10128666203ed94fbb7fc09547e14154a70c2c4c46,209,209,"Parrot care guides | Diet, housing & ownership UK | Crownwing Parrots",Retained; direct links/shared footer updated; owner-fact review remains where flagged,200,https://crownwingparrots.co.uk/parrot-care/,/parrot-care/,Better informed.Better prepared.
https://crownwingparrots.co.uk/parrot-prices-uk/,Parrot prices UK | Purchase & care costs | Buying enquiries | Crownwing Parrots,Understand the price. Plan the commitment.,Commercial,672,Yes; canonical HTML (Google state unverified),https://crownwingparrots.co.uk/parrot-prices-uk/,200,parrot prices UK,Commercial investigation,parrot prices UK,how much does a parrot cost UK; purchase quotation; price inclusions,61,38,No verified same-intent merge; see all-pairs metrics,BreadcrumbList; ImageObject; ListItem; WebPage; WebSite,0,Audit baseline: Max five-word containment 0.009 with /parrots-for-sale/amazon-parrots/; lexical metric is not intent judgment,B — Add a useful purchase-quote comparison and inclusion/exclusion checklist. Add real prices or ranges only after owner verification; link to the separate ownership budget.,HIGH,B,Original 66,/; /guides/buying-a-parrot/; /guides/parrot-ownership-costs/; /parrots/,/; /business-policies/; /contact/; /guides/; /guides/buying-a-parrot-checklist/; /guides/parrot-ownership-costs/,1,5eec35f52c66c4c9c51fbd81aa52c78d0a1d532fe6fe2f689e9c4eb5ee5a6502,342,672,Parrot prices UK | Purchase & care costs | Buying enquiries | Crownwing Parrots,Practical expansion applied; owner-fact limits remain,200,https://crownwingparrots.co.uk/parrot-prices-uk/,/parrot-prices-uk/,Understand the price.Plan the commitment.
https://crownwingparrots.co.uk/parrots-for-sale/,Parrots for Sale UK | Crownwing Parrots,Parrots for sale in the UK. A considered beginning.,Commercial,541,Yes; canonical HTML (Google state unverified),https://crownwingparrots.co.uk/parrots-for-sale/,200,parrots for sale UK,Transactional enquiry / commercial investigation,parrots for sale UK,parrot for sale UK; buy a parrot UK; pet parrots; Crownwing offered groups,123,53,No verified same-intent merge; see all-pairs metrics,BreadcrumbList; ImageObject; ListItem; WebPage; WebSite,0,Audit baseline: Max five-word containment 0.043 with /; lexical metric is not intent judgment,"A — Strengthen this established canonical instead of creating /parrots-for-sale-uk/ as a duplicate. Link directly to buyer, documentation and policy resources.",HIGH,A,Original 66,/guides/; /guides/buying-a-parrot-checklist/; /guides/parrot-ownership-costs/; /parrots/,/; /available-birds/; /contact/; /guides/buying-a-parrot-checklist/; /guides/parrot-ownership-costs/; /guides/preparing-for-a-parrot/; /parrots-for-sale/african-grey-parrots/; /parrots-for-sale/amazon-parrots/; /parrots-for-sale/caiques/; /parrots-for-sale/cockatoos/; /parrots-for-sale/conures/; /parrots-for-sale/eclectus-parrots/; /parrots-for-sale/macaws/; /parrots-for-sale/parakeets-small-parrots/; /parrots/,1,e92e39aced53d303447f54c5d8f1383ebaadc69ecf0ac4591b4c35d884777e1c,544,541,Parrots for Sale UK | Crownwing Parrots,Retained; direct links/shared footer updated; owner-fact review remains where flagged,200,https://crownwingparrots.co.uk/parrots-for-sale/,/parrots-for-sale/,Parrots for sale in the UK.A considered beginning.
https://crownwingparrots.co.uk/parrots-for-sale/african-grey-parrots/,African Grey Parrots for Sale UK | Crownwing Parrots,African Grey Parrots for Sale in the UK,Commercial,687,Yes; canonical HTML (Google state unverified),https://crownwingparrots.co.uk/parrots-for-sale/african-grey-parrots/,200,african grey parrots for sale UK,Transactional enquiry / commercial investigation,african grey parrots for sale UK,African grey availability; individual price; rearing history; buyer questions; handover,10,36,No verified same-intent merge; see all-pairs metrics,BreadcrumbList; ImageObject; ListItem; WebPage; WebSite,1,Audit baseline: Max five-word containment 0.046 with /parrots-for-sale/amazon-parrots/; lexical metric is not intent judgment,"A — Keep the buying intent; make links to the checklist, price guidance and documentation explicit; never invent listings or Product availability.",HIGH,A,Original 66,/parrots-for-sale/,/; /parrots/african-parrots/congo-african-grey-parrot/; /parrots/african-parrots/timneh-parrot/,2,83173f4c18acf8ebf912ae515cebc361acdc7b2124dcb167d92748eb279da852,687,687,African Grey Parrots for Sale UK | Crownwing Parrots,Retained; direct links/shared footer updated; owner-fact review remains where flagged,200,https://crownwingparrots.co.uk/parrots-for-sale/african-grey-parrots/,/parrots-for-sale/african-grey-parrots/,African Grey Parrots for Sale in the UK
https://crownwingparrots.co.uk/parrots-for-sale/amazon-parrots/,Amazon Parrots for Sale UK | Crownwing Parrots,Amazon Parrots for Sale in the UK,Commercial,615,Yes; canonical HTML (Google state unverified),https://crownwingparrots.co.uk/parrots-for-sale/amazon-parrots/,200,amazon parrots for sale UK,Transactional enquiry / commercial investigation,amazon parrots for sale UK,Amazon availability; individual price; rearing history; buyer questions; handover,9,36,No verified same-intent merge; see all-pairs metrics,BreadcrumbList; ImageObject; ListItem; WebPage; WebSite,1,Audit baseline: Max five-word containment 0.050 with /parrots-for-sale/eclectus-parrots/; lexical metric is not intent judgment,"A — Keep the buying intent; make links to the checklist, price guidance and documentation explicit; never invent listings or Product availability.",HIGH,A,Original 66,/parrots-for-sale/,/; /parrots/amazons/blue-fronted-amazon-parrot/; /parrots/amazons/yellow-naped-amazon-parrot/,2,cea3545aaf16f8f90a9e2adc1afa87545b0c7343a6a8ab955db5f66bd4582151,615,615,Amazon Parrots for Sale UK | Crownwing Parrots,Retained; direct links/shared footer updated; owner-fact review remains where flagged,200,https://crownwingparrots.co.uk/parrots-for-sale/amazon-parrots/,/parrots-for-sale/amazon-parrots/,Amazon Parrots for Sale in the UK
https://crownwingparrots.co.uk/parrots-for-sale/caiques/,Caique Parrots for Sale UK | Crownwing Parrots,Caique Parrots for Sale in the UK,Commercial,582,Yes; canonical HTML (Google state unverified),https://crownwingparrots.co.uk/parrots-for-sale/caiques/,200,caique parrots for sale UK,Transactional enquiry / commercial investigation,caique parrots for sale UK,Caique availability; individual price; rearing history; buyer questions; handover,6,36,No verified same-intent merge; see all-pairs metrics,BreadcrumbList; ImageObject; ListItem; WebPage; WebSite,1,Audit baseline: Max five-word containment 0.052 with /parrots-for-sale/parakeets-small-parrots/; lexical metric is not intent judgment,"A — Keep the buying intent; make links to the checklist, price guidance and documentation explicit; never invent listings or Product availability.",HIGH,A,Original 66,/parrots-for-sale/,/; /parrots/caiques/black-headed-caique/; /parrots/caiques/white-bellied-caique/,2,aefa0f90ffaffd8494969173ffb2195b1c1553c8dc1ce69eb811d33cdc837d72,582,582,Caique Parrots for Sale UK | Crownwing Parrots,Retained; direct links/shared footer updated; owner-fact review remains where flagged,200,https://crownwingparrots.co.uk/parrots-for-sale/caiques/,/parrots-for-sale/caiques/,Caique Parrots for Sale in the UK
https://crownwingparrots.co.uk/parrots-for-sale/cockatoos/,Cockatoo Parrots for Sale UK | Crownwing Parrots,Cockatoo Parrots for Sale in the UK,Commercial,621,Yes; canonical HTML (Google state unverified),https://crownwingparrots.co.uk/parrots-for-sale/cockatoos/,200,cockatoo parrots for sale UK,Transactional enquiry / commercial investigation,cockatoo parrots for sale UK,Cockatoo availability; individual price; rearing history; buyer questions; handover,8,36,No verified same-intent merge; see all-pairs metrics,BreadcrumbList; ImageObject; ListItem; WebPage; WebSite,1,Audit baseline: Max five-word containment 0.041 with /parrots-for-sale/eclectus-parrots/; lexical metric is not intent judgment,"A — Keep the buying intent; make links to the checklist, price guidance and documentation explicit; never invent listings or Product availability.",HIGH,A,Original 66,/parrots-for-sale/,/; /parrots/cockatoos/galah-cockatoo/; /parrots/cockatoos/umbrella-cockatoo/,2,f59c1114ded204c5f23e10455af60581aac8e48dad9ad5d20b524f6431440d72,621,621,Cockatoo Parrots for Sale UK | Crownwing Parrots,Retained; direct links/shared footer updated; owner-fact review remains where flagged,200,https://crownwingparrots.co.uk/parrots-for-sale/cockatoos/,/parrots-for-sale/cockatoos/,Cockatoo Parrots for Sale in the UK
https://crownwingparrots.co.uk/parrots-for-sale/conures/,Conure Parrots for Sale UK | Crownwing Parrots,Conure Parrots for Sale in the UK,Commercial,608,Yes; canonical HTML (Google state unverified),https://crownwingparrots.co.uk/parrots-for-sale/conures/,200,conure parrots for sale UK,Transactional enquiry / commercial investigation,conure parrots for sale UK,Conure availability; individual price; rearing history; buyer questions; handover,8,36,No verified same-intent merge; see all-pairs metrics,BreadcrumbList; ImageObject; ListItem; WebPage; WebSite,1,Audit baseline: Max five-word containment 0.047 with /parrots-for-sale/parakeets-small-parrots/; lexical metric is not intent judgment,"A — Keep the buying intent; make links to the checklist, price guidance and documentation explicit; never invent listings or Product availability.",HIGH,A,Original 66,/parrots-for-sale/,/; /parrots/conures/green-cheeked-conure/; /parrots/conures/sun-conure/,2,c6745dbc13122e74e7126628df5a5440eae897ee9c70e9d1f9ac886d76f3cd54,608,608,Conure Parrots for Sale UK | Crownwing Parrots,Retained; direct links/shared footer updated; owner-fact review remains where flagged,200,https://crownwingparrots.co.uk/parrots-for-sale/conures/,/parrots-for-sale/conures/,Conure Parrots for Sale in the UK
https://crownwingparrots.co.uk/parrots-for-sale/eclectus-parrots/,Eclectus Parrots for Sale UK | Crownwing Parrots,Eclectus Parrots for Sale in the UK,Commercial,588,Yes; canonical HTML (Google state unverified),https://crownwingparrots.co.uk/parrots-for-sale/eclectus-parrots/,200,eclectus parrots for sale UK,Transactional enquiry / commercial investigation,eclectus parrots for sale UK,Eclectus availability; individual price; rearing history; buyer questions; handover,7,35,No verified same-intent merge; see all-pairs metrics,BreadcrumbList; ImageObject; ListItem; WebPage; WebSite,1,Audit baseline: Max five-word containment 0.050 with /parrots-for-sale/amazon-parrots/; lexical metric is not intent judgment,"A — Keep the buying intent; make links to the checklist, price guidance and documentation explicit; never invent listings or Product availability.",HIGH,A,Original 66,/parrots-for-sale/,/; /parrots/eclectus/papuan-eclectus-parrot/,2,114650ae1e4839ac396dbe196e4985e26516c330ce8a2f0c658a49e57d9fbe7f,588,588,Eclectus Parrots for Sale UK | Crownwing Parrots,Retained; direct links/shared footer updated; owner-fact review remains where flagged,200,https://crownwingparrots.co.uk/parrots-for-sale/eclectus-parrots/,/parrots-for-sale/eclectus-parrots/,Eclectus Parrots for Sale in the UK
https://crownwingparrots.co.uk/parrots-for-sale/large-parrots/,"Large Parrots UK: Macaw, Cockatoo & Amazon Ownership | Crownwing Parrots",A remarkable presence. A substantial care plan.,Commercial,492,Yes; canonical HTML (Google state unverified),https://crownwingparrots.co.uk/parrots-for-sale/large-parrots/,200,large parrots for sale UK,Commercial investigation,large parrots for sale UK,"macaw/cockatoo/Amazon differences, tail clearance, dust and robust equipment; species comparison; individual enquiry",2,37,No verified same-intent merge; see all-pairs metrics,BreadcrumbList; ImageObject; ListItem; WebPage; WebSite,0,Audit baseline: Max five-word containment 0.045 with /parrots-for-sale/amazon-parrots/; lexical metric is not intent judgment,A — Keep the distinct buyer filter and its group links; preserve variation caveats and truthful individual enquiry.,MEDIUM,A,Original 66,/; /parrots/,/; /parrots/amazons/blue-fronted-amazon-parrot/; /parrots/amazons/yellow-naped-amazon-parrot/; /parrots/cockatoos/galah-cockatoo/; /parrots/cockatoos/umbrella-cockatoo/; /parrots/macaws/blue-and-gold-macaw/; /parrots/macaws/scarlet-macaw/,1,fd1c1995b753e9db307bb4a77ab58ca21c09fcee60f5b949e298eb366d782906,492,492,"Large Parrots UK: Macaw, Cockatoo & Amazon Ownership | Crownwing Parrots",Retained; direct links/shared footer updated; owner-fact review remains where flagged,200,https://crownwingparrots.co.uk/parrots-for-sale/large-parrots/,/parrots-for-sale/large-parrots/,A remarkable presence.A substantial care plan.
https://crownwingparrots.co.uk/parrots-for-sale/macaws/,Macaw Parrots for Sale UK | Crownwing Parrots,Macaw Parrots for Sale in the UK,Commercial,808,Yes; canonical HTML (Google state unverified),https://crownwingparrots.co.uk/parrots-for-sale/macaws/,200,macaw parrots for sale UK,Transactional enquiry / commercial investigation,macaw parrots for sale UK,Macaw availability; individual price; rearing history; buyer questions; handover,9,36,No verified same-intent merge; see all-pairs metrics,BreadcrumbList; ImageObject; ListItem; WebPage; WebSite,1,Audit baseline: Max five-word containment 0.049 with /parrots-for-sale/amazon-parrots/; lexical metric is not intent judgment,"A — Keep the buying intent; make links to the checklist, price guidance and documentation explicit; never invent listings or Product availability.",HIGH,A,Original 66,/parrots-for-sale/,/; /parrots/macaws/blue-and-gold-macaw/; /parrots/macaws/scarlet-macaw/,2,c1a22bdaf1777d453cc5157e3e1bfa2432bbfdef7d652549f89305bd53cfc271,808,808,Macaw Parrots for Sale UK | Crownwing Parrots,Retained; direct links/shared footer updated; owner-fact review remains where flagged,200,https://crownwingparrots.co.uk/parrots-for-sale/macaws/,/parrots-for-sale/macaws/,Macaw Parrots for Sale in the UK
https://crownwingparrots.co.uk/parrots-for-sale/parakeets-small-parrots/,Parakeets & Budgies for Sale UK | Crownwing Parrots,Parakeets & Budgies for Sale in the UK,Commercial,612,Yes; canonical HTML (Google state unverified),https://crownwingparrots.co.uk/parrots-for-sale/parakeets-small-parrots/,200,budgies and parakeets for sale UK,Transactional enquiry / commercial investigation,budgies and parakeets for sale UK,Budgie and parakeet availability; individual price; rearing history; buyer questions; handover,10,37,No verified same-intent merge; see all-pairs metrics,BreadcrumbList; ImageObject; ListItem; WebPage; WebSite,1,Audit baseline: Max five-word containment 0.052 with /parrots-for-sale/caiques/; lexical metric is not intent judgment,"A — Keep the buying intent; make links to the checklist, price guidance and documentation explicit; never invent listings or Product availability.",HIGH,A,Original 66,/parrots-for-sale/,/; /parrots/parakeets-small-psittacines/budgerigar/; /parrots/parakeets-small-psittacines/indian-ringneck-parakeet/; /parrots/parakeets-small-psittacines/peach-faced-lovebird/,2,a7ee272a5ec96d1dda7533293fed628401f4efd9adf3d3087e11e589cd5cc187,612,612,Parakeets & Budgies for Sale UK | Crownwing Parrots,Retained; direct links/shared footer updated; owner-fact review remains where flagged,200,https://crownwingparrots.co.uk/parrots-for-sale/parakeets-small-parrots/,/parrots-for-sale/parakeets-small-parrots/,Parakeets & Budgies for Sale in the UK
https://crownwingparrots.co.uk/parrots-for-sale/small-parrots/,"Small Parrots UK: Compare Budgies, Conures & Caiques | Crownwing Parrots",Small birds. Meaningful commitments.,Commercial,478,Yes; canonical HTML (Google state unverified),https://crownwingparrots.co.uk/parrots-for-sale/small-parrots/,200,small parrots for sale UK,Commercial investigation,small parrots for sale UK,"budgie/lovebird/conure/caique differences, flight and social planning; species comparison; individual enquiry",2,38,No verified same-intent merge; see all-pairs metrics,BreadcrumbList; ImageObject; ListItem; WebPage; WebSite,0,Audit baseline: Max five-word containment 0.051 with /parrots-for-sale/parakeets-small-parrots/; lexical metric is not intent judgment,A — Keep the distinct buyer filter and its group links; preserve variation caveats and truthful individual enquiry.,MEDIUM,A,Original 66,/; /parrots/,/; /parrots/caiques/black-headed-caique/; /parrots/caiques/white-bellied-caique/; /parrots/conures/green-cheeked-conure/; /parrots/conures/sun-conure/; /parrots/parakeets-small-psittacines/budgerigar/; /parrots/parakeets-small-psittacines/indian-ringneck-parakeet/; /parrots/parakeets-small-psittacines/peach-faced-lovebird/,1,ce09ec675fde09cae7378ca0f4d550d6dd7bc355eab46ce994c7dffce679b792,478,478,"Small Parrots UK: Compare Budgies, Conures & Caiques | Crownwing Parrots",Retained; direct links/shared footer updated; owner-fact review remains where flagged,200,https://crownwingparrots.co.uk/parrots-for-sale/small-parrots/,/parrots-for-sale/small-parrots/,Small birds.Meaningful commitments.
https://crownwingparrots.co.uk/parrots-for-sale/talking-parrots/,"Talking Parrots UK: Speech, Noise & Buying Questions | Crownwing Parrots",Considering a talking parrot?,Commercial,503,Yes; canonical HTML (Google state unverified),https://crownwingparrots.co.uk/parrots-for-sale/talking-parrots/,200,talking parrots UK,Commercial investigation,talking parrots UK,"learned speech versus natural calls, context and no guaranteed vocabulary; species comparison; individual enquiry",2,38,No verified same-intent merge; see all-pairs metrics,BreadcrumbList; ImageObject; ListItem; WebPage; WebSite,0,Audit baseline: Max five-word containment 0.051 with /parrots-for-sale/small-parrots/; lexical metric is not intent judgment,A — Keep the distinct buyer filter and its group links; preserve variation caveats and truthful individual enquiry.,MEDIUM,A,Original 66,/; /parrots/,/; /parrots/african-parrots/congo-african-grey-parrot/; /parrots/african-parrots/timneh-parrot/; /parrots/amazons/blue-fronted-amazon-parrot/; /parrots/amazons/yellow-naped-amazon-parrot/; /parrots/parakeets-small-psittacines/budgerigar/; /parrots/parakeets-small-psittacines/indian-ringneck-parakeet/; /parrots/parakeets-small-psittacines/peach-faced-lovebird/,1,1a198eabbbb0d9a21cca50227d44f07929f2d3bbc43552ea4bd760d4507de2f1,503,503,"Talking Parrots UK: Speech, Noise & Buying Questions | Crownwing Parrots",Retained; direct links/shared footer updated; owner-fact review remains where flagged,200,https://crownwingparrots.co.uk/parrots-for-sale/talking-parrots/,/parrots-for-sale/talking-parrots/,Considering a talking parrot?
https://crownwingparrots.co.uk/parrots/,Parrot species UK | Explore eight groups | Crownwing Parrots,Find your fascination.,Species,290,Yes; canonical HTML (Google state unverified),https://crownwingparrots.co.uk/parrots/,200,parrot species guide,Informational discovery / commercial investigation,parrot species guide,compare parrot groups; Crownwing collection; parrot characteristics,155,50,No verified same-intent merge; see all-pairs metrics,BreadcrumbList; ImageObject; ListItem; WebPage; WebSite,8,Audit baseline: Max five-word containment 0.423 with /; lexical metric is not intent judgment,A — Keep the educational overview; retain ordinary links to group care pages and clearly distinguish the commercial hub.,MEDIUM,A,Original 66,/; /guides/; /guides/buying-a-parrot/; /guides/choosing-a-parrot/; /guides/parrot-diet-nutrition/; /parrot-care/; /parrots-for-sale/; /parrots/african-parrots/; /parrots/african-parrots/congo-african-grey-parrot/; /parrots/african-parrots/timneh-parrot/; /parrots/amazons/; /parrots/amazons/blue-fronted-amazon-parrot/; /parrots/amazons/yellow-naped-amazon-parrot/; /parrots/caiques/; /parrots/caiques/black-headed-caique/; /parrots/caiques/white-bellied-caique/; /parrots/cockatoos/; /parrots/cockatoos/galah-cockatoo/; /parrots/cockatoos/umbrella-cockatoo/; /parrots/conures/; /parrots/conures/green-cheeked-conure/; /parrots/conures/sun-conure/; /parrots/eclectus/; /parrots/eclectus/papuan-eclectus-parrot/; /parrots/macaws/; /parrots/macaws/blue-and-gold-macaw/; /parrots/macaws/scarlet-macaw/; /parrots/parakeets-small-psittacines/; /parrots/parakeets-small-psittacines/budgerigar/; /parrots/parakeets-small-psittacines/indian-ringneck-parakeet/; /parrots/parakeets-small-psittacines/peach-faced-lovebird/,/; /guides/; /guides/choosing-a-parrot/; /parrot-prices-uk/; /parrots-for-sale/; /parrots-for-sale/large-parrots/; /parrots-for-sale/small-parrots/; /parrots-for-sale/talking-parrots/; /parrots/african-parrots/; /parrots/amazons/; /parrots/caiques/; /parrots/cockatoos/; /parrots/conures/; /parrots/eclectus/; /parrots/macaws/; /parrots/parakeets-small-psittacines/,1,8f0ab13dcb56602543183e8c6860ed68cd78738aa204ef6e12883cf022f78737,290,290,Parrot species UK | Explore eight groups | Crownwing Parrots,Retained; direct links/shared footer updated; owner-fact review remains where flagged,200,https://crownwingparrots.co.uk/parrots/,/parrots/,Find your fascination.
https://crownwingparrots.co.uk/parrots/african-parrots/,"African Grey Parrots: Size, Personality & Care | Crownwing Parrots",African Grey Parrots,Species,841,Yes; canonical HTML (Google state unverified),https://crownwingparrots.co.uk/parrots/african-parrots/,200,african grey parrot care,Informational / commercial investigation,african grey parrot care,African grey lifespan; temperament; diet; noise; housing; species comparison,36,57,No verified same-intent merge; see all-pairs metrics,BreadcrumbList; ImageObject; ListItem; WebPage; WebSite,8,Audit baseline: Max five-word containment 0.045 with /parrots/cockatoos/; lexical metric is not intent judgment,"A — Retain the group overview; strengthen verified references and contextual links to diet, housing, costs and documentation without duplicating the buying page.",MEDIUM,A,Original 66,/; /available-birds/; /parrots/; /parrots/african-parrots/congo-african-grey-parrot/; /parrots/african-parrots/timneh-parrot/,/available-birds/; /contact/; /parrots/; /parrots/african-parrots/congo-african-grey-parrot/; /parrots/african-parrots/timneh-parrot/,1,67892c8078c3025a085d7b5db34548b11ff6d797e301c1828b7b0f69ff79ca03,841,841,"African Grey Parrots: Size, Personality & Care | Crownwing Parrots",Retained; direct links/shared footer updated; owner-fact review remains where flagged,200,https://crownwingparrots.co.uk/parrots/african-parrots/,/parrots/african-parrots/,African Grey Parrots
https://crownwingparrots.co.uk/parrots/african-parrots/congo-african-grey-parrot/,"Congo African Grey Parrot: Care, Character and Ownership | Crownwing Parrots",Congo African Grey Parrot,Species,697,Yes; canonical HTML (Google state unverified),https://crownwingparrots.co.uk/parrots/african-parrots/congo-african-grey-parrot/,200,congo african grey care,Informational / species-specific buyer investigation,congo african grey care,Congo African grey size; lifespan; temperament; diet; housing; suitability,4,36,No verified same-intent merge; see all-pairs metrics,BreadcrumbList; ImageObject; ListItem; WebPage; WebSite,0,Audit baseline: Max five-word containment 0.032 with /parrots/african-parrots/timneh-parrot/; lexical metric is not intent judgment,B — Trace size/lifespan claims to credible references and add concrete routine/sensitivity questions and documentation identification prompts. Confirm with the owner that this exact species belongs in Crownwing's intended offered range before treating it as a commercial target; keep stock claims separate.,MEDIUM,B,Original 66,/parrots-for-sale/african-grey-parrots/; /parrots-for-sale/talking-parrots/; /parrots/african-parrots/,/; /parrots/; /parrots/african-parrots/,2,2dcb9013a2df8204e00b224461a1b589312ef0c72920e99393c90d56b27c1ff4,697,697,"Congo African Grey Parrot: Care, Character and Ownership | Crownwing Parrots",Retained; direct links/shared footer updated; owner-fact review remains where flagged,200,https://crownwingparrots.co.uk/parrots/african-parrots/congo-african-grey-parrot/,/parrots/african-parrots/congo-african-grey-parrot/,Congo African Grey Parrot
https://crownwingparrots.co.uk/parrots/african-parrots/timneh-parrot/,"Timneh Parrot: Personality, Size and Care Guide | Crownwing Parrots",Timneh Parrot,Species,703,Yes; canonical HTML (Google state unverified),https://crownwingparrots.co.uk/parrots/african-parrots/timneh-parrot/,200,timneh parrot care,Informational / species-specific buyer investigation,timneh parrot care,Timneh parrot size; lifespan; temperament; diet; housing; suitability,4,36,No verified same-intent merge; see all-pairs metrics,BreadcrumbList; ImageObject; ListItem; WebPage; WebSite,0,Audit baseline: Max five-word containment 0.032 with /parrots/african-parrots/congo-african-grey-parrot/; lexical metric is not intent judgment,"B — Reference current Psittacus timneh taxonomy and develop practical movement, routine and individual-history comparisons with Congo greys. Confirm with the owner that this exact species belongs in Crownwing's intended offered range before treating it as a commercial target; keep stock claims separate.",MEDIUM,B,Original 66,/parrots-for-sale/african-grey-parrots/; /parrots-for-sale/talking-parrots/; /parrots/african-parrots/,/; /parrots/; /parrots/african-parrots/,2,fe39c30f6551245c30eaf71cb3a54a184c498ea7270b6ab4cedc63afc6f9a908,703,703,"Timneh Parrot: Personality, Size and Care Guide | Crownwing Parrots",Retained; direct links/shared footer updated; owner-fact review remains where flagged,200,https://crownwingparrots.co.uk/parrots/african-parrots/timneh-parrot/,/parrots/african-parrots/timneh-parrot/,Timneh Parrot
https://crownwingparrots.co.uk/parrots/amazons/,"Amazon Parrots: Size, Personality & Care | Crownwing Parrots",Amazon Parrots,Species,839,Yes; canonical HTML (Google state unverified),https://crownwingparrots.co.uk/parrots/amazons/,200,amazon parrot care,Informational / commercial investigation,amazon parrot care,Amazon lifespan; temperament; diet; noise; housing; species comparison,36,57,No verified same-intent merge; see all-pairs metrics,BreadcrumbList; ImageObject; ListItem; WebPage; WebSite,7,Audit baseline: Max five-word containment 0.048 with /parrots-for-sale/talking-parrots/; lexical metric is not intent judgment,"A — Retain the group overview; strengthen verified references and contextual links to diet, housing, costs and documentation without duplicating the buying page.",MEDIUM,A,Original 66,/; /available-birds/; /parrots/; /parrots/amazons/blue-fronted-amazon-parrot/; /parrots/amazons/yellow-naped-amazon-parrot/,/available-birds/; /contact/; /parrots/; /parrots/amazons/blue-fronted-amazon-parrot/; /parrots/amazons/yellow-naped-amazon-parrot/,1,8424a6b3c29e96de22789c804a60e73602bc66e59919897df4015dc2cafd2f4b,839,839,"Amazon Parrots: Size, Personality & Care | Crownwing Parrots",Retained; direct links/shared footer updated; owner-fact review remains where flagged,200,https://crownwingparrots.co.uk/parrots/amazons/,/parrots/amazons/,Amazon Parrots
https://crownwingparrots.co.uk/parrots/amazons/blue-fronted-amazon-parrot/,Blue-fronted Amazon Parrot: Care and Character | Crownwing Parrots,Blue-fronted Amazon Parrot,Species,683,Yes; canonical HTML (Google state unverified),https://crownwingparrots.co.uk/parrots/amazons/blue-fronted-amazon-parrot/,200,blue-fronted amazon care,Informational / species-specific buyer investigation,blue-fronted amazon care,Blue-fronted Amazon size; lifespan; temperament; diet; housing; suitability,5,36,No verified same-intent merge; see all-pairs metrics,BreadcrumbList; ImageObject; ListItem; WebPage; WebSite,4,Audit baseline: Max five-word containment 0.044 with /parrots/caiques/black-headed-caique/; lexical metric is not intent judgment,"B — Source anatomy/lifespan claims and develop excitement, handling-boundary and household-noise planning rather than broad 'social bird' advice. Confirm with the owner that this exact species belongs in Crownwing's intended offered range before treating it as a commercial target; keep stock claims separate.",MEDIUM,B,Original 66,/parrots-for-sale/amazon-parrots/; /parrots-for-sale/large-parrots/; /parrots-for-sale/talking-parrots/; /parrots/amazons/,/; /parrots/; /parrots/amazons/,2,76af67b9b7ce19c8df98cdbc76ae451f839c98601d1be856f02822058689bd83,683,683,Blue-fronted Amazon Parrot: Care and Character | Crownwing Parrots,Retained; direct links/shared footer updated; owner-fact review remains where flagged,200,https://crownwingparrots.co.uk/parrots/amazons/blue-fronted-amazon-parrot/,/parrots/amazons/blue-fronted-amazon-parrot/,Blue-fronted Amazon Parrot
https://crownwingparrots.co.uk/parrots/amazons/yellow-naped-amazon-parrot/,Yellow-naped Amazon Parrot: Voice and Care | Crownwing Parrots,Yellow-naped Amazon Parrot,Species,671,Yes; canonical HTML (Google state unverified),https://crownwingparrots.co.uk/parrots/amazons/yellow-naped-amazon-parrot/,200,yellow-naped amazon care,Informational / species-specific buyer investigation,yellow-naped amazon care,Yellow-naped Amazon size; lifespan; temperament; diet; housing; suitability,5,36,No verified same-intent merge; see all-pairs metrics,BreadcrumbList; ImageObject; ListItem; WebPage; WebSite,0,Audit baseline: Max five-word containment 0.029 with /parrots/parakeets-small-psittacines/peach-faced-lovebird/; lexical metric is not intent judgment,B — Source species identity and long-term claims; connect exact scientific identification to the official documentation-check process without assuming a universal certificate rule. Confirm with the owner that this exact species belongs in Crownwing's intended offered range before treating it as a commercial target; keep stock claims separate.,MEDIUM,B,Original 66,/parrots-for-sale/amazon-parrots/; /parrots-for-sale/large-parrots/; /parrots-for-sale/talking-parrots/; /parrots/amazons/,/; /parrots/; /parrots/amazons/,2,41f2394ba9fb02643217566630b6d16372ade0036ced4f1883b9d2b8e8b050f7,671,671,Yellow-naped Amazon Parrot: Voice and Care | Crownwing Parrots,Retained; direct links/shared footer updated; owner-fact review remains where flagged,200,https://crownwingparrots.co.uk/parrots/amazons/yellow-naped-amazon-parrot/,/parrots/amazons/yellow-naped-amazon-parrot/,Yellow-naped Amazon Parrot
https://crownwingparrots.co.uk/parrots/caiques/,"Caique Parrots: Size, Personality & Care | Crownwing Parrots",Caique Parrots,Species,783,Yes; canonical HTML (Google state unverified),https://crownwingparrots.co.uk/parrots/caiques/,200,caique parrot care,Informational / commercial investigation,caique parrot care,Caique lifespan; temperament; diet; noise; housing; species comparison,33,57,No verified same-intent merge; see all-pairs metrics,BreadcrumbList; ImageObject; ListItem; WebPage; WebSite,7,Audit baseline: Max five-word containment 0.044 with /parrots/eclectus/; lexical metric is not intent judgment,"A — Retain the group overview; strengthen verified references and contextual links to diet, housing, costs and documentation without duplicating the buying page.",MEDIUM,A,Original 66,/; /available-birds/; /parrots/; /parrots/caiques/black-headed-caique/; /parrots/caiques/white-bellied-caique/,/available-birds/; /contact/; /parrots/; /parrots/caiques/black-headed-caique/; /parrots/caiques/white-bellied-caique/,1,9f5c63f4589b4513e1e7b57298fa6867c6821da2bb45666091f8621eef06af87,783,783,"Caique Parrots: Size, Personality & Care | Crownwing Parrots",Retained; direct links/shared footer updated; owner-fact review remains where flagged,200,https://crownwingparrots.co.uk/parrots/caiques/,/parrots/caiques/,Caique Parrots
https://crownwingparrots.co.uk/parrots/caiques/black-headed-caique/,"Black-headed Caique: Energy, Play and Care | Crownwing Parrots",Black-headed Caique,Species,640,Yes; canonical HTML (Google state unverified),https://crownwingparrots.co.uk/parrots/caiques/black-headed-caique/,200,black-headed caique care,Informational / species-specific buyer investigation,black-headed caique care,Black-headed caique size; lifespan; temperament; diet; housing; suitability,4,36,No verified same-intent merge; see all-pairs metrics,BreadcrumbList; ImageObject; ListItem; WebPage; WebSite,2,Audit baseline: Max five-word containment 0.044 with /parrots/amazons/blue-fronted-amazon-parrot/; lexical metric is not intent judgment,"B — Add sourced identification and concrete safe-play/supervision planning, including questions about interaction with other birds rather than assumed compatibility. Confirm with the owner that this exact species belongs in Crownwing's intended offered range before treating it as a commercial target; keep stock claims separate.",MEDIUM,B,Original 66,/parrots-for-sale/caiques/; /parrots-for-sale/small-parrots/; /parrots/caiques/,/; /parrots/; /parrots/caiques/,2,eccf8b31eb401efc05b835c630c308d8a6a6beca32970466216f3c22577fb091,640,640,"Black-headed Caique: Energy, Play and Care | Crownwing Parrots",Retained; direct links/shared footer updated; owner-fact review remains where flagged,200,https://crownwingparrots.co.uk/parrots/caiques/black-headed-caique/,/parrots/caiques/black-headed-caique/,Black-headed Caique
https://crownwingparrots.co.uk/parrots/caiques/white-bellied-caique/,White-bellied Caique: Personality and Care | Crownwing Parrots,White-bellied Caique,Species,671,Yes; canonical HTML (Google state unverified),https://crownwingparrots.co.uk/parrots/caiques/white-bellied-caique/,200,white-bellied caique care,Informational / species-specific buyer investigation,white-bellied caique care,White-bellied caique size; lifespan; temperament; diet; housing; suitability,4,36,No verified same-intent merge; see all-pairs metrics,BreadcrumbList; ImageObject; ListItem; WebPage; WebSite,4,Audit baseline: Max five-word containment 0.044 with /parrots/caiques/black-headed-caique/; lexical metric is not intent judgment,B — Verify the Pionites leucogaster treatment and add a practical activity/supervision plan and individual identification questions; do not treat all regional forms as interchangeable. Confirm with the owner that this exact species belongs in Crownwing's intended offered range before treating it as a commercial target; keep stock claims separate.,MEDIUM,B,Original 66,/parrots-for-sale/caiques/; /parrots-for-sale/small-parrots/; /parrots/caiques/,/; /parrots/; /parrots/caiques/,2,ff1ef8e8a339fa683bbc46373b83a54ad0e8e0f8762134ca99dd734caa940c8d,671,671,White-bellied Caique: Personality and Care | Crownwing Parrots,Retained; direct links/shared footer updated; owner-fact review remains where flagged,200,https://crownwingparrots.co.uk/parrots/caiques/white-bellied-caique/,/parrots/caiques/white-bellied-caique/,White-bellied Caique
https://crownwingparrots.co.uk/parrots/cockatoos/,"Cockatoo Parrots: Size, Personality & Care | Crownwing Parrots",Cockatoo Parrots,Species,831,Yes; canonical HTML (Google state unverified),https://crownwingparrots.co.uk/parrots/cockatoos/,200,cockatoo parrot care,Informational / commercial investigation,cockatoo parrot care,Cockatoo lifespan; temperament; diet; noise; housing; species comparison,34,57,No verified same-intent merge; see all-pairs metrics,BreadcrumbList; ImageObject; ListItem; WebPage; WebSite,9,Audit baseline: Max five-word containment 0.045 with /parrots/african-parrots/; lexical metric is not intent judgment,"A — Retain the group overview; strengthen verified references and contextual links to diet, housing, costs and documentation without duplicating the buying page.",MEDIUM,A,Original 66,/; /available-birds/; /parrots/; /parrots/cockatoos/galah-cockatoo/; /parrots/cockatoos/umbrella-cockatoo/,/available-birds/; /contact/; /parrots/; /parrots/cockatoos/galah-cockatoo/; /parrots/cockatoos/umbrella-cockatoo/,1,f8816b82dfc77273828cd92f8645523afc381207c6dc3e34bd8c496c950eaa7d,831,831,"Cockatoo Parrots: Size, Personality & Care | Crownwing Parrots",Retained; direct links/shared footer updated; owner-fact review remains where flagged,200,https://crownwingparrots.co.uk/parrots/cockatoos/,/parrots/cockatoos/,Cockatoo Parrots
https://crownwingparrots.co.uk/parrots/cockatoos/galah-cockatoo/,"Galah Cockatoo: Temperament, Size and Care | Crownwing Parrots",Galah Cockatoo,Species,688,Yes; canonical HTML (Google state unverified),https://crownwingparrots.co.uk/parrots/cockatoos/galah-cockatoo/,200,galah cockatoo care,Informational / species-specific buyer investigation,galah cockatoo care,Galah cockatoo size; lifespan; temperament; diet; housing; suitability,4,36,No verified same-intent merge; see all-pairs metrics,BreadcrumbList; ImageObject; ListItem; WebPage; WebSite,2,Audit baseline: Max five-word containment 0.032 with /parrots/caiques/white-bellied-caique/; lexical metric is not intent judgment,"B — Add referenced species information and specific nutrition/body-condition questions for an avian vet, with independent-activity and equipment planning; no medical or universal-diet prescription. Confirm with the owner that this exact species belongs in Crownwing's intended offered range before treating it as a commercial target; keep stock claims separate.",MEDIUM,B,Original 66,/parrots-for-sale/cockatoos/; /parrots-for-sale/large-parrots/; /parrots/cockatoos/,/; /parrots/; /parrots/cockatoos/,2,5127f75eb42abc2dae4081c38ab148b97b98a0fab87eb8217e367c1a29d418a0,688,688,"Galah Cockatoo: Temperament, Size and Care | Crownwing Parrots",Retained; direct links/shared footer updated; owner-fact review remains where flagged,200,https://crownwingparrots.co.uk/parrots/cockatoos/galah-cockatoo/,/parrots/cockatoos/galah-cockatoo/,Galah Cockatoo
https://crownwingparrots.co.uk/parrots/cockatoos/umbrella-cockatoo/,Umbrella Cockatoo: Social Needs and Care Guide | Crownwing Parrots,Umbrella Cockatoo,Species,668,Yes; canonical HTML (Google state unverified),https://crownwingparrots.co.uk/parrots/cockatoos/umbrella-cockatoo/,200,umbrella cockatoo care,Informational / species-specific buyer investigation,umbrella cockatoo care,Umbrella cockatoo size; lifespan; temperament; diet; housing; suitability,4,36,No verified same-intent merge; see all-pairs metrics,BreadcrumbList; ImageObject; ListItem; WebPage; WebSite,0,Audit baseline: Max five-word containment 0.021 with /parrots/amazons/yellow-naped-amazon-parrot/; lexical metric is not intent judgment,"B — Source adult scale/lifetime claims and develop usable movement, feather-dust/cleaning and independent-activity household checks. Confirm with the owner that this exact species belongs in Crownwing's intended offered range before treating it as a commercial target; keep stock claims separate.",MEDIUM,B,Original 66,/parrots-for-sale/cockatoos/; /parrots-for-sale/large-parrots/; /parrots/cockatoos/,/; /parrots/; /parrots/cockatoos/,2,60b3f5b2fa35d5bdee546f2e73b0a8ebc6219ea0ed785bd62cf1d14593f0e68d,668,668,Umbrella Cockatoo: Social Needs and Care Guide | Crownwing Parrots,Retained; direct links/shared footer updated; owner-fact review remains where flagged,200,https://crownwingparrots.co.uk/parrots/cockatoos/umbrella-cockatoo/,/parrots/cockatoos/umbrella-cockatoo/,Umbrella Cockatoo
https://crownwingparrots.co.uk/parrots/conures/,"Conure Parrots: Size, Personality & Care | Crownwing Parrots",Conure Parrots,Species,832,Yes; canonical HTML (Google state unverified),https://crownwingparrots.co.uk/parrots/conures/,200,conure parrot care,Informational / commercial investigation,conure parrot care,Conure lifespan; temperament; diet; noise; housing; species comparison,34,57,No verified same-intent merge; see all-pairs metrics,BreadcrumbList; ImageObject; ListItem; WebPage; WebSite,10,Audit baseline: Max five-word containment 0.048 with /guides/choosing-a-parrot/; lexical metric is not intent judgment,"A — Retain the group overview; strengthen verified references and contextual links to diet, housing, costs and documentation without duplicating the buying page.",MEDIUM,A,Original 66,/; /available-birds/; /parrots/; /parrots/conures/green-cheeked-conure/; /parrots/conures/sun-conure/,/available-birds/; /contact/; /parrots/; /parrots/conures/green-cheeked-conure/; /parrots/conures/sun-conure/,1,a5af730a55b0041fb1772d26c577720110ea8f78bfcba2eaa9caac2830a1b29f,832,832,"Conure Parrots: Size, Personality & Care | Crownwing Parrots",Retained; direct links/shared footer updated; owner-fact review remains where flagged,200,https://crownwingparrots.co.uk/parrots/conures/,/parrots/conures/,Conure Parrots
https://crownwingparrots.co.uk/parrots/conures/green-cheeked-conure/,Green-cheeked Conure: Personality and Care | Crownwing Parrots,Green-cheeked Conure,Species,663,Yes; canonical HTML (Google state unverified),https://crownwingparrots.co.uk/parrots/conures/green-cheeked-conure/,200,green-cheeked conure care,Informational / species-specific buyer investigation,green-cheeked conure care,Green-cheeked conure size; lifespan; temperament; diet; housing; suitability,4,36,No verified same-intent merge; see all-pairs metrics,BreadcrumbList; ImageObject; ListItem; WebPage; WebSite,0,Audit baseline: Max five-word containment 0.034 with /parrots/conures/sun-conure/; lexical metric is not intent judgment,B — Add referenced identity/range information and concrete small-bird equipment and daily exercise checks; compare noise with the Sun Conure without promising quietness. Confirm with the owner that this exact species belongs in Crownwing's intended offered range before treating it as a commercial target; keep stock claims separate.,MEDIUM,B,Original 66,/parrots-for-sale/conures/; /parrots-for-sale/small-parrots/; /parrots/conures/,/; /parrots/; /parrots/conures/,2,e0e23bad6fb53d5f0ea95eace6effbbea7afe4e5d1baf30ce24f51644e5f308a,663,663,Green-cheeked Conure: Personality and Care | Crownwing Parrots,Retained; direct links/shared footer updated; owner-fact review remains where flagged,200,https://crownwingparrots.co.uk/parrots/conures/green-cheeked-conure/,/parrots/conures/green-cheeked-conure/,Green-cheeked Conure
https://crownwingparrots.co.uk/parrots/conures/sun-conure/,"Sun Conure: Noise, Character and Care Guide | Crownwing Parrots",Sun Conure,Species,659,Yes; canonical HTML (Google state unverified),https://crownwingparrots.co.uk/parrots/conures/sun-conure/,200,sun conure care,Informational / species-specific buyer investigation,sun conure care,Sun conure size; lifespan; temperament; diet; housing; suitability,4,36,No verified same-intent merge; see all-pairs metrics,BreadcrumbList; ImageObject; ListItem; WebPage; WebSite,0,Audit baseline: Max five-word containment 0.034 with /parrots/conures/green-cheeked-conure/; lexical metric is not intent judgment,"B — Add referenced species facts and an actionable neighbour/noise and supervised-activity assessment; no guaranteed temperament, speech or numerical noise promise. Confirm with the owner that this exact species belongs in Crownwing's intended offered range before treating it as a commercial target; keep stock claims separate.",MEDIUM,B,Original 66,/parrots-for-sale/conures/; /parrots-for-sale/small-parrots/; /parrots/conures/,/; /parrots/; /parrots/conures/,2,43fe07ea41f3db95c09363a1091b9534a9eb1ffa41ece2d6874ba4661a6d7a34,659,659,"Sun Conure: Noise, Character and Care Guide | Crownwing Parrots",Retained; direct links/shared footer updated; owner-fact review remains where flagged,200,https://crownwingparrots.co.uk/parrots/conures/sun-conure/,/parrots/conures/sun-conure/,Sun Conure
https://crownwingparrots.co.uk/parrots/eclectus/,"Eclectus Parrots: Size, Personality & Care | Crownwing Parrots",Eclectus Parrots,Species,834,Yes; canonical HTML (Google state unverified),https://crownwingparrots.co.uk/parrots/eclectus/,200,eclectus parrot care,Informational / commercial investigation,eclectus parrot care,Eclectus lifespan; temperament; diet; noise; housing; species comparison,32,56,No verified same-intent merge; see all-pairs metrics,BreadcrumbList; ImageObject; ListItem; WebPage; WebSite,13,Audit baseline: Max five-word containment 0.044 with /parrots/caiques/; lexical metric is not intent judgment,"A — Retain the group overview; strengthen verified references and contextual links to diet, housing, costs and documentation without duplicating the buying page.",MEDIUM,A,Original 66,/; /available-birds/; /parrots/; /parrots/eclectus/papuan-eclectus-parrot/,/available-birds/; /contact/; /parrots/; /parrots/eclectus/papuan-eclectus-parrot/,1,edf87819beecc11d70774406bc15565f7d9db29e2e9e86f1f2fbb988d9ebaf05,834,834,"Eclectus Parrots: Size, Personality & Care | Crownwing Parrots",Retained; direct links/shared footer updated; owner-fact review remains where flagged,200,https://crownwingparrots.co.uk/parrots/eclectus/,/parrots/eclectus/,Eclectus Parrots
https://crownwingparrots.co.uk/parrots/eclectus/papuan-eclectus-parrot/,Papuan Eclectus Parrot: Appearance and Care | Crownwing Parrots,Papuan Eclectus Parrot,Species,676,Yes; canonical HTML (Google state unverified),https://crownwingparrots.co.uk/parrots/eclectus/papuan-eclectus-parrot/,200,papuan eclectus parrot care,Informational / species-specific buyer investigation,papuan eclectus parrot care,Papuan Eclectus parrot size; lifespan; temperament; diet; housing; suitability,2,35,No verified same-intent merge; see all-pairs metrics,BreadcrumbList; ImageObject; ListItem; WebPage; WebSite,0,Audit baseline: Max five-word containment 0.024 with /parrots/amazons/yellow-naped-amazon-parrot/; lexical metric is not intent judgment,"B — Build on the real taxonomy reference with source-backed feeding-observation, safe accommodation and veterinary discussion prompts; do not invent sex-based temperament or fixed nutrient rules. Confirm with the owner that this exact species belongs in Crownwing's intended offered range before treating it as a commercial target; keep stock claims separate.",MEDIUM,B,Original 66,/parrots-for-sale/eclectus-parrots/; /parrots/eclectus/,/; /parrots/; /parrots/eclectus/,2,f91135c48ae1c5ea1af62f98246221765e31310fc8e41674274b23c5846c1f03,676,676,Papuan Eclectus Parrot: Appearance and Care | Crownwing Parrots,Retained; direct links/shared footer updated; owner-fact review remains where flagged,200,https://crownwingparrots.co.uk/parrots/eclectus/papuan-eclectus-parrot/,/parrots/eclectus/papuan-eclectus-parrot/,Papuan Eclectus Parrot
https://crownwingparrots.co.uk/parrots/macaws/,"Macaw Parrots: Size, Personality & Care | Crownwing Parrots",Macaw Parrots,Species,863,Yes; canonical HTML (Google state unverified),https://crownwingparrots.co.uk/parrots/macaws/,200,macaw parrot care,Informational / commercial investigation,macaw parrot care,Macaw lifespan; temperament; diet; noise; housing; species comparison,35,57,No verified same-intent merge; see all-pairs metrics,BreadcrumbList; ImageObject; ListItem; WebPage; WebSite,34,Audit baseline: Max five-word containment 0.047 with /parrots/amazons/; lexical metric is not intent judgment,"A — Retain the group overview; strengthen verified references and contextual links to diet, housing, costs and documentation without duplicating the buying page.",MEDIUM,A,Original 66,/; /available-birds/; /parrots/; /parrots/macaws/blue-and-gold-macaw/; /parrots/macaws/scarlet-macaw/,/available-birds/; /contact/; /parrots/; /parrots/macaws/blue-and-gold-macaw/; /parrots/macaws/scarlet-macaw/,1,613c1e2ba0af3fb46b02e0e0f5d197634a38758a9c3f1936e1a8b9cda15c8d5b,863,863,"Macaw Parrots: Size, Personality & Care | Crownwing Parrots",Retained; direct links/shared footer updated; owner-fact review remains where flagged,200,https://crownwingparrots.co.uk/parrots/macaws/,/parrots/macaws/,Macaw Parrots
https://crownwingparrots.co.uk/parrots/macaws/blue-and-gold-macaw/,"Blue-and-gold Macaw: Size, Character and Care | Crownwing Parrots",Blue-and-gold Macaw,Species,701,Yes; canonical HTML (Google state unverified),https://crownwingparrots.co.uk/parrots/macaws/blue-and-gold-macaw/,200,blue and gold macaw care,Informational / species-specific buyer investigation,blue and gold macaw care,Blue and gold macaw size; lifespan; temperament; diet; housing; suitability,4,36,No verified same-intent merge; see all-pairs metrics,BreadcrumbList; ImageObject; ListItem; WebPage; WebSite,4,Audit baseline: Max five-word containment 0.032 with /parrots/amazons/blue-fronted-amazon-parrot/; lexical metric is not intent judgment,"B — Source size/lifetime information and develop room/landing-route, robust-equipment and transport questions linked to the ownership budget. Confirm with the owner that this exact species belongs in Crownwing's intended offered range before treating it as a commercial target; keep stock claims separate.",MEDIUM,B,Original 66,/parrots-for-sale/large-parrots/; /parrots-for-sale/macaws/; /parrots/macaws/,/; /parrots/; /parrots/macaws/,2,e2121cff8ecce4c32c2008a732c69a63a16388add5b9e57ccb8d1f1e47357eb9,701,701,"Blue-and-gold Macaw: Size, Character and Care | Crownwing Parrots",Retained; direct links/shared footer updated; owner-fact review remains where flagged,200,https://crownwingparrots.co.uk/parrots/macaws/blue-and-gold-macaw/,/parrots/macaws/blue-and-gold-macaw/,Blue-and-gold Macaw
https://crownwingparrots.co.uk/parrots/macaws/scarlet-macaw/,Scarlet Macaw: A Guide to Care and Ownership | Crownwing Parrots,Scarlet Macaw,Species,681,Yes; canonical HTML (Google state unverified),https://crownwingparrots.co.uk/parrots/macaws/scarlet-macaw/,200,scarlet macaw care,Informational / species-specific buyer investigation,scarlet macaw care,Scarlet macaw size; lifespan; temperament; diet; housing; suitability,4,36,No verified same-intent merge; see all-pairs metrics,BreadcrumbList; ImageObject; ListItem; WebPage; WebSite,0,Audit baseline: Max five-word containment 0.021 with /parrots/african-parrots/congo-african-grey-parrot/; lexical metric is not intent judgment,"B — Reference species identification and add actionable tail/wing-clearance, household-boundary and long-term-care planning rather than generic large-parrot advice. Confirm with the owner that this exact species belongs in Crownwing's intended offered range before treating it as a commercial target; keep stock claims separate.",MEDIUM,B,Original 66,/parrots-for-sale/large-parrots/; /parrots-for-sale/macaws/; /parrots/macaws/,/; /parrots/; /parrots/macaws/,2,2c244a424acbabfac3130dd9d0c268bed14676139023b453b28d6be98b56e7a4,681,681,Scarlet Macaw: A Guide to Care and Ownership | Crownwing Parrots,Retained; direct links/shared footer updated; owner-fact review remains where flagged,200,https://crownwingparrots.co.uk/parrots/macaws/scarlet-macaw/,/parrots/macaws/scarlet-macaw/,Scarlet Macaw
https://crownwingparrots.co.uk/parrots/parakeets-small-psittacines/,"Parakeets & Budgerigars: Size, Personality & Care | Crownwing Parrots",Parakeets & Budgerigars,Species,839,Yes; canonical HTML (Google state unverified),https://crownwingparrots.co.uk/parrots/parakeets-small-psittacines/,200,budgie and parakeet care,Informational / commercial investigation,budgie and parakeet care,Budgie and parakeet lifespan; temperament; diet; noise; housing; species comparison,38,58,No verified same-intent merge; see all-pairs metrics,BreadcrumbList; ImageObject; ListItem; WebPage; WebSite,9,Audit baseline: Max five-word containment 0.051 with /parrots-for-sale/small-parrots/; lexical metric is not intent judgment,"A — Retain the group overview; strengthen verified references and contextual links to diet, housing, costs and documentation without duplicating the buying page.",MEDIUM,A,Original 66,/; /available-birds/; /parrots/; /parrots/parakeets-small-psittacines/budgerigar/; /parrots/parakeets-small-psittacines/indian-ringneck-parakeet/; /parrots/parakeets-small-psittacines/peach-faced-lovebird/,/available-birds/; /contact/; /parrots/; /parrots/parakeets-small-psittacines/budgerigar/; /parrots/parakeets-small-psittacines/indian-ringneck-parakeet/; /parrots/parakeets-small-psittacines/peach-faced-lovebird/,1,0796933aedf96654f7e04e252db2e74b050513ced3e4f3a148edf2021791f57d,839,839,"Parakeets & Budgerigars: Size, Personality & Care | Crownwing Parrots",Retained; direct links/shared footer updated; owner-fact review remains where flagged,200,https://crownwingparrots.co.uk/parrots/parakeets-small-psittacines/,/parrots/parakeets-small-psittacines/,Parakeets & Budgerigars
https://crownwingparrots.co.uk/parrots/parakeets-small-psittacines/budgerigar/,"Budgerigar: Social Needs, Training and Care | Crownwing Parrots",Budgerigar,Species,672,Yes; canonical HTML (Google state unverified),https://crownwingparrots.co.uk/parrots/parakeets-small-psittacines/budgerigar/,200,budgerigar care,Informational / species-specific buyer investigation,budgerigar care,Budgerigar size; lifespan; temperament; diet; housing; suitability,6,37,No verified same-intent merge; see all-pairs metrics,BreadcrumbList; ImageObject; ListItem; WebPage; WebSite,2,Audit baseline: Max five-word containment 0.033 with /parrots/caiques/black-headed-caique/; lexical metric is not intent judgment,B — Add authoritative welfare references and practical social/flight/enclosure checks; discuss companion arrangements with suitable expert guidance rather than treating human attention as universally equivalent. Confirm with the owner that this exact species belongs in Crownwing's intended offered range before treating it as a commercial target; keep stock claims separate.,MEDIUM,B,Original 66,/parrots-for-sale/parakeets-small-parrots/; /parrots-for-sale/small-parrots/; /parrots-for-sale/talking-parrots/; /parrots/parakeets-small-psittacines/,/; /parrots/; /parrots/parakeets-small-psittacines/,2,b58ccd5a0ea1d52e132e1a9098cd1a9ee481aa118c15f014a8bd60e92d7e9496,672,672,"Budgerigar: Social Needs, Training and Care | Crownwing Parrots",Retained; direct links/shared footer updated; owner-fact review remains where flagged,200,https://crownwingparrots.co.uk/parrots/parakeets-small-psittacines/budgerigar/,/parrots/parakeets-small-psittacines/budgerigar/,Budgerigar
https://crownwingparrots.co.uk/parrots/parakeets-small-psittacines/indian-ringneck-parakeet/,Indian Ringneck Parakeet: Character and Care | Crownwing Parrots,Indian Ringneck Parakeet,Species,630,Yes; canonical HTML (Google state unverified),https://crownwingparrots.co.uk/parrots/parakeets-small-psittacines/indian-ringneck-parakeet/,200,indian ringneck parakeet care,Informational / species-specific buyer investigation,indian ringneck parakeet care,Indian ringneck parakeet size; lifespan; temperament; diet; housing; suitability,6,37,No verified same-intent merge; see all-pairs metrics,BreadcrumbList; ImageObject; ListItem; WebPage; WebSite,0,Audit baseline: Max five-word containment 0.030 with /parrots/conures/sun-conure/; lexical metric is not intent judgment,"B — Source identity and lifespan statements and develop patient socialisation, flight and individual-history questions; neck-ring appearance is not a complete sex record. Confirm with the owner that this exact species belongs in Crownwing's intended offered range before treating it as a commercial target; keep stock claims separate.",MEDIUM,B,Original 66,/parrots-for-sale/parakeets-small-parrots/; /parrots-for-sale/small-parrots/; /parrots-for-sale/talking-parrots/; /parrots/parakeets-small-psittacines/,/; /parrots/; /parrots/parakeets-small-psittacines/,2,851ff504eadf18240148ee23b5a887c9bd9c57e63894f1505ddf0596b61ef50a,630,630,Indian Ringneck Parakeet: Character and Care | Crownwing Parrots,Retained; direct links/shared footer updated; owner-fact review remains where flagged,200,https://crownwingparrots.co.uk/parrots/parakeets-small-psittacines/indian-ringneck-parakeet/,/parrots/parakeets-small-psittacines/indian-ringneck-parakeet/,Indian Ringneck Parakeet
https://crownwingparrots.co.uk/parrots/parakeets-small-psittacines/peach-faced-lovebird/,Peach-faced Lovebird: Social Life and Care | Crownwing Parrots,Peach-faced Lovebird,Species,629,Yes; canonical HTML (Google state unverified),https://crownwingparrots.co.uk/parrots/parakeets-small-psittacines/peach-faced-lovebird/,200,peach-faced lovebird care,Informational / species-specific buyer investigation,peach-faced lovebird care,Peach-faced lovebird size; lifespan; temperament; diet; housing; suitability,6,37,No verified same-intent merge; see all-pairs metrics,BreadcrumbList; ImageObject; ListItem; WebPage; WebSite,0,Audit baseline: Max five-word containment 0.029 with /parrots/amazons/yellow-naped-amazon-parrot/; lexical metric is not intent judgment,"B — Reference identification and social-welfare claims; add practical safe movement, companion-history and supervised-interaction planning without assuming pair compatibility. Confirm with the owner that this exact species belongs in Crownwing's intended offered range before treating it as a commercial target; keep stock claims separate.",MEDIUM,B,Original 66,/parrots-for-sale/parakeets-small-parrots/; /parrots-for-sale/small-parrots/; /parrots-for-sale/talking-parrots/; /parrots/parakeets-small-psittacines/,/; /parrots/; /parrots/parakeets-small-psittacines/,2,bb124bae13d41778178e570bddee39760ce3ad1ef07c48edaf22a57543d5138f,629,629,Peach-faced Lovebird: Social Life and Care | Crownwing Parrots,Retained; direct links/shared footer updated; owner-fact review remains where flagged,200,https://crownwingparrots.co.uk/parrots/parakeets-small-psittacines/peach-faced-lovebird/,/parrots/parakeets-small-psittacines/peach-faced-lovebird/,Peach-faced Lovebird
https://crownwingparrots.co.uk/privacy-policy/,Privacy Policy | Crownwing Parrots,Privacy Policy,Policy,1231,Yes; canonical HTML (Google state unverified),https://crownwingparrots.co.uk/privacy-policy/,200,Crownwing privacy policy,Trust/business / support,Crownwing privacy policy,business contact; consumer information; Crownwing terms,62,23,No verified same-intent merge; see all-pairs metrics,BreadcrumbList; ImageObject; ListItem; WebPage; WebSite,0,Audit baseline: Max five-word containment 0.053 with /contact/; lexical metric is not intent judgment,A — Preserve confirmed terms and dated notices; keep policy links prominent without splitting them into thin keyword pages.,HIGH,A,Original 66,/business-policies/; /cookie-policy/,/,1,0a591e1b05f85c69da77166421ef86c4b1562f06553a231652eb67b2dcc7936a,1231,1231,Privacy Policy | Crownwing Parrots,Retained; direct links/shared footer updated; owner-fact review remains where flagged,200,https://crownwingparrots.co.uk/privacy-policy/,/privacy-policy/,Privacy Policy
