URL,Current source state,Recommended state,Target,Classification,Reason,Implementation state,Google index,Preview header
https://crownwingparrots.co.uk/,INDEX,INDEX,https://crownwingparrots.co.uk/,A,The homepage establishes the business rather than duplicating a national sales landing page.,Recommendation only; no source/indexation changes,Unknown,"none, noindex, noarchive, nofollow, nositelinkssearchbox, noimageindex"
https://crownwingparrots.co.uk/available-birds/,INDEX,INDEX,https://crownwingparrots.co.uk/available-birds/,A,A branded availability directory has a different job from the national buying hub.,Recommendation only; no source/indexation changes,Unknown,"none, noindex, noarchive, nofollow, nositelinkssearchbox, noimageindex"
https://crownwingparrots.co.uk/business-policies/,INDEX,INDEX,https://crownwingparrots.co.uk/business-policies/,A,Independent trust/support value justifies retaining the URL.,Recommendation only; no source/indexation changes,Unknown,"none, noindex, noarchive, nofollow, nositelinkssearchbox, noimageindex"
https://crownwingparrots.co.uk/contact/,INDEX,INDEX,https://crownwingparrots.co.uk/contact/,A,A short contact page can fully satisfy its purpose; word count is not a removal criterion.,Recommendation only; no source/indexation changes,Unknown,"none, noindex, noarchive, nofollow, nositelinkssearchbox, noimageindex"
https://crownwingparrots.co.uk/cookie-policy/,INDEX,INDEX,https://crownwingparrots.co.uk/cookie-policy/,A,Independent trust/support value justifies retaining the URL.,Recommendation only; no source/indexation changes,Unknown,"none, noindex, noarchive, nofollow, nositelinkssearchbox, noimageindex"
https://crownwingparrots.co.uk/guides/,INDEX,INDEX,https://crownwingparrots.co.uk/guides/,A,A resource index need not have article-length prose to earn its place.,Recommendation only; no source/indexation changes,Unknown,"none, noindex, noarchive, nofollow, nositelinkssearchbox, noimageindex"
https://crownwingparrots.co.uk/guides/buying-a-parrot-checklist/,INDEX,INDEX,https://crownwingparrots.co.uk/guides/buying-a-parrot-checklist/,B,"Standalone practical intent is useful, but the present broad guidance leaves concrete reader tasks unfinished.",Recommendation only; no source/indexation changes,Unknown,"none, noindex, noarchive, nofollow, nositelinkssearchbox, noimageindex"
https://crownwingparrots.co.uk/guides/buying-a-parrot/,INDEX,INDEX,https://crownwingparrots.co.uk/guides/buying-a-parrot/,A,Comprehensive decision/process intent is different from the commercial range hub.,Recommendation only; no source/indexation changes,Unknown,"none, noindex, noarchive, nofollow, nositelinkssearchbox, noimageindex"
https://crownwingparrots.co.uk/guides/choosing-a-parrot/,INDEX,INDEX,https://crownwingparrots.co.uk/guides/choosing-a-parrot/,A,An actionable comparison serves a distinct shortlist decision.,Recommendation only; no source/indexation changes,Unknown,"none, noindex, noarchive, nofollow, nositelinkssearchbox, noimageindex"
https://crownwingparrots.co.uk/guides/cites-parrots-uk/,INDEX,INDEX,https://crownwingparrots.co.uk/guides/cites-parrots-uk/,A,Jurisdiction-sensitive documentation is a real UK buyer need and should not be fragmented into near-duplicate pages.,Recommendation only; no source/indexation changes,Unknown,"none, noindex, noarchive, nofollow, nositelinkssearchbox, noimageindex"
https://crownwingparrots.co.uk/guides/parrot-diet-nutrition/,INDEX,INDEX,https://crownwingparrots.co.uk/guides/parrot-diet-nutrition/,B,"Standalone practical intent is useful, but the present broad guidance leaves concrete reader tasks unfinished.",Recommendation only; no source/indexation changes,Unknown,"none, noindex, noarchive, nofollow, nositelinkssearchbox, noimageindex"
https://crownwingparrots.co.uk/guides/parrot-housing-enrichment/,INDEX,INDEX,https://crownwingparrots.co.uk/guides/parrot-housing-enrichment/,B,"Standalone practical intent is useful, but the present broad guidance leaves concrete reader tasks unfinished.",Recommendation only; no source/indexation changes,Unknown,"none, noindex, noarchive, nofollow, nositelinkssearchbox, noimageindex"
https://crownwingparrots.co.uk/guides/parrot-ownership-costs/,INDEX,INDEX,https://crownwingparrots.co.uk/guides/parrot-ownership-costs/,A,A personal ownership budget is not a duplicate of a purchase-price page.,Recommendation only; no source/indexation changes,Unknown,"none, noindex, noarchive, nofollow, nositelinkssearchbox, noimageindex"
https://crownwingparrots.co.uk/guides/preparing-for-a-parrot/,INDEX,INDEX,https://crownwingparrots.co.uk/guides/preparing-for-a-parrot/,B,"Standalone practical intent is useful, but the present broad guidance leaves concrete reader tasks unfinished.",Recommendation only; no source/indexation changes,Unknown,"none, noindex, noarchive, nofollow, nositelinkssearchbox, noimageindex"
https://crownwingparrots.co.uk/locations/,INDEX,REDIRECT,https://crownwingparrots.co.uk/guides/,C,"The broader guides library is the strongest replacement for resource discovery, without presenting unverified coverage as local service.",Recommendation only; no source/indexation changes,Unknown,"none, noindex, noarchive, nofollow, nositelinkssearchbox, noimageindex"
https://crownwingparrots.co.uk/locations/belfast/,INDEX,INDEX,https://crownwingparrots.co.uk/locations/belfast/,B,NI movement is materially different from generic Great Britain household planning; no branch or transport service is established.,Recommendation only; no source/indexation changes,Unknown,"none, noindex, noarchive, nofollow, nositelinkssearchbox, noimageindex"
https://crownwingparrots.co.uk/locations/birmingham/,INDEX,REDIRECT,https://crownwingparrots.co.uk/guides/choosing-a-parrot/,C,"Merge for overlapping reader tasks, not because the prose is an exact duplicate. No verified city-specific service, stock or local resource justifies this separate search landing page.",Recommendation only; no source/indexation changes,Unknown,"none, noindex, noarchive, nofollow, nositelinkssearchbox, noimageindex"
https://crownwingparrots.co.uk/locations/bristol/,INDEX,REDIRECT,https://crownwingparrots.co.uk/guides/preparing-for-a-parrot/,C,"Merge for overlapping reader tasks, not because the prose is an exact duplicate. No verified city-specific service, stock or local resource justifies this separate search landing page.",Recommendation only; no source/indexation changes,Unknown,"none, noindex, noarchive, nofollow, nositelinkssearchbox, noimageindex"
https://crownwingparrots.co.uk/locations/cardiff/,INDEX,REDIRECT,https://crownwingparrots.co.uk/guides/choosing-a-parrot/,C,"Merge for overlapping reader tasks, not because the prose is an exact duplicate. No verified city-specific service, stock or local resource justifies this separate search landing page.",Recommendation only; no source/indexation changes,Unknown,"none, noindex, noarchive, nofollow, nositelinkssearchbox, noimageindex"
https://crownwingparrots.co.uk/locations/edinburgh/,INDEX,REDIRECT,https://crownwingparrots.co.uk/guides/parrot-ownership-costs/,C,"Merge for overlapping reader tasks, not because the prose is an exact duplicate. No verified city-specific service, stock or local resource justifies this separate search landing page.",Recommendation only; no source/indexation changes,Unknown,"none, noindex, noarchive, nofollow, nositelinkssearchbox, noimageindex"
https://crownwingparrots.co.uk/locations/glasgow/,INDEX,REDIRECT,https://crownwingparrots.co.uk/guides/parrot-diet-nutrition/,C,"Merge for overlapping reader tasks, not because the prose is an exact duplicate. No verified city-specific service, stock or local resource justifies this separate search landing page.",Recommendation only; no source/indexation changes,Unknown,"none, noindex, noarchive, nofollow, nositelinkssearchbox, noimageindex"
https://crownwingparrots.co.uk/locations/leeds/,INDEX,REDIRECT,https://crownwingparrots.co.uk/guides/parrot-housing-enrichment/,C,"Merge for overlapping reader tasks, not because the prose is an exact duplicate. No verified city-specific service, stock or local resource justifies this separate search landing page.",Recommendation only; no source/indexation changes,Unknown,"none, noindex, noarchive, nofollow, nositelinkssearchbox, noimageindex"
https://crownwingparrots.co.uk/locations/liverpool/,INDEX,REDIRECT,https://crownwingparrots.co.uk/guides/buying-a-parrot-checklist/,C,"Merge for overlapping reader tasks, not because the prose is an exact duplicate. No verified city-specific service, stock or local resource justifies this separate search landing page.",Recommendation only; no source/indexation changes,Unknown,"none, noindex, noarchive, nofollow, nositelinkssearchbox, noimageindex"
https://crownwingparrots.co.uk/locations/london/,INDEX,REDIRECT,https://crownwingparrots.co.uk/guides/choosing-a-parrot/,C,"Merge for overlapping reader tasks, not because the prose is an exact duplicate. No verified city-specific service, stock or local resource justifies this separate search landing page.",Recommendation only; no source/indexation changes,Unknown,"none, noindex, noarchive, nofollow, nositelinkssearchbox, noimageindex"
https://crownwingparrots.co.uk/locations/manchester/,INDEX,REDIRECT,https://crownwingparrots.co.uk/guides/choosing-a-parrot/,C,"Merge for overlapping reader tasks, not because the prose is an exact duplicate. No verified city-specific service, stock or local resource justifies this separate search landing page.",Recommendation only; no source/indexation changes,Unknown,"none, noindex, noarchive, nofollow, nositelinkssearchbox, noimageindex"
https://crownwingparrots.co.uk/locations/newcastle/,INDEX,REDIRECT,https://crownwingparrots.co.uk/guides/buying-a-parrot-checklist/,C,"Merge for overlapping reader tasks, not because the prose is an exact duplicate. No verified city-specific service, stock or local resource justifies this separate search landing page.",Recommendation only; no source/indexation changes,Unknown,"none, noindex, noarchive, nofollow, nositelinkssearchbox, noimageindex"
https://crownwingparrots.co.uk/locations/nottingham/,INDEX,REDIRECT,https://crownwingparrots.co.uk/guides/choosing-a-parrot/,C,"Merge for overlapping reader tasks, not because the prose is an exact duplicate. No verified city-specific service, stock or local resource justifies this separate search landing page.",Recommendation only; no source/indexation changes,Unknown,"none, noindex, noarchive, nofollow, nositelinkssearchbox, noimageindex"
https://crownwingparrots.co.uk/locations/sheffield/,INDEX,REDIRECT,https://crownwingparrots.co.uk/guides/parrot-housing-enrichment/,C,"Merge for overlapping reader tasks, not because the prose is an exact duplicate. No verified city-specific service, stock or local resource justifies this separate search landing page.",Recommendation only; no source/indexation changes,Unknown,"none, noindex, noarchive, nofollow, nositelinkssearchbox, noimageindex"
https://crownwingparrots.co.uk/our-approach/,INDEX,INDEX,https://crownwingparrots.co.uk/our-approach/,B,An about/process page needs verified first-party evidence beyond a generic buying checklist.,Recommendation only; no source/indexation changes,Unknown,"none, noindex, noarchive, nofollow, nositelinkssearchbox, noimageindex"
https://crownwingparrots.co.uk/parrot-care/,INDEX,INDEX,https://crownwingparrots.co.uk/parrot-care/,A,Its narrower care-navigation purpose distinguishes it from the complete guides library.,Recommendation only; no source/indexation changes,Unknown,"none, noindex, noarchive, nofollow, nositelinkssearchbox, noimageindex"
https://crownwingparrots.co.uk/parrot-prices-uk/,INDEX,INDEX,https://crownwingparrots.co.uk/parrot-prices-uk/,B,Purchase-price intent differs from ongoing ownership-cost intent and deserves a stronger existing URL.,Recommendation only; no source/indexation changes,Unknown,"none, noindex, noarchive, nofollow, nositelinkssearchbox, noimageindex"
https://crownwingparrots.co.uk/parrots-for-sale/,INDEX,INDEX,https://crownwingparrots.co.uk/parrots-for-sale/,A,"The requested UK commercial hub already exists under a stable, relevant URL.",Recommendation only; no source/indexation changes,Unknown,"none, noindex, noarchive, nofollow, nositelinkssearchbox, noimageindex"
https://crownwingparrots.co.uk/parrots-for-sale/african-grey-parrots/,INDEX,INDEX,https://crownwingparrots.co.uk/parrots-for-sale/african-grey-parrots/,A,A purchase enquiry page is distinct from a group's educational care overview.,Recommendation only; no source/indexation changes,Unknown,"none, noindex, noarchive, nofollow, nositelinkssearchbox, noimageindex"
https://crownwingparrots.co.uk/parrots-for-sale/amazon-parrots/,INDEX,INDEX,https://crownwingparrots.co.uk/parrots-for-sale/amazon-parrots/,A,A purchase enquiry page is distinct from a group's educational care overview.,Recommendation only; no source/indexation changes,Unknown,"none, noindex, noarchive, nofollow, nositelinkssearchbox, noimageindex"
https://crownwingparrots.co.uk/parrots-for-sale/caiques/,INDEX,INDEX,https://crownwingparrots.co.uk/parrots-for-sale/caiques/,A,A purchase enquiry page is distinct from a group's educational care overview.,Recommendation only; no source/indexation changes,Unknown,"none, noindex, noarchive, nofollow, nositelinkssearchbox, noimageindex"
https://crownwingparrots.co.uk/parrots-for-sale/cockatoos/,INDEX,INDEX,https://crownwingparrots.co.uk/parrots-for-sale/cockatoos/,A,A purchase enquiry page is distinct from a group's educational care overview.,Recommendation only; no source/indexation changes,Unknown,"none, noindex, noarchive, nofollow, nositelinkssearchbox, noimageindex"
https://crownwingparrots.co.uk/parrots-for-sale/conures/,INDEX,INDEX,https://crownwingparrots.co.uk/parrots-for-sale/conures/,A,A purchase enquiry page is distinct from a group's educational care overview.,Recommendation only; no source/indexation changes,Unknown,"none, noindex, noarchive, nofollow, nositelinkssearchbox, noimageindex"
https://crownwingparrots.co.uk/parrots-for-sale/eclectus-parrots/,INDEX,INDEX,https://crownwingparrots.co.uk/parrots-for-sale/eclectus-parrots/,A,A purchase enquiry page is distinct from a group's educational care overview.,Recommendation only; no source/indexation changes,Unknown,"none, noindex, noarchive, nofollow, nositelinkssearchbox, noimageindex"
https://crownwingparrots.co.uk/parrots-for-sale/large-parrots/,INDEX,INDEX,https://crownwingparrots.co.uk/parrots-for-sale/large-parrots/,A,"Size or vocal-learning criteria span several groups and have a separate reader decision, not just a keyword variation.",Recommendation only; no source/indexation changes,Unknown,"none, noindex, noarchive, nofollow, nositelinkssearchbox, noimageindex"
https://crownwingparrots.co.uk/parrots-for-sale/macaws/,INDEX,INDEX,https://crownwingparrots.co.uk/parrots-for-sale/macaws/,A,A purchase enquiry page is distinct from a group's educational care overview.,Recommendation only; no source/indexation changes,Unknown,"none, noindex, noarchive, nofollow, nositelinkssearchbox, noimageindex"
https://crownwingparrots.co.uk/parrots-for-sale/parakeets-small-parrots/,INDEX,INDEX,https://crownwingparrots.co.uk/parrots-for-sale/parakeets-small-parrots/,A,A purchase enquiry page is distinct from a group's educational care overview.,Recommendation only; no source/indexation changes,Unknown,"none, noindex, noarchive, nofollow, nositelinkssearchbox, noimageindex"
https://crownwingparrots.co.uk/parrots-for-sale/small-parrots/,INDEX,INDEX,https://crownwingparrots.co.uk/parrots-for-sale/small-parrots/,A,"Size or vocal-learning criteria span several groups and have a separate reader decision, not just a keyword variation.",Recommendation only; no source/indexation changes,Unknown,"none, noindex, noarchive, nofollow, nositelinkssearchbox, noimageindex"
https://crownwingparrots.co.uk/parrots-for-sale/talking-parrots/,INDEX,INDEX,https://crownwingparrots.co.uk/parrots-for-sale/talking-parrots/,A,"Size or vocal-learning criteria span several groups and have a separate reader decision, not just a keyword variation.",Recommendation only; no source/indexation changes,Unknown,"none, noindex, noarchive, nofollow, nositelinkssearchbox, noimageindex"
https://crownwingparrots.co.uk/parrots/,INDEX,INDEX,https://crownwingparrots.co.uk/parrots/,A,A species-research directory has a different purpose from an available-group or buying directory.,Recommendation only; no source/indexation changes,Unknown,"none, noindex, noarchive, nofollow, nositelinkssearchbox, noimageindex"
https://crownwingparrots.co.uk/parrots/african-parrots/,INDEX,INDEX,https://crownwingparrots.co.uk/parrots/african-parrots/,A,An offered group has an independent research intent and meaningful differences from other groups.,Recommendation only; no source/indexation changes,Unknown,"none, noindex, noarchive, nofollow, nositelinkssearchbox, noimageindex"
https://crownwingparrots.co.uk/parrots/african-parrots/congo-african-grey-parrot/,INDEX,INDEX,https://crownwingparrots.co.uk/parrots/african-parrots/congo-african-grey-parrot/,B,"Improve evidence and species-specific reader tasks, not length. Do not use an unconfirmed profile as proof of availability; if the owner excludes the species, reassess retention rather than invent an offer.",Recommendation only; no source/indexation changes,Unknown,"none, noindex, noarchive, nofollow, nositelinkssearchbox, noimageindex"
https://crownwingparrots.co.uk/parrots/african-parrots/timneh-parrot/,INDEX,INDEX,https://crownwingparrots.co.uk/parrots/african-parrots/timneh-parrot/,B,"Improve evidence and species-specific reader tasks, not length. Do not use an unconfirmed profile as proof of availability; if the owner excludes the species, reassess retention rather than invent an offer.",Recommendation only; no source/indexation changes,Unknown,"none, noindex, noarchive, nofollow, nositelinkssearchbox, noimageindex"
https://crownwingparrots.co.uk/parrots/amazons/,INDEX,INDEX,https://crownwingparrots.co.uk/parrots/amazons/,A,An offered group has an independent research intent and meaningful differences from other groups.,Recommendation only; no source/indexation changes,Unknown,"none, noindex, noarchive, nofollow, nositelinkssearchbox, noimageindex"
https://crownwingparrots.co.uk/parrots/amazons/blue-fronted-amazon-parrot/,INDEX,INDEX,https://crownwingparrots.co.uk/parrots/amazons/blue-fronted-amazon-parrot/,B,"Improve evidence and species-specific reader tasks, not length. Do not use an unconfirmed profile as proof of availability; if the owner excludes the species, reassess retention rather than invent an offer.",Recommendation only; no source/indexation changes,Unknown,"none, noindex, noarchive, nofollow, nositelinkssearchbox, noimageindex"
https://crownwingparrots.co.uk/parrots/amazons/yellow-naped-amazon-parrot/,INDEX,INDEX,https://crownwingparrots.co.uk/parrots/amazons/yellow-naped-amazon-parrot/,B,"Improve evidence and species-specific reader tasks, not length. Do not use an unconfirmed profile as proof of availability; if the owner excludes the species, reassess retention rather than invent an offer.",Recommendation only; no source/indexation changes,Unknown,"none, noindex, noarchive, nofollow, nositelinkssearchbox, noimageindex"
https://crownwingparrots.co.uk/parrots/caiques/,INDEX,INDEX,https://crownwingparrots.co.uk/parrots/caiques/,A,An offered group has an independent research intent and meaningful differences from other groups.,Recommendation only; no source/indexation changes,Unknown,"none, noindex, noarchive, nofollow, nositelinkssearchbox, noimageindex"
https://crownwingparrots.co.uk/parrots/caiques/black-headed-caique/,INDEX,INDEX,https://crownwingparrots.co.uk/parrots/caiques/black-headed-caique/,B,"Improve evidence and species-specific reader tasks, not length. Do not use an unconfirmed profile as proof of availability; if the owner excludes the species, reassess retention rather than invent an offer.",Recommendation only; no source/indexation changes,Unknown,"none, noindex, noarchive, nofollow, nositelinkssearchbox, noimageindex"
https://crownwingparrots.co.uk/parrots/caiques/white-bellied-caique/,INDEX,INDEX,https://crownwingparrots.co.uk/parrots/caiques/white-bellied-caique/,B,"Improve evidence and species-specific reader tasks, not length. Do not use an unconfirmed profile as proof of availability; if the owner excludes the species, reassess retention rather than invent an offer.",Recommendation only; no source/indexation changes,Unknown,"none, noindex, noarchive, nofollow, nositelinkssearchbox, noimageindex"
https://crownwingparrots.co.uk/parrots/cockatoos/,INDEX,INDEX,https://crownwingparrots.co.uk/parrots/cockatoos/,A,An offered group has an independent research intent and meaningful differences from other groups.,Recommendation only; no source/indexation changes,Unknown,"none, noindex, noarchive, nofollow, nositelinkssearchbox, noimageindex"
https://crownwingparrots.co.uk/parrots/cockatoos/galah-cockatoo/,INDEX,INDEX,https://crownwingparrots.co.uk/parrots/cockatoos/galah-cockatoo/,B,"Improve evidence and species-specific reader tasks, not length. Do not use an unconfirmed profile as proof of availability; if the owner excludes the species, reassess retention rather than invent an offer.",Recommendation only; no source/indexation changes,Unknown,"none, noindex, noarchive, nofollow, nositelinkssearchbox, noimageindex"
https://crownwingparrots.co.uk/parrots/cockatoos/umbrella-cockatoo/,INDEX,INDEX,https://crownwingparrots.co.uk/parrots/cockatoos/umbrella-cockatoo/,B,"Improve evidence and species-specific reader tasks, not length. Do not use an unconfirmed profile as proof of availability; if the owner excludes the species, reassess retention rather than invent an offer.",Recommendation only; no source/indexation changes,Unknown,"none, noindex, noarchive, nofollow, nositelinkssearchbox, noimageindex"
https://crownwingparrots.co.uk/parrots/conures/,INDEX,INDEX,https://crownwingparrots.co.uk/parrots/conures/,A,An offered group has an independent research intent and meaningful differences from other groups.,Recommendation only; no source/indexation changes,Unknown,"none, noindex, noarchive, nofollow, nositelinkssearchbox, noimageindex"
https://crownwingparrots.co.uk/parrots/conures/green-cheeked-conure/,INDEX,INDEX,https://crownwingparrots.co.uk/parrots/conures/green-cheeked-conure/,B,"Improve evidence and species-specific reader tasks, not length. Do not use an unconfirmed profile as proof of availability; if the owner excludes the species, reassess retention rather than invent an offer.",Recommendation only; no source/indexation changes,Unknown,"none, noindex, noarchive, nofollow, nositelinkssearchbox, noimageindex"
https://crownwingparrots.co.uk/parrots/conures/sun-conure/,INDEX,INDEX,https://crownwingparrots.co.uk/parrots/conures/sun-conure/,B,"Improve evidence and species-specific reader tasks, not length. Do not use an unconfirmed profile as proof of availability; if the owner excludes the species, reassess retention rather than invent an offer.",Recommendation only; no source/indexation changes,Unknown,"none, noindex, noarchive, nofollow, nositelinkssearchbox, noimageindex"
https://crownwingparrots.co.uk/parrots/eclectus/,INDEX,INDEX,https://crownwingparrots.co.uk/parrots/eclectus/,A,An offered group has an independent research intent and meaningful differences from other groups.,Recommendation only; no source/indexation changes,Unknown,"none, noindex, noarchive, nofollow, nositelinkssearchbox, noimageindex"
https://crownwingparrots.co.uk/parrots/eclectus/papuan-eclectus-parrot/,INDEX,INDEX,https://crownwingparrots.co.uk/parrots/eclectus/papuan-eclectus-parrot/,B,"Improve evidence and species-specific reader tasks, not length. Do not use an unconfirmed profile as proof of availability; if the owner excludes the species, reassess retention rather than invent an offer.",Recommendation only; no source/indexation changes,Unknown,"none, noindex, noarchive, nofollow, nositelinkssearchbox, noimageindex"
https://crownwingparrots.co.uk/parrots/macaws/,INDEX,INDEX,https://crownwingparrots.co.uk/parrots/macaws/,A,An offered group has an independent research intent and meaningful differences from other groups.,Recommendation only; no source/indexation changes,Unknown,"none, noindex, noarchive, nofollow, nositelinkssearchbox, noimageindex"
https://crownwingparrots.co.uk/parrots/macaws/blue-and-gold-macaw/,INDEX,INDEX,https://crownwingparrots.co.uk/parrots/macaws/blue-and-gold-macaw/,B,"Improve evidence and species-specific reader tasks, not length. Do not use an unconfirmed profile as proof of availability; if the owner excludes the species, reassess retention rather than invent an offer.",Recommendation only; no source/indexation changes,Unknown,"none, noindex, noarchive, nofollow, nositelinkssearchbox, noimageindex"
https://crownwingparrots.co.uk/parrots/macaws/scarlet-macaw/,INDEX,INDEX,https://crownwingparrots.co.uk/parrots/macaws/scarlet-macaw/,B,"Improve evidence and species-specific reader tasks, not length. Do not use an unconfirmed profile as proof of availability; if the owner excludes the species, reassess retention rather than invent an offer.",Recommendation only; no source/indexation changes,Unknown,"none, noindex, noarchive, nofollow, nositelinkssearchbox, noimageindex"
https://crownwingparrots.co.uk/parrots/parakeets-small-psittacines/,INDEX,INDEX,https://crownwingparrots.co.uk/parrots/parakeets-small-psittacines/,A,An offered group has an independent research intent and meaningful differences from other groups.,Recommendation only; no source/indexation changes,Unknown,"none, noindex, noarchive, nofollow, nositelinkssearchbox, noimageindex"
https://crownwingparrots.co.uk/parrots/parakeets-small-psittacines/budgerigar/,INDEX,INDEX,https://crownwingparrots.co.uk/parrots/parakeets-small-psittacines/budgerigar/,B,"Improve evidence and species-specific reader tasks, not length. Do not use an unconfirmed profile as proof of availability; if the owner excludes the species, reassess retention rather than invent an offer.",Recommendation only; no source/indexation changes,Unknown,"none, noindex, noarchive, nofollow, nositelinkssearchbox, noimageindex"
https://crownwingparrots.co.uk/parrots/parakeets-small-psittacines/indian-ringneck-parakeet/,INDEX,INDEX,https://crownwingparrots.co.uk/parrots/parakeets-small-psittacines/indian-ringneck-parakeet/,B,"Improve evidence and species-specific reader tasks, not length. Do not use an unconfirmed profile as proof of availability; if the owner excludes the species, reassess retention rather than invent an offer.",Recommendation only; no source/indexation changes,Unknown,"none, noindex, noarchive, nofollow, nositelinkssearchbox, noimageindex"
https://crownwingparrots.co.uk/parrots/parakeets-small-psittacines/peach-faced-lovebird/,INDEX,INDEX,https://crownwingparrots.co.uk/parrots/parakeets-small-psittacines/peach-faced-lovebird/,B,"Improve evidence and species-specific reader tasks, not length. Do not use an unconfirmed profile as proof of availability; if the owner excludes the species, reassess retention rather than invent an offer.",Recommendation only; no source/indexation changes,Unknown,"none, noindex, noarchive, nofollow, nositelinkssearchbox, noimageindex"
https://crownwingparrots.co.uk/privacy-policy/,INDEX,INDEX,https://crownwingparrots.co.uk/privacy-policy/,A,Independent trust/support value justifies retaining the URL.,Recommendation only; no source/indexation changes,Unknown,"none, noindex, noarchive, nofollow, nositelinkssearchbox, noimageindex"
