URL,Status,Canonical,Meta robots,Preview X-Robots-Tag,Sitemap included,Description,H1 count,Heading sequence,Open Graph,Schema,HTML bytes,Viewport,Source findings,Important content,Mobile,Field CWV
https://crownwingparrots.co.uk/,200,https://crownwingparrots.co.uk/,default index/follow,"none, noindex, noarchive, nofollow, nositelinkssearchbox, noimageindex",True,"Crownwing is a parrot breeder and retailer for UK homes. Explore African Grey Parrots, Macaws and more, and enquire about current birds and prices.",1,"1,2,3,3,3,3,3,3,3,3,2,2,3,3,3,2,2,3,3,3,3,3,2,2,2",Complete,ImageObject; Organization; WebPage; WebSite,16111,"width=device-width,initial-scale=1",None,Present in response HTML; no client-side route needed,See all-route live browser evidence,Not available
https://crownwingparrots.co.uk/available-birds/,200,https://crownwingparrots.co.uk/available-birds/,default index/follow,"none, noindex, noarchive, nofollow, nositelinkssearchbox, noimageindex",True,"Check Crownwing’s available parrot groups and enquire about current photographs, ages and prices. Individual birds change regularly; contact us for details.",1,"1,2,2,3,3,3,3,3,3,3,3,2,2,2,2,2,2,2",Complete,BreadcrumbList; ImageObject; ListItem; WebPage; WebSite,13698,"width=device-width,initial-scale=1",None,Present in response HTML; no client-side route needed,See all-route live browser evidence,Not available
https://crownwingparrots.co.uk/business-policies/,200,https://crownwingparrots.co.uk/business-policies/,default index/follow,"none, noindex, noarchive, nofollow, nositelinkssearchbox, noimageindex",True,"Crownwing Parrots policies for bank-transfer payments, reservations, individual delivery arrangements, cancellations, returns, refunds and customer concerns.",1,"1,2,2,2,2,2,2,2,2,2,2,2,2,2,2,2,2,2,2",Complete,BreadcrumbList; ImageObject; ListItem; WebPage; WebSite,16146,"width=device-width,initial-scale=1",None,Present in response HTML; no client-side route needed,See all-route live browser evidence,Not available
https://crownwingparrots.co.uk/contact/,200,https://crownwingparrots.co.uk/contact/,default index/follow,"none, noindex, noarchive, nofollow, nositelinkssearchbox, noimageindex",True,"Enquire about available African Grey Parrots, Macaws and more. Prepare questions about current birds, prices, care and collection with Crownwing.",1,"1,2,2,2,2,2",Complete,BreadcrumbList; ImageObject; ListItem; WebPage; WebSite,7791,"width=device-width,initial-scale=1",None,Present in response HTML; no client-side route needed,See all-route live browser evidence,Not available
https://crownwingparrots.co.uk/cookie-policy/,200,https://crownwingparrots.co.uk/cookie-policy/,default index/follow,"none, noindex, noarchive, nofollow, nositelinkssearchbox, noimageindex",True,"Information about cookies, browser storage, external Google Fonts and the current download-only enquiry forms on the Crownwing Parrots website.",1,"1,2,2,2,2,2,2,2,2,2,2,2",Complete,BreadcrumbList; ImageObject; ListItem; WebPage; WebSite,9257,"width=device-width,initial-scale=1",None,Present in response HTML; no client-side route needed,See all-route live browser evidence,Not available
https://crownwingparrots.co.uk/guides/,200,https://crownwingparrots.co.uk/guides/,default index/follow,"none, noindex, noarchive, nofollow, nositelinkssearchbox, noimageindex",True,"A practical UK parrot resource library: choose a bird, check documentation, plan costs and prepare a safe home before making a buying enquiry.",1,"1,2,2,2,2,2,2,2",Complete,BreadcrumbList; ImageObject; ListItem; WebPage; WebSite,9418,"width=device-width,initial-scale=1",None,Present in response HTML; no client-side route needed,See all-route live browser evidence,Not available
https://crownwingparrots.co.uk/guides/buying-a-parrot-checklist/,200,https://crownwingparrots.co.uk/guides/buying-a-parrot-checklist/,default index/follow,"none, noindex, noarchive, nofollow, nositelinkssearchbox, noimageindex",True,Use specific questions to understand the individual bird and the proposed purchase before agreeing to a handover.,1,"1,2,2,2,2,2,2,2,2,2,2",Complete,Article; BreadcrumbList; ImageObject; ListItem; WebPage; WebSite,10313,"width=device-width,initial-scale=1",None,Present in response HTML; no client-side route needed,See all-route live browser evidence,Not available
https://crownwingparrots.co.uk/guides/buying-a-parrot/,200,https://crownwingparrots.co.uk/guides/buying-a-parrot/,default index/follow,"none, noindex, noarchive, nofollow, nositelinkssearchbox, noimageindex",True,"Follow a UK parrot buying journey: household suitability, fully weaned birds, seller questions, documentation, budgets, transport and the first week at home.",1,"1,2,2,2,2,2,2,2,2,2,2,2,2,2",Complete,Article; BreadcrumbList; ImageObject; ListItem; WebPage; WebSite,19522,"width=device-width,initial-scale=1",None,Present in response HTML; no client-side route needed,See all-route live browser evidence,Not available
https://crownwingparrots.co.uk/guides/choosing-a-parrot/,200,https://crownwingparrots.co.uk/guides/choosing-a-parrot/,default index/follow,"none, noindex, noarchive, nofollow, nositelinkssearchbox, noimageindex",True,"Compare eight parrot groups by size, noise, talking, social needs, lifespan and household demands. Build a thoughtful shortlist, not a best-bird ranking.",1,"1,2,2,2,2,2,2,2,2,2,2,2",Complete,Article; BreadcrumbList; ImageObject; ListItem; WebPage; WebSite,26100,"width=device-width,initial-scale=1",None,Present in response HTML; no client-side route needed,See all-route live browser evidence,Not available
https://crownwingparrots.co.uk/guides/cites-parrots-uk/,200,https://crownwingparrots.co.uk/guides/cites-parrots-uk/,default index/follow,"none, noindex, noarchive, nofollow, nositelinkssearchbox, noimageindex",True,"Check what UK parrot buyers should ask about CITES, identification, lawful origin, bird registration and GB/NI movements, with dated official sources.",1,"1,2,2,2,2,2,2,2,2,2,2,2,2",Complete,Article; BreadcrumbList; ImageObject; ListItem; WebPage; WebSite,19787,"width=device-width,initial-scale=1",None,Present in response HTML; no client-side route needed,See all-route live browser evidence,Not available
https://crownwingparrots.co.uk/guides/parrot-diet-nutrition/,200,https://crownwingparrots.co.uk/guides/parrot-diet-nutrition/,default index/follow,"none, noindex, noarchive, nofollow, nositelinkssearchbox, noimageindex",True,Understand the feeding questions to discuss before choosing food or changing your bird’s routine.,1,"1,2,2,2,2,2,2,2,2,2",Complete,Article; BreadcrumbList; ImageObject; ListItem; WebPage; WebSite,9626,"width=device-width,initial-scale=1",None,Present in response HTML; no client-side route needed,See all-route live browser evidence,Not available
https://crownwingparrots.co.uk/guides/parrot-housing-enrichment/,200,https://crownwingparrots.co.uk/guides/parrot-housing-enrichment/,default index/follow,"none, noindex, noarchive, nofollow, nositelinkssearchbox, noimageindex",True,"Plan accommodation, safe exercise and daily activities around the individual bird.",1,"1,2,2,2,2,2,2,2,2,2",Complete,Article; BreadcrumbList; ImageObject; ListItem; WebPage; WebSite,9597,"width=device-width,initial-scale=1",None,Present in response HTML; no client-side route needed,See all-route live browser evidence,Not available
https://crownwingparrots.co.uk/guides/parrot-ownership-costs/,200,https://crownwingparrots.co.uk/guides/parrot-ownership-costs/,default index/follow,"none, noindex, noarchive, nofollow, nositelinkssearchbox, noimageindex",True,"Plan the cost of keeping a parrot in the UK with a quote-based budget calculator covering setup, food, toys, veterinary saving, insurance and an emergency reserve.",1,"1,2,2,2,2,2,2,3,2,2,2,2,2",Complete,Article; BreadcrumbList; ImageObject; ListItem; WebPage; WebSite,18422,"width=device-width,initial-scale=1",None,Present in response HTML; no client-side route needed,See all-route live browser evidence,Not available
https://crownwingparrots.co.uk/guides/preparing-for-a-parrot/,200,https://crownwingparrots.co.uk/guides/preparing-for-a-parrot/,default index/follow,"none, noindex, noarchive, nofollow, nositelinkssearchbox, noimageindex",True,"Prepare the space, understand the existing routine and leave room for a gradual adjustment.",1,"1,2,2,2,2,2,2,2,2,2",Complete,Article; BreadcrumbList; ImageObject; ListItem; WebPage; WebSite,9551,"width=device-width,initial-scale=1",None,Present in response HTML; no client-side route needed,See all-route live browser evidence,Not available
https://crownwingparrots.co.uk/locations/,200,https://crownwingparrots.co.uk/locations/,default index/follow,"none, noindex, noarchive, nofollow, nositelinkssearchbox, noimageindex",True,"Browse Crownwing’s UK city enquiry guides for London, Manchester, Birmingham, Cardiff, Edinburgh, Glasgow, Belfast and more.",1,"1,2,3,3,3,3,3,3,3,3,3,3,3,3,3,2,2,2,2",Complete,BreadcrumbList; ImageObject; ListItem; WebPage; WebSite,8577,"width=device-width,initial-scale=1",None,Present in response HTML; no client-side route needed,See all-route live browser evidence,Not available
https://crownwingparrots.co.uk/locations/belfast/,200,https://crownwingparrots.co.uk/locations/belfast/,"index,follow","none, noindex, noarchive, nofollow, nositelinkssearchbox, noimageindex",True,"A Belfast parrot enquiry guide covering household preparation, species research, origin and destination details, and official-requirement checks.",1,"1,2,2,2,2,2,2,2,2,2,2,2",Complete,BreadcrumbList; ImageObject; ListItem; WebPage; WebSite,12158,"width=device-width,initial-scale=1",None,Present in response HTML; no client-side route needed,See all-route live browser evidence,Not available
https://crownwingparrots.co.uk/locations/birmingham/,200,https://crownwingparrots.co.uk/locations/birmingham/,"index,follow","none, noindex, noarchive, nofollow, nositelinkssearchbox, noimageindex",True,"A Birmingham parrot planning guide for household decisions, species research, shared responsibilities and informed individual-bird enquiries.",1,"1,2,2,2,2,2,2,2,2,2,2,2",Complete,BreadcrumbList; ImageObject; ListItem; WebPage; WebSite,12165,"width=device-width,initial-scale=1",None,Present in response HTML; no client-side route needed,See all-route live browser evidence,Not available
https://crownwingparrots.co.uk/locations/bristol/,200,https://crownwingparrots.co.uk/locations/bristol/,"index,follow","none, noindex, noarchive, nofollow, nositelinkssearchbox, noimageindex",True,"A Bristol parrot enquiry guide focused on safe home preparation, supervised exercise, species fit and questions about an individual bird.",1,"1,2,2,2,2,2,2,2,2,2,2,2",Complete,BreadcrumbList; ImageObject; ListItem; WebPage; WebSite,11860,"width=device-width,initial-scale=1",None,Present in response HTML; no client-side route needed,See all-route live browser evidence,Not available
https://crownwingparrots.co.uk/locations/cardiff/,200,https://crownwingparrots.co.uk/locations/cardiff/,"index,follow","none, noindex, noarchive, nofollow, nositelinkssearchbox, noimageindex",True,"A Cardiff and South Wales guide to comparing parrot species, assessing household fit and preparing a considered enquiry.",1,"1,2,2,2,2,2,2,2,2,2,2,2",Complete,BreadcrumbList; ImageObject; ListItem; WebPage; WebSite,11877,"width=device-width,initial-scale=1",None,Present in response HTML; no client-side route needed,See all-route live browser evidence,Not available
https://crownwingparrots.co.uk/locations/edinburgh/,200,https://crownwingparrots.co.uk/locations/edinburgh/,"index,follow","none, noindex, noarchive, nofollow, nositelinkssearchbox, noimageindex",True,"Edinburgh parrot ownership guidance for future household changes, dependable backup care and species-specific long-term planning.",1,"1,2,2,2,2,2,2,2,2,2,2,2",Complete,BreadcrumbList; ImageObject; ListItem; WebPage; WebSite,11896,"width=device-width,initial-scale=1",None,Present in response HTML; no client-side route needed,See all-route live browser evidence,Not available
https://crownwingparrots.co.uk/locations/glasgow/,200,https://crownwingparrots.co.uk/locations/glasgow/,"index,follow","none, noindex, noarchive, nofollow, nositelinkssearchbox, noimageindex",True,"A Glasgow parrot planning guide on established diets, careful routine changes, species research and questions for an individual-bird enquiry.",1,"1,2,2,2,2,2,2,2,2,2,2,2",Complete,BreadcrumbList; ImageObject; ListItem; WebPage; WebSite,11939,"width=device-width,initial-scale=1",None,Present in response HTML; no client-side route needed,See all-route live browser evidence,Not available
https://crownwingparrots.co.uk/locations/leeds/,200,https://crownwingparrots.co.uk/locations/leeds/,"index,follow","none, noindex, noarchive, nofollow, nositelinkssearchbox, noimageindex",True,"Explore parrot care planning for Leeds and West Yorkshire: accommodation, exercise, continuing costs and informed questions before enquiry.",1,"1,2,2,2,2,2,2,2,2,2,2,2",Complete,BreadcrumbList; ImageObject; ListItem; WebPage; WebSite,11952,"width=device-width,initial-scale=1",None,Present in response HTML; no client-side route needed,See all-route live browser evidence,Not available
https://crownwingparrots.co.uk/locations/liverpool/,200,https://crownwingparrots.co.uk/locations/liverpool/,"index,follow","none, noindex, noarchive, nofollow, nositelinkssearchbox, noimageindex",True,"Prepare a Liverpool parrot enquiry with questions about identity, history, feeding, observed behaviour and transition details.",1,"1,2,2,2,2,2,2,2,2,2,2,2",Complete,BreadcrumbList; ImageObject; ListItem; WebPage; WebSite,12038,"width=device-width,initial-scale=1",None,Present in response HTML; no client-side route needed,See all-route live browser evidence,Not available
https://crownwingparrots.co.uk/locations/london/,200,https://crownwingparrots.co.uk/locations/london/,"index,follow","none, noindex, noarchive, nofollow, nositelinkssearchbox, noimageindex",True,"A practical London parrot enquiry guide covering space, shared living, species research and questions to resolve before making plans.",1,"1,2,2,2,2,2,2,2,2,2,2,2",Complete,BreadcrumbList; ImageObject; ListItem; WebPage; WebSite,12249,"width=device-width,initial-scale=1",None,Present in response HTML; no client-side route needed,See all-route live browser evidence,Not available
https://crownwingparrots.co.uk/locations/manchester/,200,https://crownwingparrots.co.uk/locations/manchester/,"index,follow","none, noindex, noarchive, nofollow, nositelinkssearchbox, noimageindex",True,"Prepare for a Manchester parrot enquiry with a realistic weekly care plan, species comparisons and clear questions about the individual bird.",1,"1,2,2,2,2,2,2,2,2,2,2,2",Complete,BreadcrumbList; ImageObject; ListItem; WebPage; WebSite,11982,"width=device-width,initial-scale=1",None,Present in response HTML; no client-side route needed,See all-route live browser evidence,Not available
https://crownwingparrots.co.uk/locations/newcastle/,200,https://crownwingparrots.co.uk/locations/newcastle/,"index,follow","none, noindex, noarchive, nofollow, nositelinkssearchbox, noimageindex",True,"A Newcastle and Tyneside parrot enquiry guide focused on confirming the individual, agreeing arrangements and preparing for transport responsibly.",1,"1,2,2,2,2,2,2,2,2,2,2,2",Complete,BreadcrumbList; ImageObject; ListItem; WebPage; WebSite,11996,"width=device-width,initial-scale=1",None,Present in response HTML; no client-side route needed,See all-route live browser evidence,Not available
https://crownwingparrots.co.uk/locations/nottingham/,200,https://crownwingparrots.co.uk/locations/nottingham/,"index,follow","none, noindex, noarchive, nofollow, nositelinkssearchbox, noimageindex",True,"Nottingham parrot ownership planning for first-time researchers, with species comparisons, preparation steps and questions to ask before enquiry.",1,"1,2,2,2,2,2,2,2,2,2,2,2",Complete,BreadcrumbList; ImageObject; ListItem; WebPage; WebSite,11955,"width=device-width,initial-scale=1",None,Present in response HTML; no client-side route needed,See all-route live browser evidence,Not available
https://crownwingparrots.co.uk/locations/sheffield/,200,https://crownwingparrots.co.uk/locations/sheffield/,"index,follow","none, noindex, noarchive, nofollow, nositelinkssearchbox, noimageindex",True,"A Sheffield and South Yorkshire parrot guide to enrichment planning, supervised activity, species needs and useful enquiry questions.",1,"1,2,2,2,2,2,2,2,2,2,2,2",Complete,BreadcrumbList; ImageObject; ListItem; WebPage; WebSite,11862,"width=device-width,initial-scale=1",None,Present in response HTML; no client-side route needed,See all-route live browser evidence,Not available
https://crownwingparrots.co.uk/our-approach/,200,https://crownwingparrots.co.uk/our-approach/,default index/follow,"none, noindex, noarchive, nofollow, nositelinkssearchbox, noimageindex",True,"Meet Crownwing’s breeder-and-retailer approach. Understand the bird’s background and confirm inclusions, collection and aftercare before buying.",1,"1,2,2,2,2,2,2,2,2,2",Complete,BreadcrumbList; ImageObject; ListItem; WebPage; WebSite,8728,"width=device-width,initial-scale=1",None,Present in response HTML; no client-side route needed,See all-route live browser evidence,Not available
https://crownwingparrots.co.uk/parrot-care/,200,https://crownwingparrots.co.uk/parrot-care/,default index/follow,"none, noindex, noarchive, nofollow, nositelinkssearchbox, noimageindex",True,"Explore practical parrot care guides covering feeding, housing, enrichment, home preparation, buying questions and ownership costs.",1,"1,2,3,3,3,3,3,3,2,2,2,2,2,2",Complete,BreadcrumbList; ImageObject; ListItem; WebPage; WebSite,8625,"width=device-width,initial-scale=1",None,Present in response HTML; no client-side route needed,See all-route live browser evidence,Not available
https://crownwingparrots.co.uk/parrot-prices-uk/,200,https://crownwingparrots.co.uk/parrot-prices-uk/,default index/follow,"none, noindex, noarchive, nofollow, nositelinkssearchbox, noimageindex",True,Ask for an individual quotation and compare it with the actual cost of suitable care.,1,"1,2,2,2,2,2,2,2",Complete,BreadcrumbList; ImageObject; ListItem; WebPage; WebSite,8739,"width=device-width,initial-scale=1",None,Present in response HTML; no client-side route needed,See all-route live browser evidence,Not available
https://crownwingparrots.co.uk/parrots-for-sale/,200,https://crownwingparrots.co.uk/parrots-for-sale/,default index/follow,"none, noindex, noarchive, nofollow, nositelinkssearchbox, noimageindex",True,"Parrots for sale in the UK from Crownwing, a breeder and retailer. Compare eight parrot groups and enquire about current birds, photos, ages and prices.",1,"1,2,3,3,3,3,3,3,3,3,2,2,2,2,2,2,2,2,2,2",Complete,BreadcrumbList; ImageObject; ListItem; WebPage; WebSite,12092,"width=device-width,initial-scale=1",None,Present in response HTML; no client-side route needed,See all-route live browser evidence,Not available
https://crownwingparrots.co.uk/parrots-for-sale/african-grey-parrots/,200,https://crownwingparrots.co.uk/parrots-for-sale/african-grey-parrots/,default index/follow,"none, noindex, noarchive, nofollow, nositelinkssearchbox, noimageindex",True,"African Grey Parrots for sale in the UK by enquiry. Request current photos, ages and prices, and compare Congo and Timneh care before choosing your bird.",1,"1,2,2,2,2,2,2,3,3,2,2,2,2,2",Complete,BreadcrumbList; ImageObject; ListItem; WebPage; WebSite,13005,"width=device-width,initial-scale=1",None,Present in response HTML; no client-side route needed,See all-route live browser evidence,Not available
https://crownwingparrots.co.uk/parrots-for-sale/amazon-parrots/,200,https://crownwingparrots.co.uk/parrots-for-sale/amazon-parrots/,default index/follow,"none, noindex, noarchive, nofollow, nositelinkssearchbox, noimageindex",True,"Amazon parrots for sale in the UK by enquiry. Request species details, current photos, age and price, and compare vocal habits and care with Crownwing.",1,"1,2,2,2,2,2,2,3,3,2,2,2,2,2",Complete,BreadcrumbList; ImageObject; ListItem; WebPage; WebSite,12531,"width=device-width,initial-scale=1",None,Present in response HTML; no client-side route needed,See all-route live browser evidence,Not available
https://crownwingparrots.co.uk/parrots-for-sale/caiques/,200,https://crownwingparrots.co.uk/parrots-for-sale/caiques/,default index/follow,"none, noindex, noarchive, nofollow, nositelinkssearchbox, noimageindex",True,"Caique parrots for sale in the UK by enquiry. Request current photos, age and price, and discuss activity, handling and a suitable home with Crownwing.",1,"1,2,2,2,2,2,2,3,3,2,2,2,2,2",Complete,BreadcrumbList; ImageObject; ListItem; WebPage; WebSite,12189,"width=device-width,initial-scale=1",None,Present in response HTML; no client-side route needed,See all-route live browser evidence,Not available
https://crownwingparrots.co.uk/parrots-for-sale/cockatoos/,200,https://crownwingparrots.co.uk/parrots-for-sale/cockatoos/,default index/follow,"none, noindex, noarchive, nofollow, nositelinkssearchbox, noimageindex",True,"Cockatoo parrots for sale in the UK by enquiry. Confirm species, age and price, and ask about noise, social routine and home preparation with Crownwing.",1,"1,2,2,2,2,2,2,3,3,2,2,2,2,2",Complete,BreadcrumbList; ImageObject; ListItem; WebPage; WebSite,12391,"width=device-width,initial-scale=1",None,Present in response HTML; no client-side route needed,See all-route live browser evidence,Not available
https://crownwingparrots.co.uk/parrots-for-sale/conures/,200,https://crownwingparrots.co.uk/parrots-for-sale/conures/,default index/follow,"none, noindex, noarchive, nofollow, nositelinkssearchbox, noimageindex",True,"Conure parrots for sale in the UK by enquiry. Ask about current birds, species, photos and prices, then compare noise, handling and home setup.",1,"1,2,2,2,2,2,2,3,3,2,2,2,2,2",Complete,BreadcrumbList; ImageObject; ListItem; WebPage; WebSite,12028,"width=device-width,initial-scale=1",None,Present in response HTML; no client-side route needed,See all-route live browser evidence,Not available
https://crownwingparrots.co.uk/parrots-for-sale/eclectus-parrots/,200,https://crownwingparrots.co.uk/parrots-for-sale/eclectus-parrots/,default index/follow,"none, noindex, noarchive, nofollow, nositelinkssearchbox, noimageindex",True,"Eclectus parrots for sale in the UK by enquiry. Confirm identity, age, known sex and price, and discuss the individual bird's diet and routine.",1,"1,2,2,2,2,2,2,3,2,2,2,2,2",Complete,BreadcrumbList; ImageObject; ListItem; WebPage; WebSite,12231,"width=device-width,initial-scale=1",None,Present in response HTML; no client-side route needed,See all-route live browser evidence,Not available
https://crownwingparrots.co.uk/parrots-for-sale/large-parrots/,200,https://crownwingparrots.co.uk/parrots-for-sale/large-parrots/,default index/follow,"none, noindex, noarchive, nofollow, nositelinkssearchbox, noimageindex",True,"Plan for large parrots with realistic comparisons of beak strength, accommodation, noise, social needs and long-term care before making a buying enquiry.",1,"1,2,2,2,2,2,3,3,2,3,3,2,3,3,2,2,2,2,2",Complete,BreadcrumbList; ImageObject; ListItem; WebPage; WebSite,11188,"width=device-width,initial-scale=1",None,Present in response HTML; no client-side route needed,See all-route live browser evidence,Not available
https://crownwingparrots.co.uk/parrots-for-sale/macaws/,200,https://crownwingparrots.co.uk/parrots-for-sale/macaws/,default index/follow,"none, noindex, noarchive, nofollow, nositelinkssearchbox, noimageindex",True,"Macaw parrots for sale in the UK by enquiry. Ask about species, current photographs, ages and prices, then plan housing, food and long-term care.",1,"1,2,2,2,2,2,2,3,3,2,2,2,2,2",Complete,BreadcrumbList; ImageObject; ListItem; WebPage; WebSite,13454,"width=device-width,initial-scale=1",None,Present in response HTML; no client-side route needed,See all-route live browser evidence,Not available
https://crownwingparrots.co.uk/parrots-for-sale/parakeets-small-parrots/,200,https://crownwingparrots.co.uk/parrots-for-sale/parakeets-small-parrots/,default index/follow,"none, noindex, noarchive, nofollow, nositelinkssearchbox, noimageindex",True,"Parakeets and budgies for sale in the UK by enquiry. Confirm species, current photos, ages and prices, and plan flight space, diet and companionship.",1,"1,2,2,2,2,2,2,3,3,3,2,2,2,2,2",Complete,BreadcrumbList; ImageObject; ListItem; WebPage; WebSite,12829,"width=device-width,initial-scale=1",None,Present in response HTML; no client-side route needed,See all-route live browser evidence,Not available
https://crownwingparrots.co.uk/parrots-for-sale/small-parrots/,200,https://crownwingparrots.co.uk/parrots-for-sale/small-parrots/,default index/follow,"none, noindex, noarchive, nofollow, nositelinkssearchbox, noimageindex",True,"Compare smaller parrots by flight space, flock needs, noise and activity. Understand why a budgerigar, conure or caique needs a different ownership plan.",1,"1,2,2,2,2,2,3,3,3,2,3,3,2,3,3,2,2,2,2,2",Complete,BreadcrumbList; ImageObject; ListItem; WebPage; WebSite,11410,"width=device-width,initial-scale=1",None,Present in response HTML; no client-side route needed,See all-route live browser evidence,Not available
https://crownwingparrots.co.uk/parrots-for-sale/talking-parrots/,200,https://crownwingparrots.co.uk/parrots-for-sale/talking-parrots/,default index/follow,"none, noindex, noarchive, nofollow, nositelinkssearchbox, noimageindex",True,"Understand speech learning versus natural calls, compare African Grey and Amazon parrots, and ask about the individual before choosing a talking companion.",1,"1,2,2,2,2,2,3,3,2,3,3,2,3,3,3,2,2,2,2,2",Complete,BreadcrumbList; ImageObject; ListItem; WebPage; WebSite,11490,"width=device-width,initial-scale=1",None,Present in response HTML; no client-side route needed,See all-route live browser evidence,Not available
https://crownwingparrots.co.uk/parrots/,200,https://crownwingparrots.co.uk/parrots/,default index/follow,"none, noindex, noarchive, nofollow, nositelinkssearchbox, noimageindex",True,"Explore African Grey Parrots, macaws, cockatoos, Amazons, conures, caiques, Eclectus and parakeets. Compare lifespan, diet and daily care.",1,"1,2,3,3,3,3,3,3,3,3,2,2,2,2,2,3,3,3,3,3,2,2",Complete,BreadcrumbList; ImageObject; ListItem; WebPage; WebSite,13829,"width=device-width,initial-scale=1",None,Present in response HTML; no client-side route needed,See all-route live browser evidence,Not available
https://crownwingparrots.co.uk/parrots/african-parrots/,200,https://crownwingparrots.co.uk/parrots/african-parrots/,default index/follow,"none, noindex, noarchive, nofollow, nositelinkssearchbox, noimageindex",True,"Congo and Timneh African Grey Parrots are sensitive, intelligent companions with distinct needs. Communication brings enrichment, not a promise to talk.",1,"1,2,2,2,2,2,2,2,2,2,3,3,2,2,3,2,2,2,2,2",Complete,BreadcrumbList; ImageObject; ListItem; WebPage; WebSite,20362,"width=device-width,initial-scale=1",None,Present in response HTML; no client-side route needed,See all-route live browser evidence,Not available
https://crownwingparrots.co.uk/parrots/african-parrots/congo-african-grey-parrot/,200,https://crownwingparrots.co.uk/parrots/african-parrots/congo-african-grey-parrot/,default index/follow,"none, noindex, noarchive, nofollow, nositelinkssearchbox, noimageindex",True,"Learn about Congo African Grey temperament, talking, size, diet, enrichment and long-term care before enquiring about current availability.",1,"1,2,2,2,2,2,2,2,2,2,2,2,2,2,2,2",Complete,BreadcrumbList; ImageObject; ListItem; WebPage; WebSite,13044,"width=device-width,initial-scale=1",None,Present in response HTML; no client-side route needed,See all-route live browser evidence,Not available
https://crownwingparrots.co.uk/parrots/african-parrots/timneh-parrot/,200,https://crownwingparrots.co.uk/parrots/african-parrots/timneh-parrot/,default index/follow,"none, noindex, noarchive, nofollow, nositelinkssearchbox, noimageindex",True,"Explore the Timneh Parrot’s appearance, social needs, vocalisation, training and everyday care before asking about availability.",1,"1,2,2,2,2,2,2,2,2,2,2,2,2,2,2,2",Complete,BreadcrumbList; ImageObject; ListItem; WebPage; WebSite,12891,"width=device-width,initial-scale=1",None,Present in response HTML; no client-side route needed,See all-route live browser evidence,Not available
https://crownwingparrots.co.uk/parrots/amazons/,200,https://crownwingparrots.co.uk/parrots/amazons/,default index/follow,"none, noindex, noarchive, nofollow, nositelinkssearchbox, noimageindex",True,Amazon parrots are vocal. Steady routines support social needs.,1,"1,2,2,2,2,2,2,2,2,2,3,3,2,2,3,2,2,2,2,2",Complete,BreadcrumbList; ImageObject; ListItem; WebPage; WebSite,19701,"width=device-width,initial-scale=1",None,Present in response HTML; no client-side route needed,See all-route live browser evidence,Not available
https://crownwingparrots.co.uk/parrots/amazons/blue-fronted-amazon-parrot/,200,https://crownwingparrots.co.uk/parrots/amazons/blue-fronted-amazon-parrot/,default index/follow,"none, noindex, noarchive, nofollow, nositelinkssearchbox, noimageindex",True,"Learn about the Blue-fronted Amazon’s appearance, vocalisation, temperament, training and practical daily care.",1,"1,2,2,2,2,2,2,2,2,2,2,2,2,2,2,2",Complete,BreadcrumbList; ImageObject; ListItem; WebPage; WebSite,14362,"width=device-width,initial-scale=1",None,Present in response HTML; no client-side route needed,See all-route live browser evidence,Not available
https://crownwingparrots.co.uk/parrots/amazons/yellow-naped-amazon-parrot/,200,https://crownwingparrots.co.uk/parrots/amazons/yellow-naped-amazon-parrot/,default index/follow,"none, noindex, noarchive, nofollow, nositelinkssearchbox, noimageindex",True,"Explore Yellow-naped Amazon personality, size, vocal behaviour, training, housing and long-term care needs.",1,"1,2,2,2,2,2,2,2,2,2,2,2,2,2,2,2",Complete,BreadcrumbList; ImageObject; ListItem; WebPage; WebSite,12616,"width=device-width,initial-scale=1",None,Present in response HTML; no client-side route needed,See all-route live browser evidence,Not available
https://crownwingparrots.co.uk/parrots/caiques/,200,https://crownwingparrots.co.uk/parrots/caiques/,default index/follow,"none, noindex, noarchive, nofollow, nositelinkssearchbox, noimageindex",True,"Caiques are compact, high-energy parrots that thrive on supervised activity. Their curiosity calls for structure, boundaries and daily enrichment.",1,"1,2,2,2,2,2,2,2,2,2,3,3,2,2,3,2,2,2,2,2",Complete,BreadcrumbList; ImageObject; ListItem; WebPage; WebSite,19500,"width=device-width,initial-scale=1",None,Present in response HTML; no client-side route needed,See all-route live browser evidence,Not available
https://crownwingparrots.co.uk/parrots/caiques/black-headed-caique/,200,https://crownwingparrots.co.uk/parrots/caiques/black-headed-caique/,default index/follow,"none, noindex, noarchive, nofollow, nositelinkssearchbox, noimageindex",True,"Explore Black-headed Caique appearance, lively behaviour, training, housing and daily enrichment requirements.",1,"1,2,2,2,2,2,2,2,2,2,2,2,2,2,2,2",Complete,BreadcrumbList; ImageObject; ListItem; WebPage; WebSite,13224,"width=device-width,initial-scale=1",None,Present in response HTML; no client-side route needed,See all-route live browser evidence,Not available
https://crownwingparrots.co.uk/parrots/caiques/white-bellied-caique/,200,https://crownwingparrots.co.uk/parrots/caiques/white-bellied-caique/,default index/follow,"none, noindex, noarchive, nofollow, nositelinkssearchbox, noimageindex",True,"A species guide to White-bellied Caique size, social life, enrichment, diet, training and safe daily activity.",1,"1,2,2,2,2,2,2,2,2,2,2,2,2,2,2,2",Complete,BreadcrumbList; ImageObject; ListItem; WebPage; WebSite,14237,"width=device-width,initial-scale=1",None,Present in response HTML; no client-side route needed,See all-route live browser evidence,Not available
https://crownwingparrots.co.uk/parrots/cockatoos/,200,https://crownwingparrots.co.uk/parrots/cockatoos/,default index/follow,"none, noindex, noarchive, nofollow, nositelinkssearchbox, noimageindex",True,"Cockatoos are intensely social parrots. Species differences affect size, noise and household fit.",1,"1,2,2,2,2,2,2,2,2,2,3,3,2,2,3,2,2,2,2,2",Complete,BreadcrumbList; ImageObject; ListItem; WebPage; WebSite,20069,"width=device-width,initial-scale=1",None,Present in response HTML; no client-side route needed,See all-route live browser evidence,Not available
https://crownwingparrots.co.uk/parrots/cockatoos/galah-cockatoo/,200,https://crownwingparrots.co.uk/parrots/cockatoos/galah-cockatoo/,default index/follow,"none, noindex, noarchive, nofollow, nositelinkssearchbox, noimageindex",True,"Discover what daily life with a Galah Cockatoo involves, including noise, companionship, enrichment, diet and housing.",1,"1,2,2,2,2,2,2,2,2,2,2,2,2,2,2,2",Complete,BreadcrumbList; ImageObject; ListItem; WebPage; WebSite,13368,"width=device-width,initial-scale=1",None,Present in response HTML; no client-side route needed,See all-route live browser evidence,Not available
https://crownwingparrots.co.uk/parrots/cockatoos/umbrella-cockatoo/,200,https://crownwingparrots.co.uk/parrots/cockatoos/umbrella-cockatoo/,default index/follow,"none, noindex, noarchive, nofollow, nositelinkssearchbox, noimageindex",True,"Read about Umbrella Cockatoo behaviour, powerful calls, housing, enrichment and long-term ownership responsibilities.",1,"1,2,2,2,2,2,2,2,2,2,2,2,2,2,2,2",Complete,BreadcrumbList; ImageObject; ListItem; WebPage; WebSite,12633,"width=device-width,initial-scale=1",None,Present in response HTML; no client-side route needed,See all-route live browser evidence,Not available
https://crownwingparrots.co.uk/parrots/conures/,200,https://crownwingparrots.co.uk/parrots/conures/,default index/follow,"none, noindex, noarchive, nofollow, nositelinkssearchbox, noimageindex",True,"Conures are active small parrots, but species differ in voice and size. Plan for daily play, social contact and lively calls.",1,"1,2,2,2,2,2,2,2,2,2,3,3,2,2,3,2,2,2,2,2",Complete,BreadcrumbList; ImageObject; ListItem; WebPage; WebSite,20805,"width=device-width,initial-scale=1",None,Present in response HTML; no client-side route needed,See all-route live browser evidence,Not available
https://crownwingparrots.co.uk/parrots/conures/green-cheeked-conure/,200,https://crownwingparrots.co.uk/parrots/conures/green-cheeked-conure/,default index/follow,"none, noindex, noarchive, nofollow, nositelinkssearchbox, noimageindex",True,"A guide to Green-cheeked Conure size, social behaviour, vocalisation, diet, training and enrichment.",1,"1,2,2,2,2,2,2,2,2,2,2,2,2,2,2,2",Complete,BreadcrumbList; ImageObject; ListItem; WebPage; WebSite,12414,"width=device-width,initial-scale=1",None,Present in response HTML; no client-side route needed,See all-route live browser evidence,Not available
https://crownwingparrots.co.uk/parrots/conures/sun-conure/,200,https://crownwingparrots.co.uk/parrots/conures/sun-conure/,default index/follow,"none, noindex, noarchive, nofollow, nositelinkssearchbox, noimageindex",True,"Learn about Sun Conure vocalisation, temperament, size, training, nutrition and the demands of daily care.",1,"1,2,2,2,2,2,2,2,2,2,2,2,2,2,2,2",Complete,BreadcrumbList; ImageObject; ListItem; WebPage; WebSite,12278,"width=device-width,initial-scale=1",None,Present in response HTML; no client-side route needed,See all-route live browser evidence,Not available
https://crownwingparrots.co.uk/parrots/eclectus/,200,https://crownwingparrots.co.uk/parrots/eclectus/,default index/follow,"none, noindex, noarchive, nofollow, nositelinkssearchbox, noimageindex",True,Eclectus parrots stand out for male and female plumage differences. Individual social preferences and a considered feeding routine matter just as much.,1,"1,2,2,2,2,2,2,2,2,2,3,2,2,3,2,2,2,2,2",Complete,BreadcrumbList; ImageObject; ListItem; WebPage; WebSite,22683,"width=device-width,initial-scale=1",None,Present in response HTML; no client-side route needed,See all-route live browser evidence,Not available
https://crownwingparrots.co.uk/parrots/eclectus/papuan-eclectus-parrot/,200,https://crownwingparrots.co.uk/parrots/eclectus/papuan-eclectus-parrot/,default index/follow,"none, noindex, noarchive, nofollow, nositelinkssearchbox, noimageindex",True,"Learn about Papuan Eclectus plumage, individual temperament, nutrition, training and long-term companion care.",1,"1,2,2,2,2,2,2,2,2,2,2,2,2,2,2,2,2",Complete,BreadcrumbList; ImageObject; ListItem; WebPage; WebSite,12834,"width=device-width,initial-scale=1",None,Present in response HTML; no client-side route needed,See all-route live browser evidence,Not available
https://crownwingparrots.co.uk/parrots/macaws/,200,https://crownwingparrots.co.uk/parrots/macaws/,default index/follow,"none, noindex, noarchive, nofollow, nositelinkssearchbox, noimageindex",True,"Macaws range from miniatures to powerful giants. Space, voice and beak strength shape home life.",1,"1,2,2,2,2,2,2,2,2,2,3,3,2,2,3,2,2,2,2,2",Complete,BreadcrumbList; ImageObject; ListItem; WebPage; WebSite,30247,"width=device-width,initial-scale=1",None,Present in response HTML; no client-side route needed,See all-route live browser evidence,Not available
https://crownwingparrots.co.uk/parrots/macaws/blue-and-gold-macaw/,200,https://crownwingparrots.co.uk/parrots/macaws/blue-and-gold-macaw/,default index/follow,"none, noindex, noarchive, nofollow, nositelinkssearchbox, noimageindex",True,"A practical guide to Blue-and-gold Macaw size, noise, social needs, housing, enrichment and the commitment involved.",1,"1,2,2,2,2,2,2,2,2,2,2,2,2,2,2,2",Complete,BreadcrumbList; ImageObject; ListItem; WebPage; WebSite,14152,"width=device-width,initial-scale=1",None,Present in response HTML; no client-side route needed,See all-route live browser evidence,Not available
https://crownwingparrots.co.uk/parrots/macaws/scarlet-macaw/,200,https://crownwingparrots.co.uk/parrots/macaws/scarlet-macaw/,default index/follow,"none, noindex, noarchive, nofollow, nositelinkssearchbox, noimageindex",True,"Understand Scarlet Macaw appearance, adult size, calls, social needs, training and the practicalities of long-term care.",1,"1,2,2,2,2,2,2,2,2,2,2,2,2,2,2,2",Complete,BreadcrumbList; ImageObject; ListItem; WebPage; WebSite,12608,"width=device-width,initial-scale=1",None,Present in response HTML; no client-side route needed,See all-route live browser evidence,Not available
https://crownwingparrots.co.uk/parrots/parakeets-small-psittacines/,200,https://crownwingparrots.co.uk/parrots/parakeets-small-psittacines/,default index/follow,"none, noindex, noarchive, nofollow, nositelinkssearchbox, noimageindex",True,"Parakeets & Budgerigars spans tiny parrotlets to larger ringnecks. Species identity changes their size, social style, sound and care.",1,"1,2,2,2,2,2,2,2,2,2,3,3,3,2,2,3,2,2,2,2,2",Complete,BreadcrumbList; ImageObject; ListItem; WebPage; WebSite,21460,"width=device-width,initial-scale=1",None,Present in response HTML; no client-side route needed,See all-route live browser evidence,Not available
https://crownwingparrots.co.uk/parrots/parakeets-small-psittacines/budgerigar/,200,https://crownwingparrots.co.uk/parrots/parakeets-small-psittacines/budgerigar/,default index/follow,"none, noindex, noarchive, nofollow, nositelinkssearchbox, noimageindex",True,"A helpful Budgerigar guide covering flock behaviour, lifespan, talking, housing, nutrition and daily enrichment.",1,"1,2,2,2,2,2,2,2,2,2,2,2,2,2,2,2",Complete,BreadcrumbList; ImageObject; ListItem; WebPage; WebSite,13751,"width=device-width,initial-scale=1",None,Present in response HTML; no client-side route needed,See all-route live browser evidence,Not available
https://crownwingparrots.co.uk/parrots/parakeets-small-psittacines/indian-ringneck-parakeet/,200,https://crownwingparrots.co.uk/parrots/parakeets-small-psittacines/indian-ringneck-parakeet/,default index/follow,"none, noindex, noarchive, nofollow, nositelinkssearchbox, noimageindex",True,"Learn about Indian Ringneck size, speech, socialisation, flight, enrichment and the long-term ownership commitment.",1,"1,2,2,2,2,2,2,2,2,2,2,2,2,2,2,2",Complete,BreadcrumbList; ImageObject; ListItem; WebPage; WebSite,12661,"width=device-width,initial-scale=1",None,Present in response HTML; no client-side route needed,See all-route live browser evidence,Not available
https://crownwingparrots.co.uk/parrots/parakeets-small-psittacines/peach-faced-lovebird/,200,https://crownwingparrots.co.uk/parrots/parakeets-small-psittacines/peach-faced-lovebird/,default index/follow,"none, noindex, noarchive, nofollow, nositelinkssearchbox, noimageindex",True,"A guide to Peach-faced Lovebird temperament, calls, companionship, housing, nutrition and everyday enrichment.",1,"1,2,2,2,2,2,2,2,2,2,2,2,2,2,2,2",Complete,BreadcrumbList; ImageObject; ListItem; WebPage; WebSite,12695,"width=device-width,initial-scale=1",None,Present in response HTML; no client-side route needed,See all-route live browser evidence,Not available
https://crownwingparrots.co.uk/privacy-policy/,200,https://crownwingparrots.co.uk/privacy-policy/,default index/follow,"none, noindex, noarchive, nofollow, nositelinkssearchbox, noimageindex",True,"How Crownwing Parrots handles website visits, downloaded enquiries and email correspondence, including retention criteria and your UK privacy rights.",1,"1,2,2,2,2,2,2,2,2,2,2,2,2,2,2,2,2",Complete,BreadcrumbList; ImageObject; ListItem; WebPage; WebSite,15025,"width=device-width,initial-scale=1",None,Present in response HTML; no client-side route needed,See all-route live browser evidence,Not available
