route,robots_directive,metadata_indexability,in_sitemap,reachability,preview_x_robots_tag,preview_http_interpretation
/,"index,follow",indexable,True,reachable,"none, noindex, noarchive, nofollow, nositelinkssearchbox, noimageindex",preview proxy blocks crawling; not app metadata
/available-birds/,"index,follow",indexable,True,reachable,"none, noindex, noarchive, nofollow, nositelinkssearchbox, noimageindex",preview proxy blocks crawling; not app metadata
/business-policies/,"index,follow",indexable,True,reachable,"none, noindex, noarchive, nofollow, nositelinkssearchbox, noimageindex",preview proxy blocks crawling; not app metadata
/contact/,"index,follow",indexable,True,reachable,"none, noindex, noarchive, nofollow, nositelinkssearchbox, noimageindex",preview proxy blocks crawling; not app metadata
/cookie-policy/,"index,follow",indexable,True,reachable,"none, noindex, noarchive, nofollow, nositelinkssearchbox, noimageindex",preview proxy blocks crawling; not app metadata
/guides/,"index,follow",indexable,True,reachable,"none, noindex, noarchive, nofollow, nositelinkssearchbox, noimageindex",preview proxy blocks crawling; not app metadata
/guides/buying-a-parrot-checklist/,"index,follow",indexable,True,reachable,"none, noindex, noarchive, nofollow, nositelinkssearchbox, noimageindex",preview proxy blocks crawling; not app metadata
/guides/buying-a-parrot/,"index,follow",indexable,True,reachable,"none, noindex, noarchive, nofollow, nositelinkssearchbox, noimageindex",preview proxy blocks crawling; not app metadata
/guides/choosing-a-parrot/,"index,follow",indexable,True,reachable,"none, noindex, noarchive, nofollow, nositelinkssearchbox, noimageindex",preview proxy blocks crawling; not app metadata
/guides/cites-parrots-uk/,"index,follow",indexable,True,reachable,"none, noindex, noarchive, nofollow, nositelinkssearchbox, noimageindex",preview proxy blocks crawling; not app metadata
/guides/parrot-diet-nutrition/,"index,follow",indexable,True,reachable,"none, noindex, noarchive, nofollow, nositelinkssearchbox, noimageindex",preview proxy blocks crawling; not app metadata
/guides/parrot-housing-enrichment/,"index,follow",indexable,True,reachable,"none, noindex, noarchive, nofollow, nositelinkssearchbox, noimageindex",preview proxy blocks crawling; not app metadata
/guides/parrot-ownership-costs/,"index,follow",indexable,True,reachable,"none, noindex, noarchive, nofollow, nositelinkssearchbox, noimageindex",preview proxy blocks crawling; not app metadata
/guides/preparing-for-a-parrot/,"index,follow",indexable,True,reachable,"none, noindex, noarchive, nofollow, nositelinkssearchbox, noimageindex",preview proxy blocks crawling; not app metadata
/locations/,"index,follow",indexable,True,reachable,"none, noindex, noarchive, nofollow, nositelinkssearchbox, noimageindex",preview proxy blocks crawling; not app metadata
/locations/belfast/,"index,follow",indexable,True,reachable,"none, noindex, noarchive, nofollow, nositelinkssearchbox, noimageindex",preview proxy blocks crawling; not app metadata
/locations/birmingham/,"index,follow",indexable,True,reachable,"none, noindex, noarchive, nofollow, nositelinkssearchbox, noimageindex",preview proxy blocks crawling; not app metadata
/locations/bristol/,"index,follow",indexable,True,reachable,"none, noindex, noarchive, nofollow, nositelinkssearchbox, noimageindex",preview proxy blocks crawling; not app metadata
/locations/cardiff/,"index,follow",indexable,True,reachable,"none, noindex, noarchive, nofollow, nositelinkssearchbox, noimageindex",preview proxy blocks crawling; not app metadata
/locations/edinburgh/,"index,follow",indexable,True,reachable,"none, noindex, noarchive, nofollow, nositelinkssearchbox, noimageindex",preview proxy blocks crawling; not app metadata
/locations/glasgow/,"index,follow",indexable,True,reachable,"none, noindex, noarchive, nofollow, nositelinkssearchbox, noimageindex",preview proxy blocks crawling; not app metadata
/locations/leeds/,"index,follow",indexable,True,reachable,"none, noindex, noarchive, nofollow, nositelinkssearchbox, noimageindex",preview proxy blocks crawling; not app metadata
/locations/liverpool/,"index,follow",indexable,True,reachable,"none, noindex, noarchive, nofollow, nositelinkssearchbox, noimageindex",preview proxy blocks crawling; not app metadata
/locations/london/,"index,follow",indexable,True,reachable,"none, noindex, noarchive, nofollow, nositelinkssearchbox, noimageindex",preview proxy blocks crawling; not app metadata
/locations/manchester/,"index,follow",indexable,True,reachable,"none, noindex, noarchive, nofollow, nositelinkssearchbox, noimageindex",preview proxy blocks crawling; not app metadata
/locations/newcastle/,"index,follow",indexable,True,reachable,"none, noindex, noarchive, nofollow, nositelinkssearchbox, noimageindex",preview proxy blocks crawling; not app metadata
/locations/nottingham/,"index,follow",indexable,True,reachable,"none, noindex, noarchive, nofollow, nositelinkssearchbox, noimageindex",preview proxy blocks crawling; not app metadata
/locations/sheffield/,"index,follow",indexable,True,reachable,"none, noindex, noarchive, nofollow, nositelinkssearchbox, noimageindex",preview proxy blocks crawling; not app metadata
/our-approach/,"index,follow",indexable,True,reachable,"none, noindex, noarchive, nofollow, nositelinkssearchbox, noimageindex",preview proxy blocks crawling; not app metadata
/parrot-care/,"index,follow",indexable,True,reachable,"none, noindex, noarchive, nofollow, nositelinkssearchbox, noimageindex",preview proxy blocks crawling; not app metadata
/parrot-prices-uk/,"index,follow",indexable,True,reachable,"none, noindex, noarchive, nofollow, nositelinkssearchbox, noimageindex",preview proxy blocks crawling; not app metadata
/parrots-for-sale/,"index,follow",indexable,True,reachable,"none, noindex, noarchive, nofollow, nositelinkssearchbox, noimageindex",preview proxy blocks crawling; not app metadata
/parrots-for-sale/african-grey-parrots/,"index,follow",indexable,True,reachable,"none, noindex, noarchive, nofollow, nositelinkssearchbox, noimageindex",preview proxy blocks crawling; not app metadata
/parrots-for-sale/amazon-parrots/,"index,follow",indexable,True,reachable,"none, noindex, noarchive, nofollow, nositelinkssearchbox, noimageindex",preview proxy blocks crawling; not app metadata
/parrots-for-sale/caiques/,"index,follow",indexable,True,reachable,"none, noindex, noarchive, nofollow, nositelinkssearchbox, noimageindex",preview proxy blocks crawling; not app metadata
/parrots-for-sale/cockatoos/,"index,follow",indexable,True,reachable,"none, noindex, noarchive, nofollow, nositelinkssearchbox, noimageindex",preview proxy blocks crawling; not app metadata
/parrots-for-sale/conures/,"index,follow",indexable,True,reachable,"none, noindex, noarchive, nofollow, nositelinkssearchbox, noimageindex",preview proxy blocks crawling; not app metadata
/parrots-for-sale/eclectus-parrots/,"index,follow",indexable,True,reachable,"none, noindex, noarchive, nofollow, nositelinkssearchbox, noimageindex",preview proxy blocks crawling; not app metadata
/parrots-for-sale/large-parrots/,"index,follow",indexable,True,reachable,"none, noindex, noarchive, nofollow, nositelinkssearchbox, noimageindex",preview proxy blocks crawling; not app metadata
/parrots-for-sale/macaws/,"index,follow",indexable,True,reachable,"none, noindex, noarchive, nofollow, nositelinkssearchbox, noimageindex",preview proxy blocks crawling; not app metadata
/parrots-for-sale/parakeets-small-parrots/,"index,follow",indexable,True,reachable,"none, noindex, noarchive, nofollow, nositelinkssearchbox, noimageindex",preview proxy blocks crawling; not app metadata
/parrots-for-sale/small-parrots/,"index,follow",indexable,True,reachable,"none, noindex, noarchive, nofollow, nositelinkssearchbox, noimageindex",preview proxy blocks crawling; not app metadata
/parrots-for-sale/talking-parrots/,"index,follow",indexable,True,reachable,"none, noindex, noarchive, nofollow, nositelinkssearchbox, noimageindex",preview proxy blocks crawling; not app metadata
/parrots/,"index,follow",indexable,True,reachable,"none, noindex, noarchive, nofollow, nositelinkssearchbox, noimageindex",preview proxy blocks crawling; not app metadata
/parrots/african-parrots/,"index,follow",indexable,True,reachable,"none, noindex, noarchive, nofollow, nositelinkssearchbox, noimageindex",preview proxy blocks crawling; not app metadata
/parrots/african-parrots/congo-african-grey-parrot/,"index,follow",indexable,True,reachable,"none, noindex, noarchive, nofollow, nositelinkssearchbox, noimageindex",preview proxy blocks crawling; not app metadata
/parrots/african-parrots/timneh-parrot/,"index,follow",indexable,True,reachable,"none, noindex, noarchive, nofollow, nositelinkssearchbox, noimageindex",preview proxy blocks crawling; not app metadata
/parrots/amazons/,"index,follow",indexable,True,reachable,"none, noindex, noarchive, nofollow, nositelinkssearchbox, noimageindex",preview proxy blocks crawling; not app metadata
/parrots/amazons/blue-fronted-amazon-parrot/,"index,follow",indexable,True,reachable,"none, noindex, noarchive, nofollow, nositelinkssearchbox, noimageindex",preview proxy blocks crawling; not app metadata
/parrots/amazons/yellow-naped-amazon-parrot/,"index,follow",indexable,True,reachable,"none, noindex, noarchive, nofollow, nositelinkssearchbox, noimageindex",preview proxy blocks crawling; not app metadata
/parrots/caiques/,"index,follow",indexable,True,reachable,"none, noindex, noarchive, nofollow, nositelinkssearchbox, noimageindex",preview proxy blocks crawling; not app metadata
/parrots/caiques/black-headed-caique/,"index,follow",indexable,True,reachable,"none, noindex, noarchive, nofollow, nositelinkssearchbox, noimageindex",preview proxy blocks crawling; not app metadata
/parrots/caiques/white-bellied-caique/,"index,follow",indexable,True,reachable,"none, noindex, noarchive, nofollow, nositelinkssearchbox, noimageindex",preview proxy blocks crawling; not app metadata
/parrots/cockatoos/,"index,follow",indexable,True,reachable,"none, noindex, noarchive, nofollow, nositelinkssearchbox, noimageindex",preview proxy blocks crawling; not app metadata
/parrots/cockatoos/galah-cockatoo/,"index,follow",indexable,True,reachable,"none, noindex, noarchive, nofollow, nositelinkssearchbox, noimageindex",preview proxy blocks crawling; not app metadata
/parrots/cockatoos/umbrella-cockatoo/,"index,follow",indexable,True,reachable,"none, noindex, noarchive, nofollow, nositelinkssearchbox, noimageindex",preview proxy blocks crawling; not app metadata
/parrots/conures/,"index,follow",indexable,True,reachable,"none, noindex, noarchive, nofollow, nositelinkssearchbox, noimageindex",preview proxy blocks crawling; not app metadata
/parrots/conures/green-cheeked-conure/,"index,follow",indexable,True,reachable,"none, noindex, noarchive, nofollow, nositelinkssearchbox, noimageindex",preview proxy blocks crawling; not app metadata
/parrots/conures/sun-conure/,"index,follow",indexable,True,reachable,"none, noindex, noarchive, nofollow, nositelinkssearchbox, noimageindex",preview proxy blocks crawling; not app metadata
/parrots/eclectus/,"index,follow",indexable,True,reachable,"none, noindex, noarchive, nofollow, nositelinkssearchbox, noimageindex",preview proxy blocks crawling; not app metadata
/parrots/eclectus/papuan-eclectus-parrot/,"index,follow",indexable,True,reachable,"none, noindex, noarchive, nofollow, nositelinkssearchbox, noimageindex",preview proxy blocks crawling; not app metadata
/parrots/macaws/,"index,follow",indexable,True,reachable,"none, noindex, noarchive, nofollow, nositelinkssearchbox, noimageindex",preview proxy blocks crawling; not app metadata
/parrots/macaws/blue-and-gold-macaw/,"index,follow",indexable,True,reachable,"none, noindex, noarchive, nofollow, nositelinkssearchbox, noimageindex",preview proxy blocks crawling; not app metadata
/parrots/macaws/scarlet-macaw/,"index,follow",indexable,True,reachable,"none, noindex, noarchive, nofollow, nositelinkssearchbox, noimageindex",preview proxy blocks crawling; not app metadata
/parrots/parakeets-small-psittacines/,"index,follow",indexable,True,reachable,"none, noindex, noarchive, nofollow, nositelinkssearchbox, noimageindex",preview proxy blocks crawling; not app metadata
/parrots/parakeets-small-psittacines/budgerigar/,"index,follow",indexable,True,reachable,"none, noindex, noarchive, nofollow, nositelinkssearchbox, noimageindex",preview proxy blocks crawling; not app metadata
/parrots/parakeets-small-psittacines/indian-ringneck-parakeet/,"index,follow",indexable,True,reachable,"none, noindex, noarchive, nofollow, nositelinkssearchbox, noimageindex",preview proxy blocks crawling; not app metadata
/parrots/parakeets-small-psittacines/peach-faced-lovebird/,"index,follow",indexable,True,reachable,"none, noindex, noarchive, nofollow, nositelinkssearchbox, noimageindex",preview proxy blocks crawling; not app metadata
/privacy-policy/,"index,follow",indexable,True,reachable,"none, noindex, noarchive, nofollow, nositelinkssearchbox, noimageindex",preview proxy blocks crawling; not app metadata
