primary_topic_keyword,intent,target_url,page_role,supporting_urls,current_ranking,mapping_status
Parrot Breeder & Retailer UK,Informational / commercial intent inferred from title and route,/,Hub,/available-birds/;/business-policies/;/contact/;/cookie-policy/;/guides/;/guides/buying-a-parrot-checklist/;/guides/buying-a-parrot/;/guides/choosing-a-parrot/;/guides/cites-parrots-uk/;/guides/parrot-diet-nutrition/;/guides/parrot-housing-enrichment/;/guides/parrot-ownership-costs/,not measured — Search Console not connected,"source-derived, review intent manually"
"Available Parrots UK: Photos, Ages & Prices",Informational / commercial intent inferred from title and route,/available-birds/,Primary,/;/business-policies/;/contact/;/cookie-policy/;/guides/;/guides/buying-a-parrot-checklist/;/guides/buying-a-parrot/;/guides/choosing-a-parrot/;/guides/cites-parrots-uk/;/guides/parrot-diet-nutrition/;/guides/parrot-housing-enrichment/;/guides/parrot-ownership-costs/,not measured — Search Console not connected,"source-derived, review intent manually"
"Payments, Delivery, Cancellation & Refund Policy",Informational / commercial intent inferred from title and route,/business-policies/,Primary,/;/available-birds/;/contact/;/cookie-policy/;/guides/;/guides/buying-a-parrot-checklist/;/guides/buying-a-parrot/;/guides/choosing-a-parrot/;/guides/cites-parrots-uk/;/guides/parrot-diet-nutrition/;/guides/parrot-housing-enrichment/;/guides/parrot-ownership-costs/,not measured — Search Console not connected,"source-derived, review intent manually"
Contact Crownwing | Available Parrot Enquiries UK,Informational / commercial intent inferred from title and route,/contact/,Primary,/;/available-birds/;/business-policies/;/cookie-policy/;/guides/;/guides/buying-a-parrot-checklist/;/guides/buying-a-parrot/;/guides/choosing-a-parrot/;/guides/cites-parrots-uk/;/guides/parrot-diet-nutrition/;/guides/parrot-housing-enrichment/;/guides/parrot-ownership-costs/,not measured — Search Console not connected,"source-derived, review intent manually"
Cookie Policy,Informational / commercial intent inferred from title and route,/cookie-policy/,Primary,/;/available-birds/;/business-policies/;/contact/;/guides/;/guides/buying-a-parrot-checklist/;/guides/buying-a-parrot/;/guides/choosing-a-parrot/;/guides/cites-parrots-uk/;/guides/parrot-diet-nutrition/;/guides/parrot-housing-enrichment/;/guides/parrot-ownership-costs/,not measured — Search Console not connected,"source-derived, review intent manually"
"UK Parrot Guides | Buying, Care & Documentation",Informational / commercial intent inferred from title and route,/guides/,Primary,/;/available-birds/;/business-policies/;/contact/;/cookie-policy/;/guides/buying-a-parrot-checklist/;/guides/buying-a-parrot/;/guides/choosing-a-parrot/;/guides/cites-parrots-uk/;/guides/parrot-diet-nutrition/;/guides/parrot-housing-enrichment/;/guides/parrot-ownership-costs/,not measured — Search Console not connected,"source-derived, review intent manually"
Buying a parrot in the UK: questions to ask,Informational / commercial intent inferred from title and route,/guides/buying-a-parrot-checklist/,Primary,/;/business-policies/;/contact/;/guides/;/guides/buying-a-parrot/;/guides/choosing-a-parrot/;/locations/belfast/;/locations/birmingham/;/locations/bristol/;/locations/cardiff/;/locations/edinburgh/;/locations/glasgow/,not measured — Search Console not connected,"source-derived, review intent manually"
How to Buy a Parrot in the UK | Complete Buyer's Guide,Informational / commercial intent inferred from title and route,/guides/buying-a-parrot/,Primary,/;/available-birds/;/guides/;/guides/buying-a-parrot-checklist/;/guides/choosing-a-parrot/;/guides/cites-parrots-uk/;/guides/parrot-diet-nutrition/;/guides/parrot-housing-enrichment/;/guides/parrot-ownership-costs/;/guides/preparing-for-a-parrot/;/parrot-care/;/parrots-for-sale/,not measured — Search Console not connected,"source-derived, review intent manually"
Which Parrot Is Right for Me? | UK Comparison Guide,Informational / commercial intent inferred from title and route,/guides/choosing-a-parrot/,Primary,/;/guides/;/guides/buying-a-parrot/;/guides/parrot-ownership-costs/;/locations/birmingham/;/locations/cardiff/;/locations/london/;/locations/nottingham/;/parrot-care/;/parrots-for-sale/african-grey-parrots/;/parrots-for-sale/amazon-parrots/;/parrots-for-sale/caiques/,not measured — Search Console not connected,"source-derived, review intent manually"
Parrot Documentation UK | CITES & Bird Registration,Informational / commercial intent inferred from title and route,/guides/cites-parrots-uk/,Primary,/;/available-birds/;/guides/;/guides/buying-a-parrot-checklist/;/guides/buying-a-parrot/;/guides/choosing-a-parrot/;/guides/parrot-diet-nutrition/;/guides/parrot-housing-enrichment/;/guides/parrot-ownership-costs/;/guides/preparing-for-a-parrot/;/parrot-care/;/parrots-for-sale/,not measured — Search Console not connected,"source-derived, review intent manually"
Parrot diet and nutrition | Feeding guide,Informational / commercial intent inferred from title and route,/guides/parrot-diet-nutrition/,Primary,/;/guides/;/guides/buying-a-parrot/;/guides/choosing-a-parrot/;/guides/preparing-for-a-parrot/;/locations/glasgow/;/parrot-care/;/parrots-for-sale/african-grey-parrots/;/parrots-for-sale/amazon-parrots/;/parrots-for-sale/caiques/;/parrots-for-sale/cockatoos/;/parrots-for-sale/conures/,not measured — Search Console not connected,"source-derived, review intent manually"
Parrot housing and enrichment | Home guide,Informational / commercial intent inferred from title and route,/guides/parrot-housing-enrichment/,Primary,/guides/;/guides/buying-a-parrot/;/guides/choosing-a-parrot/;/guides/parrot-ownership-costs/;/guides/preparing-for-a-parrot/;/locations/bristol/;/locations/leeds/;/locations/sheffield/;/parrot-care/;/parrots-for-sale/african-grey-parrots/;/parrots-for-sale/amazon-parrots/;/parrots-for-sale/caiques/,not measured — Search Console not connected,"source-derived, review intent manually"
Cost of Keeping a Parrot UK | Budget Planner,Informational / commercial intent inferred from title and route,/guides/parrot-ownership-costs/,Primary,/;/available-birds/;/guides/;/guides/buying-a-parrot-checklist/;/guides/buying-a-parrot/;/guides/choosing-a-parrot/;/guides/cites-parrots-uk/;/guides/parrot-diet-nutrition/;/guides/parrot-housing-enrichment/;/guides/preparing-for-a-parrot/;/locations/edinburgh/;/parrot-care/,not measured — Search Console not connected,"source-derived, review intent manually"
Preparing for a new parrot | First-week guide,Informational / commercial intent inferred from title and route,/guides/preparing-for-a-parrot/,Primary,/;/available-birds/;/guides/;/guides/buying-a-parrot-checklist/;/guides/buying-a-parrot/;/guides/choosing-a-parrot/;/guides/cites-parrots-uk/;/guides/parrot-diet-nutrition/;/guides/parrot-housing-enrichment/;/guides/parrot-ownership-costs/;/locations/belfast/;/locations/birmingham/,not measured — Search Console not connected,"source-derived, review intent manually"
UK parrot city guides | Local buying enquiries,Informational / commercial intent inferred from title and route,/locations/,Primary,/;/available-birds/;/business-policies/;/contact/;/cookie-policy/;/guides/;/guides/buying-a-parrot-checklist/;/guides/buying-a-parrot/;/guides/choosing-a-parrot/;/guides/cites-parrots-uk/;/guides/parrot-diet-nutrition/;/guides/parrot-housing-enrichment/,not measured — Search Console not connected,"source-derived, review intent manually"
Parrot enquiry planning for Belfast,Informational / commercial intent inferred from title and route,/locations/belfast/,Primary,/locations/,not measured — Search Console not connected,"source-derived, review intent manually"
Parrot ownership questions for Birmingham households,Informational / commercial intent inferred from title and route,/locations/birmingham/,Primary,/locations/,not measured — Search Console not connected,"source-derived, review intent manually"
Planning for a parrot in Bristol,Informational / commercial intent inferred from title and route,/locations/bristol/,Primary,/locations/,not measured — Search Console not connected,"source-derived, review intent manually"
Choosing and enquiring about parrots in Cardiff,Informational / commercial intent inferred from title and route,/locations/cardiff/,Primary,/locations/,not measured — Search Console not connected,"source-derived, review intent manually"
Long-term parrot planning in Edinburgh,Informational / commercial intent inferred from title and route,/locations/edinburgh/,Primary,/locations/,not measured — Search Console not connected,"source-derived, review intent manually"
Diet and routine questions for Glasgow parrot enquiries,Informational / commercial intent inferred from title and route,/locations/glasgow/,Primary,/locations/,not measured — Search Console not connected,"source-derived, review intent manually"
A practical parrot plan for Leeds,Informational / commercial intent inferred from title and route,/locations/leeds/,Primary,/locations/,not measured — Search Console not connected,"source-derived, review intent manually"
Questions to ask when enquiring about parrots in Liverpool,Informational / commercial intent inferred from title and route,/locations/liverpool/,Primary,/locations/,not measured — Search Console not connected,"source-derived, review intent manually"
Parrot ownership planning for London homes,Informational / commercial intent inferred from title and route,/locations/london/,Primary,/locations/,not measured — Search Console not connected,"source-derived, review intent manually"
Planning a parrot enquiry in Manchester,Informational / commercial intent inferred from title and route,/locations/manchester/,Primary,/locations/,not measured — Search Console not connected,"source-derived, review intent manually"
Parrot enquiry and transport planning for Newcastle,Informational / commercial intent inferred from title and route,/locations/newcastle/,Primary,/locations/,not measured — Search Console not connected,"source-derived, review intent manually"
Starting parrot research in Nottingham,Informational / commercial intent inferred from title and route,/locations/nottingham/,Primary,/locations/,not measured — Search Console not connected,"source-derived, review intent manually"
Enrichment and parrot planning in Sheffield,Informational / commercial intent inferred from title and route,/locations/sheffield/,Primary,/locations/,not measured — Search Console not connected,"source-derived, review intent manually"
Parrot Breeder & Retailer | Our Approach,Informational / commercial intent inferred from title and route,/our-approach/,Primary,/;/available-birds/;/business-policies/;/contact/;/cookie-policy/;/guides/;/guides/buying-a-parrot-checklist/;/guides/buying-a-parrot/;/guides/choosing-a-parrot/;/guides/cites-parrots-uk/;/guides/parrot-diet-nutrition/;/guides/parrot-housing-enrichment/,not measured — Search Console not connected,"source-derived, review intent manually"
"Parrot care guides | Diet, housing & ownership UK",Informational / commercial intent inferred from title and route,/parrot-care/,Primary,/;/available-birds/;/business-policies/;/contact/;/cookie-policy/;/guides/;/guides/buying-a-parrot-checklist/;/guides/buying-a-parrot/;/guides/choosing-a-parrot/;/guides/cites-parrots-uk/;/guides/parrot-diet-nutrition/;/guides/parrot-housing-enrichment/,not measured — Search Console not connected,"source-derived, review intent manually"
Parrot prices UK | Purchase & care costs | Buying enquiries,Informational / commercial intent inferred from title and route,/parrot-prices-uk/,Primary,/;/available-birds/;/business-policies/;/contact/;/cookie-policy/;/guides/;/guides/buying-a-parrot-checklist/;/guides/buying-a-parrot/;/guides/choosing-a-parrot/;/guides/cites-parrots-uk/;/guides/parrot-diet-nutrition/;/guides/parrot-housing-enrichment/,not measured — Search Console not connected,"source-derived, review intent manually"
Parrots for Sale UK,Informational / commercial intent inferred from title and route,/parrots-for-sale/,Hub,/;/available-birds/;/business-policies/;/contact/;/cookie-policy/;/guides/;/guides/buying-a-parrot-checklist/;/guides/buying-a-parrot/;/guides/choosing-a-parrot/;/guides/cites-parrots-uk/;/guides/parrot-diet-nutrition/;/guides/parrot-housing-enrichment/,not measured — Search Console not connected,"source-derived, review intent manually"
African Grey Parrots for Sale UK,Informational / commercial intent inferred from title and route,/parrots-for-sale/african-grey-parrots/,Primary,/guides/choosing-a-parrot/;/guides/parrot-ownership-costs/;/guides/preparing-for-a-parrot/;/locations/belfast/;/locations/birmingham/;/locations/cardiff/;/locations/edinburgh/;/locations/glasgow/;/locations/liverpool/;/locations/london/;/locations/newcastle/;/locations/nottingham/,not measured — Search Console not connected,"source-derived, review intent manually"
Amazon Parrots for Sale UK,Informational / commercial intent inferred from title and route,/parrots-for-sale/amazon-parrots/,Primary,/guides/buying-a-parrot-checklist/;/guides/parrot-diet-nutrition/;/locations/belfast/;/locations/birmingham/;/locations/liverpool/;/locations/newcastle/;/parrots-for-sale/;/parrots-for-sale/talking-parrots/;/parrots/amazons/;/parrots/amazons/blue-fronted-amazon-parrot/;/parrots/amazons/yellow-naped-amazon-parrot/,not measured — Search Console not connected,"source-derived, review intent manually"
Caique Parrots for Sale UK,Informational / commercial intent inferred from title and route,/parrots-for-sale/caiques/,Primary,/guides/parrot-housing-enrichment/;/locations/bristol/;/locations/manchester/;/locations/sheffield/;/parrots-for-sale/;/parrots/caiques/;/parrots/caiques/black-headed-caique/;/parrots/caiques/white-bellied-caique/,not measured — Search Console not connected,"source-derived, review intent manually"
Cockatoo Parrots for Sale UK,Informational / commercial intent inferred from title and route,/parrots-for-sale/cockatoos/,Primary,/guides/choosing-a-parrot/;/guides/parrot-ownership-costs/;/locations/bristol/;/locations/edinburgh/;/locations/manchester/;/parrots-for-sale/;/parrots-for-sale/large-parrots/;/parrots/cockatoos/;/parrots/cockatoos/galah-cockatoo/;/parrots/cockatoos/umbrella-cockatoo/,not measured — Search Console not connected,"source-derived, review intent manually"
Conure Parrots for Sale UK,Informational / commercial intent inferred from title and route,/parrots-for-sale/conures/,Primary,/guides/choosing-a-parrot/;/guides/preparing-for-a-parrot/;/locations/bristol/;/locations/cardiff/;/locations/leeds/;/locations/london/;/locations/manchester/;/locations/nottingham/;/parrots-for-sale/;/parrots-for-sale/small-parrots/;/parrots/conures/;/parrots/conures/green-cheeked-conure/,not measured — Search Console not connected,"source-derived, review intent manually"
Eclectus Parrots for Sale UK,Informational / commercial intent inferred from title and route,/parrots-for-sale/eclectus-parrots/,Primary,/guides/buying-a-parrot-checklist/;/guides/parrot-diet-nutrition/;/guides/preparing-for-a-parrot/;/locations/edinburgh/;/locations/glasgow/;/locations/liverpool/;/parrots-for-sale/;/parrots/eclectus/;/parrots/eclectus/papuan-eclectus-parrot/,not measured — Search Console not connected,"source-derived, review intent manually"
"Large Parrots UK: Macaw, Cockatoo & Amazon Ownership",Informational / commercial intent inferred from title and route,/parrots-for-sale/large-parrots/,Primary,/;/parrots/,not measured — Search Console not connected,"source-derived, review intent manually"
Macaw Parrots for Sale UK,Informational / commercial intent inferred from title and route,/parrots-for-sale/macaws/,Primary,/guides/buying-a-parrot-checklist/;/guides/parrot-housing-enrichment/;/guides/parrot-ownership-costs/;/locations/leeds/;/locations/newcastle/;/locations/sheffield/;/parrots-for-sale/;/parrots-for-sale/large-parrots/;/parrots/macaws/;/parrots/macaws/blue-and-gold-macaw/;/parrots/macaws/scarlet-macaw/,not measured — Search Console not connected,"source-derived, review intent manually"
Parakeets & Budgies for Sale UK,Informational / commercial intent inferred from title and route,/parrots-for-sale/parakeets-small-parrots/,Primary,/guides/parrot-diet-nutrition/;/guides/parrot-housing-enrichment/;/locations/belfast/;/locations/birmingham/;/locations/cardiff/;/locations/glasgow/;/locations/leeds/;/locations/london/;/locations/nottingham/;/locations/sheffield/;/parrots-for-sale/;/parrots-for-sale/small-parrots/,not measured — Search Console not connected,"source-derived, review intent manually"
"Small Parrots UK: Compare Budgies, Conures & Caiques",Informational / commercial intent inferred from title and route,/parrots-for-sale/small-parrots/,Primary,/;/parrots/,not measured — Search Console not connected,"source-derived, review intent manually"
"Talking Parrots UK: Speech, Noise & Buying Questions",Informational / commercial intent inferred from title and route,/parrots-for-sale/talking-parrots/,Primary,/;/parrots/,not measured — Search Console not connected,"source-derived, review intent manually"
Parrot species UK | Explore eight groups,Informational / commercial intent inferred from title and route,/parrots/,Hub,/;/available-birds/;/business-policies/;/contact/;/cookie-policy/;/guides/;/guides/buying-a-parrot-checklist/;/guides/buying-a-parrot/;/guides/choosing-a-parrot/;/guides/cites-parrots-uk/;/guides/parrot-diet-nutrition/;/guides/parrot-housing-enrichment/,not measured — Search Console not connected,"source-derived, review intent manually"
"African Grey Parrots: Size, Personality & Care",Informational / commercial intent inferred from title and route,/parrots/african-parrots/,Primary,/;/available-birds/;/guides/choosing-a-parrot/;/guides/parrot-ownership-costs/;/guides/preparing-for-a-parrot/;/locations/;/locations/belfast/;/locations/birmingham/;/locations/cardiff/;/locations/edinburgh/;/locations/glasgow/;/locations/liverpool/,not measured — Search Console not connected,"source-derived, review intent manually"
"Congo African Grey Parrot: Care, Character and Ownership",Informational / commercial intent inferred from title and route,/parrots/african-parrots/congo-african-grey-parrot/,Primary,/parrots-for-sale/african-grey-parrots/;/parrots-for-sale/talking-parrots/;/parrots/african-parrots/;/parrots/african-parrots/timneh-parrot/,not measured — Search Console not connected,"source-derived, review intent manually"
"Timneh Parrot: Personality, Size and Care Guide",Informational / commercial intent inferred from title and route,/parrots/african-parrots/timneh-parrot/,Primary,/parrots-for-sale/african-grey-parrots/;/parrots-for-sale/talking-parrots/;/parrots/african-parrots/;/parrots/african-parrots/congo-african-grey-parrot/,not measured — Search Console not connected,"source-derived, review intent manually"
"Amazon Parrots: Size, Personality & Care",Informational / commercial intent inferred from title and route,/parrots/amazons/,Primary,/;/available-birds/;/guides/buying-a-parrot-checklist/;/guides/parrot-diet-nutrition/;/locations/;/locations/belfast/;/locations/birmingham/;/locations/liverpool/;/locations/newcastle/;/parrot-care/;/parrot-prices-uk/;/parrots-for-sale/,not measured — Search Console not connected,"source-derived, review intent manually"
Blue-fronted Amazon Parrot: Care and Character,Informational / commercial intent inferred from title and route,/parrots/amazons/blue-fronted-amazon-parrot/,Primary,/parrots-for-sale/amazon-parrots/;/parrots-for-sale/large-parrots/;/parrots-for-sale/talking-parrots/;/parrots/amazons/;/parrots/amazons/yellow-naped-amazon-parrot/,not measured — Search Console not connected,"source-derived, review intent manually"
Yellow-naped Amazon Parrot: Voice and Care,Informational / commercial intent inferred from title and route,/parrots/amazons/yellow-naped-amazon-parrot/,Primary,/parrots-for-sale/amazon-parrots/;/parrots-for-sale/large-parrots/;/parrots-for-sale/talking-parrots/;/parrots/amazons/;/parrots/amazons/blue-fronted-amazon-parrot/,not measured — Search Console not connected,"source-derived, review intent manually"
"Caique Parrots: Size, Personality & Care",Informational / commercial intent inferred from title and route,/parrots/caiques/,Primary,/;/available-birds/;/guides/parrot-housing-enrichment/;/locations/;/locations/bristol/;/locations/manchester/;/locations/sheffield/;/parrot-care/;/parrot-prices-uk/;/parrots-for-sale/;/parrots-for-sale/caiques/;/parrots-for-sale/small-parrots/,not measured — Search Console not connected,"source-derived, review intent manually"
"Black-headed Caique: Energy, Play and Care",Informational / commercial intent inferred from title and route,/parrots/caiques/black-headed-caique/,Primary,/parrots-for-sale/caiques/;/parrots-for-sale/small-parrots/;/parrots/caiques/;/parrots/caiques/white-bellied-caique/,not measured — Search Console not connected,"source-derived, review intent manually"
White-bellied Caique: Personality and Care,Informational / commercial intent inferred from title and route,/parrots/caiques/white-bellied-caique/,Primary,/parrots-for-sale/caiques/;/parrots-for-sale/small-parrots/;/parrots/caiques/;/parrots/caiques/black-headed-caique/,not measured — Search Console not connected,"source-derived, review intent manually"
"Cockatoo Parrots: Size, Personality & Care",Informational / commercial intent inferred from title and route,/parrots/cockatoos/,Primary,/;/available-birds/;/guides/choosing-a-parrot/;/guides/parrot-ownership-costs/;/locations/;/locations/bristol/;/locations/edinburgh/;/locations/manchester/;/parrot-care/;/parrot-prices-uk/;/parrots-for-sale/;/parrots-for-sale/cockatoos/,not measured — Search Console not connected,"source-derived, review intent manually"
"Galah Cockatoo: Temperament, Size and Care",Informational / commercial intent inferred from title and route,/parrots/cockatoos/galah-cockatoo/,Primary,/parrots-for-sale/cockatoos/;/parrots-for-sale/large-parrots/;/parrots/cockatoos/;/parrots/cockatoos/umbrella-cockatoo/,not measured — Search Console not connected,"source-derived, review intent manually"
Umbrella Cockatoo: Social Needs and Care Guide,Informational / commercial intent inferred from title and route,/parrots/cockatoos/umbrella-cockatoo/,Primary,/parrots-for-sale/cockatoos/;/parrots-for-sale/large-parrots/;/parrots/cockatoos/;/parrots/cockatoos/galah-cockatoo/,not measured — Search Console not connected,"source-derived, review intent manually"
"Conure Parrots: Size, Personality & Care",Informational / commercial intent inferred from title and route,/parrots/conures/,Primary,/;/available-birds/;/guides/choosing-a-parrot/;/guides/preparing-for-a-parrot/;/locations/;/locations/bristol/;/locations/cardiff/;/locations/leeds/;/locations/london/;/locations/manchester/;/locations/nottingham/;/parrot-care/,not measured — Search Console not connected,"source-derived, review intent manually"
Green-cheeked Conure: Personality and Care,Informational / commercial intent inferred from title and route,/parrots/conures/green-cheeked-conure/,Primary,/parrots-for-sale/conures/;/parrots-for-sale/small-parrots/;/parrots/conures/;/parrots/conures/sun-conure/,not measured — Search Console not connected,"source-derived, review intent manually"
"Sun Conure: Noise, Character and Care Guide",Informational / commercial intent inferred from title and route,/parrots/conures/sun-conure/,Primary,/parrots-for-sale/conures/;/parrots-for-sale/small-parrots/;/parrots/conures/;/parrots/conures/green-cheeked-conure/,not measured — Search Console not connected,"source-derived, review intent manually"
"Eclectus Parrots: Size, Personality & Care",Informational / commercial intent inferred from title and route,/parrots/eclectus/,Primary,/;/available-birds/;/guides/buying-a-parrot-checklist/;/guides/parrot-diet-nutrition/;/guides/preparing-for-a-parrot/;/locations/;/locations/edinburgh/;/locations/glasgow/;/locations/liverpool/;/parrot-care/;/parrot-prices-uk/;/parrots-for-sale/,not measured — Search Console not connected,"source-derived, review intent manually"
Papuan Eclectus Parrot: Appearance and Care,Informational / commercial intent inferred from title and route,/parrots/eclectus/papuan-eclectus-parrot/,Primary,/parrots-for-sale/eclectus-parrots/;/parrots/eclectus/,not measured — Search Console not connected,"source-derived, review intent manually"
"Macaw Parrots: Size, Personality & Care",Informational / commercial intent inferred from title and route,/parrots/macaws/,Primary,/;/available-birds/;/guides/buying-a-parrot-checklist/;/guides/parrot-housing-enrichment/;/guides/parrot-ownership-costs/;/locations/;/locations/leeds/;/locations/newcastle/;/locations/sheffield/;/parrot-care/;/parrot-prices-uk/;/parrots-for-sale/,not measured — Search Console not connected,"source-derived, review intent manually"
"Blue-and-gold Macaw: Size, Character and Care",Informational / commercial intent inferred from title and route,/parrots/macaws/blue-and-gold-macaw/,Primary,/parrots-for-sale/large-parrots/;/parrots-for-sale/macaws/;/parrots/macaws/;/parrots/macaws/scarlet-macaw/,not measured — Search Console not connected,"source-derived, review intent manually"
Scarlet Macaw: A Guide to Care and Ownership,Informational / commercial intent inferred from title and route,/parrots/macaws/scarlet-macaw/,Primary,/parrots-for-sale/large-parrots/;/parrots-for-sale/macaws/;/parrots/macaws/;/parrots/macaws/blue-and-gold-macaw/,not measured — Search Console not connected,"source-derived, review intent manually"
"Parakeets & Budgerigars: Size, Personality & Care",Informational / commercial intent inferred from title and route,/parrots/parakeets-small-psittacines/,Primary,/;/available-birds/;/guides/parrot-diet-nutrition/;/guides/parrot-housing-enrichment/;/locations/;/locations/belfast/;/locations/birmingham/;/locations/cardiff/;/locations/glasgow/;/locations/leeds/;/locations/london/;/locations/nottingham/,not measured — Search Console not connected,"source-derived, review intent manually"
"Budgerigar: Social Needs, Training and Care",Informational / commercial intent inferred from title and route,/parrots/parakeets-small-psittacines/budgerigar/,Primary,/parrots-for-sale/parakeets-small-parrots/;/parrots-for-sale/small-parrots/;/parrots-for-sale/talking-parrots/;/parrots/parakeets-small-psittacines/;/parrots/parakeets-small-psittacines/indian-ringneck-parakeet/;/parrots/parakeets-small-psittacines/peach-faced-lovebird/,not measured — Search Console not connected,"source-derived, review intent manually"
Indian Ringneck Parakeet: Character and Care,Informational / commercial intent inferred from title and route,/parrots/parakeets-small-psittacines/indian-ringneck-parakeet/,Primary,/parrots-for-sale/parakeets-small-parrots/;/parrots-for-sale/small-parrots/;/parrots-for-sale/talking-parrots/;/parrots/parakeets-small-psittacines/;/parrots/parakeets-small-psittacines/budgerigar/;/parrots/parakeets-small-psittacines/peach-faced-lovebird/,not measured — Search Console not connected,"source-derived, review intent manually"
Peach-faced Lovebird: Social Life and Care,Informational / commercial intent inferred from title and route,/parrots/parakeets-small-psittacines/peach-faced-lovebird/,Primary,/parrots-for-sale/parakeets-small-parrots/;/parrots-for-sale/small-parrots/;/parrots-for-sale/talking-parrots/;/parrots/parakeets-small-psittacines/;/parrots/parakeets-small-psittacines/budgerigar/;/parrots/parakeets-small-psittacines/indian-ringneck-parakeet/,not measured — Search Console not connected,"source-derived, review intent manually"
Privacy Policy,Informational / commercial intent inferred from title and route,/privacy-policy/,Primary,/;/available-birds/;/business-policies/;/contact/;/cookie-policy/;/guides/;/guides/buying-a-parrot-checklist/;/guides/buying-a-parrot/;/guides/choosing-a-parrot/;/guides/cites-parrots-uk/;/guides/parrot-diet-nutrition/;/guides/parrot-housing-enrichment/,not measured — Search Console not connected,"source-derived, review intent manually"
