route,inbound_link_sources,source_chrome_link_count,reachable_from_home,minimum_depth,evidence_note
/,/ [chrome];/available-birds/ [chrome];/available-birds/ [main];/business-policies/ [chrome];/business-policies/ [main];/contact/ [chrome];/contact/ [main];/cookie-policy/ [chrome];/cookie-policy/ [main];/guides/ [chrome];/guides/ [main];/guides/buying-a-parrot-checklist/ [chrome];/guides/buying-a-parrot-checklist/ [main];/guides/buying-a-parrot/ [chrome];/guides/buying-a-parrot/ [main];/guides/choosing-a-parrot/ [chrome];/guides/choosing-a-parrot/ [main];/guides/cites-parrots-uk/ [chrome];/guides/cites-parrots-uk/ [main];/guides/parrot-diet-nutrition/ [chrome];/guides/parrot-diet-nutrition/ [main];/guides/parrot-housing-enrichment/ [chrome];/guides/parrot-housing-enrichment/ [main];/guides/parrot-ownership-costs/ [chrome];/guides/parrot-ownership-costs/ [main];/guides/preparing-for-a-parrot/ [chrome];/guides/preparing-for-a-parrot/ [main];/locations/ [chrome];/locations/ [main];/locations/belfast/ [chrome];/locations/belfast/ [main];/locations/birmingham/ [chrome];/locations/birmingham/ [main];/locations/bristol/ [chrome];/locations/bristol/ [main];/locations/cardiff/ [chrome];/locations/cardiff/ [main];/locations/edinburgh/ [chrome];/locations/edinburgh/ [main];/locations/glasgow/ [chrome];/locations/glasgow/ [main];/locations/leeds/ [chrome];/locations/leeds/ [main];/locations/liverpool/ [chrome];/locations/liverpool/ [main];/locations/london/ [chrome];/locations/london/ [main];/locations/manchester/ [chrome];/locations/manchester/ [main];/locations/newcastle/ [chrome];/locations/newcastle/ [main];/locations/nottingham/ [chrome];/locations/nottingham/ [main];/locations/sheffield/ [chrome];/locations/sheffield/ [main];/our-approach/ [chrome];/our-approach/ [main];/parrot-care/ [chrome];/parrot-care/ [main];/parrot-prices-uk/ [chrome];/parrot-prices-uk/ [main];/parrots-for-sale/ [chrome];/parrots-for-sale/ [main];/parrots-for-sale/african-grey-parrots/ [chrome];/parrots-for-sale/african-grey-parrots/ [main];/parrots-for-sale/amazon-parrots/ [chrome];/parrots-for-sale/amazon-parrots/ [main];/parrots-for-sale/caiques/ [chrome];/parrots-for-sale/caiques/ [main];/parrots-for-sale/cockatoos/ [chrome];/parrots-for-sale/cockatoos/ [main];/parrots-for-sale/conures/ [chrome];/parrots-for-sale/conures/ [main];/parrots-for-sale/eclectus-parrots/ [chrome];/parrots-for-sale/eclectus-parrots/ [main];/parrots-for-sale/large-parrots/ [chrome];/parrots-for-sale/large-parrots/ [main];/parrots-for-sale/macaws/ [chrome];/parrots-for-sale/macaws/ [main];/parrots-for-sale/parakeets-small-parrots/ [chrome];/parrots-for-sale/parakeets-small-parrots/ [main];/parrots-for-sale/small-parrots/ [chrome];/parrots-for-sale/small-parrots/ [main];/parrots-for-sale/talking-parrots/ [chrome];/parrots-for-sale/talking-parrots/ [main];/parrots/ [chrome];/parrots/ [main];/parrots/african-parrots/ [chrome];/parrots/african-parrots/congo-african-grey-parrot/ [chrome];/parrots/african-parrots/congo-african-grey-parrot/ [main];/parrots/african-parrots/timneh-parrot/ [chrome];/parrots/african-parrots/timneh-parrot/ [main];/parrots/amazons/ [chrome];/parrots/amazons/blue-fronted-amazon-parrot/ [chrome];/parrots/amazons/blue-fronted-amazon-parrot/ [main];/parrots/amazons/yellow-naped-amazon-parrot/ [chrome];/parrots/amazons/yellow-naped-amazon-parrot/ [main];/parrots/caiques/ [chrome];/parrots/caiques/black-headed-caique/ [chrome];/parrots/caiques/black-headed-caique/ [main];/parrots/caiques/white-bellied-caique/ [chrome];/parrots/caiques/white-bellied-caique/ [main];/parrots/cockatoos/ [chrome];/parrots/cockatoos/galah-cockatoo/ [chrome];/parrots/cockatoos/galah-cockatoo/ [main];/parrots/cockatoos/umbrella-cockatoo/ [chrome];/parrots/cockatoos/umbrella-cockatoo/ [main];/parrots/conures/ [chrome];/parrots/conures/green-cheeked-conure/ [chrome];/parrots/conures/green-cheeked-conure/ [main];/parrots/conures/sun-conure/ [chrome];/parrots/conures/sun-conure/ [main];/parrots/eclectus/ [chrome];/parrots/eclectus/papuan-eclectus-parrot/ [chrome];/parrots/eclectus/papuan-eclectus-parrot/ [main];/parrots/macaws/ [chrome];/parrots/macaws/blue-and-gold-macaw/ [chrome];/parrots/macaws/blue-and-gold-macaw/ [main];/parrots/macaws/scarlet-macaw/ [chrome];/parrots/macaws/scarlet-macaw/ [main];/parrots/parakeets-small-psittacines/ [chrome];/parrots/parakeets-small-psittacines/budgerigar/ [chrome];/parrots/parakeets-small-psittacines/budgerigar/ [main];/parrots/parakeets-small-psittacines/indian-ringneck-parakeet/ [chrome];/parrots/parakeets-small-psittacines/indian-ringneck-parakeet/ [main];/parrots/parakeets-small-psittacines/peach-faced-lovebird/ [chrome];/parrots/parakeets-small-psittacines/peach-faced-lovebird/ [main];/privacy-policy/ [chrome];/privacy-policy/ [main],69,yes,0,main vs chrome link sources shown in internal-links.csv
/available-birds/,/ [chrome];/ [main];/available-birds/ [chrome];/available-birds/ [main];/business-policies/ [chrome];/contact/ [chrome];/contact/ [main];/cookie-policy/ [chrome];/guides/ [chrome];/guides/ [main];/guides/buying-a-parrot-checklist/ [chrome];/guides/buying-a-parrot/ [chrome];/guides/buying-a-parrot/ [main];/guides/choosing-a-parrot/ [chrome];/guides/cites-parrots-uk/ [chrome];/guides/cites-parrots-uk/ [main];/guides/parrot-diet-nutrition/ [chrome];/guides/parrot-housing-enrichment/ [chrome];/guides/parrot-ownership-costs/ [chrome];/guides/preparing-for-a-parrot/ [chrome];/locations/ [chrome];/locations/belfast/ [chrome];/locations/birmingham/ [chrome];/locations/bristol/ [chrome];/locations/cardiff/ [chrome];/locations/edinburgh/ [chrome];/locations/glasgow/ [chrome];/locations/leeds/ [chrome];/locations/liverpool/ [chrome];/locations/london/ [chrome];/locations/manchester/ [chrome];/locations/newcastle/ [chrome];/locations/nottingham/ [chrome];/locations/sheffield/ [chrome];/our-approach/ [chrome];/our-approach/ [main];/parrot-care/ [chrome];/parrot-prices-uk/ [chrome];/parrots-for-sale/ [chrome];/parrots-for-sale/ [main];/parrots-for-sale/african-grey-parrots/ [chrome];/parrots-for-sale/african-grey-parrots/ [main];/parrots-for-sale/amazon-parrots/ [chrome];/parrots-for-sale/amazon-parrots/ [main];/parrots-for-sale/caiques/ [chrome];/parrots-for-sale/caiques/ [main];/parrots-for-sale/cockatoos/ [chrome];/parrots-for-sale/cockatoos/ [main];/parrots-for-sale/conures/ [chrome];/parrots-for-sale/conures/ [main];/parrots-for-sale/eclectus-parrots/ [chrome];/parrots-for-sale/eclectus-parrots/ [main];/parrots-for-sale/large-parrots/ [chrome];/parrots-for-sale/large-parrots/ [main];/parrots-for-sale/macaws/ [chrome];/parrots-for-sale/macaws/ [main];/parrots-for-sale/parakeets-small-parrots/ [chrome];/parrots-for-sale/parakeets-small-parrots/ [main];/parrots-for-sale/small-parrots/ [chrome];/parrots-for-sale/small-parrots/ [main];/parrots-for-sale/talking-parrots/ [chrome];/parrots-for-sale/talking-parrots/ [main];/parrots/ [chrome];/parrots/african-parrots/ [chrome];/parrots/african-parrots/ [main];/parrots/african-parrots/congo-african-grey-parrot/ [chrome];/parrots/african-parrots/congo-african-grey-parrot/ [main];/parrots/african-parrots/timneh-parrot/ [chrome];/parrots/african-parrots/timneh-parrot/ [main];/parrots/amazons/ [chrome];/parrots/amazons/ [main];/parrots/amazons/blue-fronted-amazon-parrot/ [chrome];/parrots/amazons/blue-fronted-amazon-parrot/ [main];/parrots/amazons/yellow-naped-amazon-parrot/ [chrome];/parrots/amazons/yellow-naped-amazon-parrot/ [main];/parrots/caiques/ [chrome];/parrots/caiques/ [main];/parrots/caiques/black-headed-caique/ [chrome];/parrots/caiques/black-headed-caique/ [main];/parrots/caiques/white-bellied-caique/ [chrome];/parrots/caiques/white-bellied-caique/ [main];/parrots/cockatoos/ [chrome];/parrots/cockatoos/ [main];/parrots/cockatoos/galah-cockatoo/ [chrome];/parrots/cockatoos/galah-cockatoo/ [main];/parrots/cockatoos/umbrella-cockatoo/ [chrome];/parrots/cockatoos/umbrella-cockatoo/ [main];/parrots/conures/ [chrome];/parrots/conures/ [main];/parrots/conures/green-cheeked-conure/ [chrome];/parrots/conures/green-cheeked-conure/ [main];/parrots/conures/sun-conure/ [chrome];/parrots/conures/sun-conure/ [main];/parrots/eclectus/ [chrome];/parrots/eclectus/ [main];/parrots/eclectus/papuan-eclectus-parrot/ [chrome];/parrots/eclectus/papuan-eclectus-parrot/ [main];/parrots/macaws/ [chrome];/parrots/macaws/ [main];/parrots/macaws/blue-and-gold-macaw/ [chrome];/parrots/macaws/blue-and-gold-macaw/ [main];/parrots/macaws/scarlet-macaw/ [chrome];/parrots/macaws/scarlet-macaw/ [main];/parrots/parakeets-small-psittacines/ [chrome];/parrots/parakeets-small-psittacines/ [main];/parrots/parakeets-small-psittacines/budgerigar/ [chrome];/parrots/parakeets-small-psittacines/budgerigar/ [main];/parrots/parakeets-small-psittacines/indian-ringneck-parakeet/ [chrome];/parrots/parakeets-small-psittacines/indian-ringneck-parakeet/ [main];/parrots/parakeets-small-psittacines/peach-faced-lovebird/ [chrome];/parrots/parakeets-small-psittacines/peach-faced-lovebird/ [main];/privacy-policy/ [chrome],69,yes,1,main vs chrome link sources shown in internal-links.csv
/business-policies/,/ [chrome];/available-birds/ [chrome];/business-policies/ [chrome];/contact/ [chrome];/contact/ [main];/cookie-policy/ [chrome];/cookie-policy/ [main];/guides/ [chrome];/guides/buying-a-parrot-checklist/ [chrome];/guides/buying-a-parrot/ [chrome];/guides/choosing-a-parrot/ [chrome];/guides/cites-parrots-uk/ [chrome];/guides/parrot-diet-nutrition/ [chrome];/guides/parrot-housing-enrichment/ [chrome];/guides/parrot-ownership-costs/ [chrome];/guides/preparing-for-a-parrot/ [chrome];/locations/ [chrome];/locations/belfast/ [chrome];/locations/belfast/ [main];/locations/birmingham/ [chrome];/locations/birmingham/ [main];/locations/bristol/ [chrome];/locations/bristol/ [main];/locations/cardiff/ [chrome];/locations/cardiff/ [main];/locations/edinburgh/ [chrome];/locations/edinburgh/ [main];/locations/glasgow/ [chrome];/locations/glasgow/ [main];/locations/leeds/ [chrome];/locations/leeds/ [main];/locations/liverpool/ [chrome];/locations/liverpool/ [main];/locations/london/ [chrome];/locations/london/ [main];/locations/manchester/ [chrome];/locations/manchester/ [main];/locations/newcastle/ [chrome];/locations/newcastle/ [main];/locations/nottingham/ [chrome];/locations/nottingham/ [main];/locations/sheffield/ [chrome];/locations/sheffield/ [main];/our-approach/ [chrome];/parrot-care/ [chrome];/parrot-prices-uk/ [chrome];/parrots-for-sale/ [chrome];/parrots-for-sale/african-grey-parrots/ [chrome];/parrots-for-sale/amazon-parrots/ [chrome];/parrots-for-sale/caiques/ [chrome];/parrots-for-sale/cockatoos/ [chrome];/parrots-for-sale/conures/ [chrome];/parrots-for-sale/eclectus-parrots/ [chrome];/parrots-for-sale/large-parrots/ [chrome];/parrots-for-sale/macaws/ [chrome];/parrots-for-sale/parakeets-small-parrots/ [chrome];/parrots-for-sale/small-parrots/ [chrome];/parrots-for-sale/talking-parrots/ [chrome];/parrots/ [chrome];/parrots/african-parrots/ [chrome];/parrots/african-parrots/congo-african-grey-parrot/ [chrome];/parrots/african-parrots/timneh-parrot/ [chrome];/parrots/amazons/ [chrome];/parrots/amazons/blue-fronted-amazon-parrot/ [chrome];/parrots/amazons/yellow-naped-amazon-parrot/ [chrome];/parrots/caiques/ [chrome];/parrots/caiques/black-headed-caique/ [chrome];/parrots/caiques/white-bellied-caique/ [chrome];/parrots/cockatoos/ [chrome];/parrots/cockatoos/galah-cockatoo/ [chrome];/parrots/cockatoos/umbrella-cockatoo/ [chrome];/parrots/conures/ [chrome];/parrots/conures/green-cheeked-conure/ [chrome];/parrots/conures/sun-conure/ [chrome];/parrots/eclectus/ [chrome];/parrots/eclectus/papuan-eclectus-parrot/ [chrome];/parrots/macaws/ [chrome];/parrots/macaws/blue-and-gold-macaw/ [chrome];/parrots/macaws/scarlet-macaw/ [chrome];/parrots/parakeets-small-psittacines/ [chrome];/parrots/parakeets-small-psittacines/budgerigar/ [chrome];/parrots/parakeets-small-psittacines/indian-ringneck-parakeet/ [chrome];/parrots/parakeets-small-psittacines/peach-faced-lovebird/ [chrome];/privacy-policy/ [chrome];/privacy-policy/ [main],69,yes,1,main vs chrome link sources shown in internal-links.csv
/contact/,/ [chrome];/ [main];/available-birds/ [chrome];/available-birds/ [main];/business-policies/ [chrome];/business-policies/ [main];/contact/ [chrome];/cookie-policy/ [chrome];/cookie-policy/ [main];/guides/ [chrome];/guides/ [main];/guides/buying-a-parrot-checklist/ [chrome];/guides/buying-a-parrot-checklist/ [main];/guides/buying-a-parrot/ [chrome];/guides/buying-a-parrot/ [main];/guides/choosing-a-parrot/ [chrome];/guides/choosing-a-parrot/ [main];/guides/cites-parrots-uk/ [chrome];/guides/cites-parrots-uk/ [main];/guides/parrot-diet-nutrition/ [chrome];/guides/parrot-diet-nutrition/ [main];/guides/parrot-housing-enrichment/ [chrome];/guides/parrot-housing-enrichment/ [main];/guides/parrot-ownership-costs/ [chrome];/guides/parrot-ownership-costs/ [main];/guides/preparing-for-a-parrot/ [chrome];/guides/preparing-for-a-parrot/ [main];/locations/ [chrome];/locations/belfast/ [chrome];/locations/birmingham/ [chrome];/locations/bristol/ [chrome];/locations/cardiff/ [chrome];/locations/edinburgh/ [chrome];/locations/glasgow/ [chrome];/locations/leeds/ [chrome];/locations/liverpool/ [chrome];/locations/london/ [chrome];/locations/manchester/ [chrome];/locations/newcastle/ [chrome];/locations/nottingham/ [chrome];/locations/sheffield/ [chrome];/our-approach/ [chrome];/our-approach/ [main];/parrot-care/ [chrome];/parrot-care/ [main];/parrot-prices-uk/ [chrome];/parrot-prices-uk/ [main];/parrots-for-sale/ [chrome];/parrots-for-sale/ [main];/parrots-for-sale/african-grey-parrots/ [chrome];/parrots-for-sale/african-grey-parrots/ [main];/parrots-for-sale/amazon-parrots/ [chrome];/parrots-for-sale/amazon-parrots/ [main];/parrots-for-sale/caiques/ [chrome];/parrots-for-sale/caiques/ [main];/parrots-for-sale/cockatoos/ [chrome];/parrots-for-sale/cockatoos/ [main];/parrots-for-sale/conures/ [chrome];/parrots-for-sale/conures/ [main];/parrots-for-sale/eclectus-parrots/ [chrome];/parrots-for-sale/eclectus-parrots/ [main];/parrots-for-sale/large-parrots/ [chrome];/parrots-for-sale/macaws/ [chrome];/parrots-for-sale/macaws/ [main];/parrots-for-sale/parakeets-small-parrots/ [chrome];/parrots-for-sale/parakeets-small-parrots/ [main];/parrots-for-sale/small-parrots/ [chrome];/parrots-for-sale/talking-parrots/ [chrome];/parrots/ [chrome];/parrots/african-parrots/ [chrome];/parrots/african-parrots/ [main];/parrots/african-parrots/congo-african-grey-parrot/ [chrome];/parrots/african-parrots/congo-african-grey-parrot/ [main];/parrots/african-parrots/timneh-parrot/ [chrome];/parrots/african-parrots/timneh-parrot/ [main];/parrots/amazons/ [chrome];/parrots/amazons/ [main];/parrots/amazons/blue-fronted-amazon-parrot/ [chrome];/parrots/amazons/blue-fronted-amazon-parrot/ [main];/parrots/amazons/yellow-naped-amazon-parrot/ [chrome];/parrots/amazons/yellow-naped-amazon-parrot/ [main];/parrots/caiques/ [chrome];/parrots/caiques/ [main];/parrots/caiques/black-headed-caique/ [chrome];/parrots/caiques/black-headed-caique/ [main];/parrots/caiques/white-bellied-caique/ [chrome];/parrots/caiques/white-bellied-caique/ [main];/parrots/cockatoos/ [chrome];/parrots/cockatoos/ [main];/parrots/cockatoos/galah-cockatoo/ [chrome];/parrots/cockatoos/galah-cockatoo/ [main];/parrots/cockatoos/umbrella-cockatoo/ [chrome];/parrots/cockatoos/umbrella-cockatoo/ [main];/parrots/conures/ [chrome];/parrots/conures/ [main];/parrots/conures/green-cheeked-conure/ [chrome];/parrots/conures/green-cheeked-conure/ [main];/parrots/conures/sun-conure/ [chrome];/parrots/conures/sun-conure/ [main];/parrots/eclectus/ [chrome];/parrots/eclectus/ [main];/parrots/eclectus/papuan-eclectus-parrot/ [chrome];/parrots/eclectus/papuan-eclectus-parrot/ [main];/parrots/macaws/ [chrome];/parrots/macaws/ [main];/parrots/macaws/blue-and-gold-macaw/ [chrome];/parrots/macaws/blue-and-gold-macaw/ [main];/parrots/macaws/scarlet-macaw/ [chrome];/parrots/macaws/scarlet-macaw/ [main];/parrots/parakeets-small-psittacines/ [chrome];/parrots/parakeets-small-psittacines/ [main];/parrots/parakeets-small-psittacines/budgerigar/ [chrome];/parrots/parakeets-small-psittacines/budgerigar/ [main];/parrots/parakeets-small-psittacines/indian-ringneck-parakeet/ [chrome];/parrots/parakeets-small-psittacines/indian-ringneck-parakeet/ [main];/parrots/parakeets-small-psittacines/peach-faced-lovebird/ [chrome];/parrots/parakeets-small-psittacines/peach-faced-lovebird/ [main];/privacy-policy/ [chrome];/privacy-policy/ [main],69,yes,1,main vs chrome link sources shown in internal-links.csv
/cookie-policy/,/ [chrome];/available-birds/ [chrome];/business-policies/ [chrome];/business-policies/ [main];/contact/ [chrome];/cookie-policy/ [chrome];/guides/ [chrome];/guides/buying-a-parrot-checklist/ [chrome];/guides/buying-a-parrot/ [chrome];/guides/choosing-a-parrot/ [chrome];/guides/cites-parrots-uk/ [chrome];/guides/parrot-diet-nutrition/ [chrome];/guides/parrot-housing-enrichment/ [chrome];/guides/parrot-ownership-costs/ [chrome];/guides/preparing-for-a-parrot/ [chrome];/locations/ [chrome];/locations/belfast/ [chrome];/locations/birmingham/ [chrome];/locations/bristol/ [chrome];/locations/cardiff/ [chrome];/locations/edinburgh/ [chrome];/locations/glasgow/ [chrome];/locations/leeds/ [chrome];/locations/liverpool/ [chrome];/locations/london/ [chrome];/locations/manchester/ [chrome];/locations/newcastle/ [chrome];/locations/nottingham/ [chrome];/locations/sheffield/ [chrome];/our-approach/ [chrome];/parrot-care/ [chrome];/parrot-prices-uk/ [chrome];/parrots-for-sale/ [chrome];/parrots-for-sale/african-grey-parrots/ [chrome];/parrots-for-sale/amazon-parrots/ [chrome];/parrots-for-sale/caiques/ [chrome];/parrots-for-sale/cockatoos/ [chrome];/parrots-for-sale/conures/ [chrome];/parrots-for-sale/eclectus-parrots/ [chrome];/parrots-for-sale/large-parrots/ [chrome];/parrots-for-sale/macaws/ [chrome];/parrots-for-sale/parakeets-small-parrots/ [chrome];/parrots-for-sale/small-parrots/ [chrome];/parrots-for-sale/talking-parrots/ [chrome];/parrots/ [chrome];/parrots/african-parrots/ [chrome];/parrots/african-parrots/congo-african-grey-parrot/ [chrome];/parrots/african-parrots/timneh-parrot/ [chrome];/parrots/amazons/ [chrome];/parrots/amazons/blue-fronted-amazon-parrot/ [chrome];/parrots/amazons/yellow-naped-amazon-parrot/ [chrome];/parrots/caiques/ [chrome];/parrots/caiques/black-headed-caique/ [chrome];/parrots/caiques/white-bellied-caique/ [chrome];/parrots/cockatoos/ [chrome];/parrots/cockatoos/galah-cockatoo/ [chrome];/parrots/cockatoos/umbrella-cockatoo/ [chrome];/parrots/conures/ [chrome];/parrots/conures/green-cheeked-conure/ [chrome];/parrots/conures/sun-conure/ [chrome];/parrots/eclectus/ [chrome];/parrots/eclectus/papuan-eclectus-parrot/ [chrome];/parrots/macaws/ [chrome];/parrots/macaws/blue-and-gold-macaw/ [chrome];/parrots/macaws/scarlet-macaw/ [chrome];/parrots/parakeets-small-psittacines/ [chrome];/parrots/parakeets-small-psittacines/budgerigar/ [chrome];/parrots/parakeets-small-psittacines/indian-ringneck-parakeet/ [chrome];/parrots/parakeets-small-psittacines/peach-faced-lovebird/ [chrome];/privacy-policy/ [chrome];/privacy-policy/ [main],69,yes,1,main vs chrome link sources shown in internal-links.csv
/guides/,/ [chrome];/available-birds/ [chrome];/business-policies/ [chrome];/contact/ [chrome];/cookie-policy/ [chrome];/guides/ [chrome];/guides/ [main];/guides/buying-a-parrot-checklist/ [chrome];/guides/buying-a-parrot/ [chrome];/guides/buying-a-parrot/ [main];/guides/choosing-a-parrot/ [chrome];/guides/cites-parrots-uk/ [chrome];/guides/cites-parrots-uk/ [main];/guides/parrot-diet-nutrition/ [chrome];/guides/parrot-housing-enrichment/ [chrome];/guides/parrot-ownership-costs/ [chrome];/guides/preparing-for-a-parrot/ [chrome];/locations/ [chrome];/locations/belfast/ [chrome];/locations/birmingham/ [chrome];/locations/bristol/ [chrome];/locations/cardiff/ [chrome];/locations/edinburgh/ [chrome];/locations/glasgow/ [chrome];/locations/leeds/ [chrome];/locations/liverpool/ [chrome];/locations/london/ [chrome];/locations/manchester/ [chrome];/locations/newcastle/ [chrome];/locations/nottingham/ [chrome];/locations/sheffield/ [chrome];/our-approach/ [chrome];/parrot-care/ [chrome];/parrot-prices-uk/ [chrome];/parrots-for-sale/ [chrome];/parrots-for-sale/african-grey-parrots/ [chrome];/parrots-for-sale/amazon-parrots/ [chrome];/parrots-for-sale/caiques/ [chrome];/parrots-for-sale/cockatoos/ [chrome];/parrots-for-sale/conures/ [chrome];/parrots-for-sale/eclectus-parrots/ [chrome];/parrots-for-sale/large-parrots/ [chrome];/parrots-for-sale/macaws/ [chrome];/parrots-for-sale/parakeets-small-parrots/ [chrome];/parrots-for-sale/small-parrots/ [chrome];/parrots-for-sale/talking-parrots/ [chrome];/parrots/ [chrome];/parrots/african-parrots/ [chrome];/parrots/african-parrots/congo-african-grey-parrot/ [chrome];/parrots/african-parrots/timneh-parrot/ [chrome];/parrots/amazons/ [chrome];/parrots/amazons/blue-fronted-amazon-parrot/ [chrome];/parrots/amazons/yellow-naped-amazon-parrot/ [chrome];/parrots/caiques/ [chrome];/parrots/caiques/black-headed-caique/ [chrome];/parrots/caiques/white-bellied-caique/ [chrome];/parrots/cockatoos/ [chrome];/parrots/cockatoos/galah-cockatoo/ [chrome];/parrots/cockatoos/umbrella-cockatoo/ [chrome];/parrots/conures/ [chrome];/parrots/conures/green-cheeked-conure/ [chrome];/parrots/conures/sun-conure/ [chrome];/parrots/eclectus/ [chrome];/parrots/eclectus/papuan-eclectus-parrot/ [chrome];/parrots/macaws/ [chrome];/parrots/macaws/blue-and-gold-macaw/ [chrome];/parrots/macaws/scarlet-macaw/ [chrome];/parrots/parakeets-small-psittacines/ [chrome];/parrots/parakeets-small-psittacines/budgerigar/ [chrome];/parrots/parakeets-small-psittacines/indian-ringneck-parakeet/ [chrome];/parrots/parakeets-small-psittacines/peach-faced-lovebird/ [chrome];/privacy-policy/ [chrome],69,yes,1,main vs chrome link sources shown in internal-links.csv
/guides/buying-a-parrot-checklist/,/ [main];/business-policies/ [main];/contact/ [main];/guides/ [main];/guides/buying-a-parrot/ [main];/guides/choosing-a-parrot/ [main];/locations/belfast/ [main];/locations/birmingham/ [main];/locations/bristol/ [main];/locations/cardiff/ [main];/locations/edinburgh/ [main];/locations/glasgow/ [main];/locations/leeds/ [main];/locations/liverpool/ [main];/locations/london/ [main];/locations/manchester/ [main];/locations/newcastle/ [main];/locations/nottingham/ [main];/locations/sheffield/ [main];/parrot-care/ [main];/parrot-prices-uk/ [main];/parrots-for-sale/ [main];/parrots-for-sale/african-grey-parrots/ [main];/parrots-for-sale/amazon-parrots/ [main];/parrots-for-sale/caiques/ [main];/parrots-for-sale/cockatoos/ [main];/parrots-for-sale/conures/ [main];/parrots-for-sale/eclectus-parrots/ [main];/parrots-for-sale/macaws/ [main];/parrots-for-sale/parakeets-small-parrots/ [main];/parrots/african-parrots/ [main];/parrots/african-parrots/congo-african-grey-parrot/ [main];/parrots/african-parrots/timneh-parrot/ [main];/parrots/amazons/ [main];/parrots/amazons/blue-fronted-amazon-parrot/ [main];/parrots/amazons/yellow-naped-amazon-parrot/ [main];/parrots/caiques/ [main];/parrots/caiques/black-headed-caique/ [main];/parrots/caiques/white-bellied-caique/ [main];/parrots/cockatoos/ [main];/parrots/cockatoos/galah-cockatoo/ [main];/parrots/cockatoos/umbrella-cockatoo/ [main];/parrots/conures/ [main];/parrots/conures/green-cheeked-conure/ [main];/parrots/conures/sun-conure/ [main];/parrots/eclectus/ [main];/parrots/eclectus/papuan-eclectus-parrot/ [main];/parrots/macaws/ [main];/parrots/macaws/blue-and-gold-macaw/ [main];/parrots/macaws/scarlet-macaw/ [main];/parrots/parakeets-small-psittacines/ [main];/parrots/parakeets-small-psittacines/budgerigar/ [main];/parrots/parakeets-small-psittacines/indian-ringneck-parakeet/ [main];/parrots/parakeets-small-psittacines/peach-faced-lovebird/ [main],0,yes,1,main vs chrome link sources shown in internal-links.csv
/guides/buying-a-parrot/,/ [main];/available-birds/ [main];/guides/ [main];/guides/buying-a-parrot-checklist/ [main];/guides/buying-a-parrot/ [main];/guides/choosing-a-parrot/ [main];/guides/cites-parrots-uk/ [main];/guides/parrot-diet-nutrition/ [main];/guides/parrot-housing-enrichment/ [main];/guides/parrot-ownership-costs/ [main];/guides/preparing-for-a-parrot/ [main];/parrot-care/ [main];/parrots-for-sale/ [main];/parrots-for-sale/african-grey-parrots/ [main];/parrots-for-sale/amazon-parrots/ [main];/parrots-for-sale/caiques/ [main];/parrots-for-sale/cockatoos/ [main];/parrots-for-sale/conures/ [main];/parrots-for-sale/eclectus-parrots/ [main];/parrots-for-sale/large-parrots/ [main];/parrots-for-sale/macaws/ [main];/parrots-for-sale/parakeets-small-parrots/ [main];/parrots-for-sale/small-parrots/ [main];/parrots-for-sale/talking-parrots/ [main];/parrots/ [main];/parrots/african-parrots/ [main];/parrots/african-parrots/congo-african-grey-parrot/ [main];/parrots/african-parrots/timneh-parrot/ [main];/parrots/amazons/ [main];/parrots/amazons/blue-fronted-amazon-parrot/ [main];/parrots/amazons/yellow-naped-amazon-parrot/ [main];/parrots/caiques/ [main];/parrots/caiques/black-headed-caique/ [main];/parrots/caiques/white-bellied-caique/ [main];/parrots/cockatoos/ [main];/parrots/cockatoos/galah-cockatoo/ [main];/parrots/cockatoos/umbrella-cockatoo/ [main];/parrots/conures/ [main];/parrots/conures/green-cheeked-conure/ [main];/parrots/conures/sun-conure/ [main];/parrots/eclectus/ [main];/parrots/eclectus/papuan-eclectus-parrot/ [main];/parrots/macaws/ [main];/parrots/macaws/blue-and-gold-macaw/ [main];/parrots/macaws/scarlet-macaw/ [main];/parrots/parakeets-small-psittacines/ [main];/parrots/parakeets-small-psittacines/budgerigar/ [main];/parrots/parakeets-small-psittacines/indian-ringneck-parakeet/ [main];/parrots/parakeets-small-psittacines/peach-faced-lovebird/ [main],0,yes,1,main vs chrome link sources shown in internal-links.csv
/guides/choosing-a-parrot/,/ [main];/guides/ [main];/guides/buying-a-parrot/ [main];/guides/parrot-ownership-costs/ [main];/locations/birmingham/ [main];/locations/cardiff/ [main];/locations/london/ [main];/locations/nottingham/ [main];/parrot-care/ [main];/parrots-for-sale/african-grey-parrots/ [main];/parrots-for-sale/amazon-parrots/ [main];/parrots-for-sale/caiques/ [main];/parrots-for-sale/cockatoos/ [main];/parrots-for-sale/conures/ [main];/parrots-for-sale/eclectus-parrots/ [main];/parrots-for-sale/macaws/ [main];/parrots-for-sale/parakeets-small-parrots/ [main];/parrots/ [main];/parrots/african-parrots/ [main];/parrots/african-parrots/congo-african-grey-parrot/ [main];/parrots/african-parrots/timneh-parrot/ [main];/parrots/amazons/ [main];/parrots/amazons/blue-fronted-amazon-parrot/ [main];/parrots/amazons/yellow-naped-amazon-parrot/ [main];/parrots/caiques/ [main];/parrots/caiques/black-headed-caique/ [main];/parrots/caiques/white-bellied-caique/ [main];/parrots/cockatoos/ [main];/parrots/cockatoos/galah-cockatoo/ [main];/parrots/cockatoos/umbrella-cockatoo/ [main];/parrots/conures/ [main];/parrots/conures/green-cheeked-conure/ [main];/parrots/conures/sun-conure/ [main];/parrots/eclectus/ [main];/parrots/eclectus/papuan-eclectus-parrot/ [main];/parrots/macaws/ [main];/parrots/macaws/blue-and-gold-macaw/ [main];/parrots/macaws/scarlet-macaw/ [main];/parrots/parakeets-small-psittacines/ [main];/parrots/parakeets-small-psittacines/budgerigar/ [main];/parrots/parakeets-small-psittacines/indian-ringneck-parakeet/ [main];/parrots/parakeets-small-psittacines/peach-faced-lovebird/ [main],0,yes,1,main vs chrome link sources shown in internal-links.csv
/guides/cites-parrots-uk/,/ [main];/available-birds/ [main];/guides/ [main];/guides/buying-a-parrot-checklist/ [main];/guides/buying-a-parrot/ [main];/guides/choosing-a-parrot/ [main];/guides/cites-parrots-uk/ [main];/guides/parrot-diet-nutrition/ [main];/guides/parrot-housing-enrichment/ [main];/guides/parrot-ownership-costs/ [main];/guides/preparing-for-a-parrot/ [main];/parrot-care/ [main];/parrots-for-sale/ [main];/parrots-for-sale/african-grey-parrots/ [main];/parrots-for-sale/amazon-parrots/ [main];/parrots-for-sale/caiques/ [main];/parrots-for-sale/cockatoos/ [main];/parrots-for-sale/conures/ [main];/parrots-for-sale/eclectus-parrots/ [main];/parrots-for-sale/large-parrots/ [main];/parrots-for-sale/macaws/ [main];/parrots-for-sale/parakeets-small-parrots/ [main];/parrots-for-sale/small-parrots/ [main];/parrots-for-sale/talking-parrots/ [main];/parrots/ [main];/parrots/african-parrots/ [main];/parrots/african-parrots/congo-african-grey-parrot/ [main];/parrots/african-parrots/timneh-parrot/ [main];/parrots/amazons/ [main];/parrots/amazons/blue-fronted-amazon-parrot/ [main];/parrots/amazons/yellow-naped-amazon-parrot/ [main];/parrots/caiques/ [main];/parrots/caiques/black-headed-caique/ [main];/parrots/caiques/white-bellied-caique/ [main];/parrots/cockatoos/ [main];/parrots/cockatoos/galah-cockatoo/ [main];/parrots/cockatoos/umbrella-cockatoo/ [main];/parrots/conures/ [main];/parrots/conures/green-cheeked-conure/ [main];/parrots/conures/sun-conure/ [main];/parrots/eclectus/ [main];/parrots/eclectus/papuan-eclectus-parrot/ [main];/parrots/macaws/ [main];/parrots/macaws/blue-and-gold-macaw/ [main];/parrots/macaws/scarlet-macaw/ [main];/parrots/parakeets-small-psittacines/ [main];/parrots/parakeets-small-psittacines/budgerigar/ [main];/parrots/parakeets-small-psittacines/indian-ringneck-parakeet/ [main];/parrots/parakeets-small-psittacines/peach-faced-lovebird/ [main],0,yes,1,main vs chrome link sources shown in internal-links.csv
/guides/parrot-diet-nutrition/,/ [main];/guides/ [main];/guides/buying-a-parrot/ [main];/guides/choosing-a-parrot/ [main];/guides/preparing-for-a-parrot/ [main];/locations/glasgow/ [main];/parrot-care/ [main];/parrots-for-sale/african-grey-parrots/ [main];/parrots-for-sale/amazon-parrots/ [main];/parrots-for-sale/caiques/ [main];/parrots-for-sale/cockatoos/ [main];/parrots-for-sale/conures/ [main];/parrots-for-sale/eclectus-parrots/ [main];/parrots-for-sale/macaws/ [main];/parrots-for-sale/parakeets-small-parrots/ [main];/parrots/african-parrots/ [main];/parrots/african-parrots/congo-african-grey-parrot/ [main];/parrots/african-parrots/timneh-parrot/ [main];/parrots/amazons/ [main];/parrots/amazons/blue-fronted-amazon-parrot/ [main];/parrots/amazons/yellow-naped-amazon-parrot/ [main];/parrots/caiques/ [main];/parrots/caiques/black-headed-caique/ [main];/parrots/caiques/white-bellied-caique/ [main];/parrots/cockatoos/ [main];/parrots/cockatoos/galah-cockatoo/ [main];/parrots/cockatoos/umbrella-cockatoo/ [main];/parrots/conures/ [main];/parrots/conures/green-cheeked-conure/ [main];/parrots/conures/sun-conure/ [main];/parrots/eclectus/ [main];/parrots/eclectus/papuan-eclectus-parrot/ [main];/parrots/macaws/ [main];/parrots/macaws/blue-and-gold-macaw/ [main];/parrots/macaws/scarlet-macaw/ [main];/parrots/parakeets-small-psittacines/ [main];/parrots/parakeets-small-psittacines/budgerigar/ [main];/parrots/parakeets-small-psittacines/indian-ringneck-parakeet/ [main];/parrots/parakeets-small-psittacines/peach-faced-lovebird/ [main],0,yes,1,main vs chrome link sources shown in internal-links.csv
/guides/parrot-housing-enrichment/,/guides/ [main];/guides/buying-a-parrot/ [main];/guides/choosing-a-parrot/ [main];/guides/parrot-ownership-costs/ [main];/guides/preparing-for-a-parrot/ [main];/locations/bristol/ [main];/locations/leeds/ [main];/locations/sheffield/ [main];/parrot-care/ [main];/parrots-for-sale/african-grey-parrots/ [main];/parrots-for-sale/amazon-parrots/ [main];/parrots-for-sale/caiques/ [main];/parrots-for-sale/cockatoos/ [main];/parrots-for-sale/conures/ [main];/parrots-for-sale/eclectus-parrots/ [main];/parrots-for-sale/large-parrots/ [main];/parrots-for-sale/macaws/ [main];/parrots-for-sale/parakeets-small-parrots/ [main];/parrots-for-sale/small-parrots/ [main];/parrots-for-sale/talking-parrots/ [main];/parrots/african-parrots/ [main];/parrots/african-parrots/congo-african-grey-parrot/ [main];/parrots/african-parrots/timneh-parrot/ [main];/parrots/amazons/ [main];/parrots/amazons/blue-fronted-amazon-parrot/ [main];/parrots/amazons/yellow-naped-amazon-parrot/ [main];/parrots/caiques/ [main];/parrots/caiques/black-headed-caique/ [main];/parrots/caiques/white-bellied-caique/ [main];/parrots/cockatoos/ [main];/parrots/cockatoos/galah-cockatoo/ [main];/parrots/cockatoos/umbrella-cockatoo/ [main];/parrots/conures/ [main];/parrots/conures/green-cheeked-conure/ [main];/parrots/conures/sun-conure/ [main];/parrots/eclectus/ [main];/parrots/eclectus/papuan-eclectus-parrot/ [main];/parrots/macaws/ [main];/parrots/macaws/blue-and-gold-macaw/ [main];/parrots/macaws/scarlet-macaw/ [main];/parrots/parakeets-small-psittacines/ [main];/parrots/parakeets-small-psittacines/budgerigar/ [main];/parrots/parakeets-small-psittacines/indian-ringneck-parakeet/ [main];/parrots/parakeets-small-psittacines/peach-faced-lovebird/ [main],0,yes,2,main vs chrome link sources shown in internal-links.csv
/guides/parrot-ownership-costs/,/ [main];/available-birds/ [main];/guides/ [main];/guides/buying-a-parrot-checklist/ [main];/guides/buying-a-parrot/ [main];/guides/choosing-a-parrot/ [main];/guides/cites-parrots-uk/ [main];/guides/parrot-diet-nutrition/ [main];/guides/parrot-housing-enrichment/ [main];/guides/parrot-ownership-costs/ [main];/guides/preparing-for-a-parrot/ [main];/locations/edinburgh/ [main];/parrot-care/ [main];/parrot-prices-uk/ [main];/parrots-for-sale/ [main];/parrots-for-sale/african-grey-parrots/ [main];/parrots-for-sale/amazon-parrots/ [main];/parrots-for-sale/caiques/ [main];/parrots-for-sale/cockatoos/ [main];/parrots-for-sale/conures/ [main];/parrots-for-sale/eclectus-parrots/ [main];/parrots-for-sale/large-parrots/ [main];/parrots-for-sale/macaws/ [main];/parrots-for-sale/parakeets-small-parrots/ [main];/parrots-for-sale/small-parrots/ [main];/parrots-for-sale/talking-parrots/ [main];/parrots/ [main];/parrots/african-parrots/ [main];/parrots/african-parrots/congo-african-grey-parrot/ [main];/parrots/african-parrots/timneh-parrot/ [main];/parrots/amazons/ [main];/parrots/amazons/blue-fronted-amazon-parrot/ [main];/parrots/amazons/yellow-naped-amazon-parrot/ [main];/parrots/caiques/ [main];/parrots/caiques/black-headed-caique/ [main];/parrots/caiques/white-bellied-caique/ [main];/parrots/cockatoos/ [main];/parrots/cockatoos/galah-cockatoo/ [main];/parrots/cockatoos/umbrella-cockatoo/ [main];/parrots/conures/ [main];/parrots/conures/green-cheeked-conure/ [main];/parrots/conures/sun-conure/ [main];/parrots/eclectus/ [main];/parrots/eclectus/papuan-eclectus-parrot/ [main];/parrots/macaws/ [main];/parrots/macaws/blue-and-gold-macaw/ [main];/parrots/macaws/scarlet-macaw/ [main];/parrots/parakeets-small-psittacines/ [main];/parrots/parakeets-small-psittacines/budgerigar/ [main];/parrots/parakeets-small-psittacines/indian-ringneck-parakeet/ [main];/parrots/parakeets-small-psittacines/peach-faced-lovebird/ [main],0,yes,1,main vs chrome link sources shown in internal-links.csv
/guides/preparing-for-a-parrot/,/ [main];/available-birds/ [main];/guides/ [main];/guides/buying-a-parrot-checklist/ [main];/guides/buying-a-parrot/ [main];/guides/choosing-a-parrot/ [main];/guides/cites-parrots-uk/ [main];/guides/parrot-diet-nutrition/ [main];/guides/parrot-housing-enrichment/ [main];/guides/parrot-ownership-costs/ [main];/guides/preparing-for-a-parrot/ [main];/locations/belfast/ [main];/locations/birmingham/ [main];/locations/bristol/ [main];/locations/cardiff/ [main];/locations/edinburgh/ [main];/locations/glasgow/ [main];/locations/leeds/ [main];/locations/liverpool/ [main];/locations/london/ [main];/locations/manchester/ [main];/locations/newcastle/ [main];/locations/nottingham/ [main];/locations/sheffield/ [main];/parrot-care/ [main];/parrots-for-sale/ [main];/parrots-for-sale/african-grey-parrots/ [main];/parrots-for-sale/amazon-parrots/ [main];/parrots-for-sale/caiques/ [main];/parrots-for-sale/cockatoos/ [main];/parrots-for-sale/conures/ [main];/parrots-for-sale/eclectus-parrots/ [main];/parrots-for-sale/large-parrots/ [main];/parrots-for-sale/macaws/ [main];/parrots-for-sale/parakeets-small-parrots/ [main];/parrots-for-sale/small-parrots/ [main];/parrots-for-sale/talking-parrots/ [main];/parrots/ [main];/parrots/african-parrots/ [main];/parrots/african-parrots/congo-african-grey-parrot/ [main];/parrots/african-parrots/timneh-parrot/ [main];/parrots/amazons/ [main];/parrots/amazons/blue-fronted-amazon-parrot/ [main];/parrots/amazons/yellow-naped-amazon-parrot/ [main];/parrots/caiques/ [main];/parrots/caiques/black-headed-caique/ [main];/parrots/caiques/white-bellied-caique/ [main];/parrots/cockatoos/ [main];/parrots/cockatoos/galah-cockatoo/ [main];/parrots/cockatoos/umbrella-cockatoo/ [main];/parrots/conures/ [main];/parrots/conures/green-cheeked-conure/ [main];/parrots/conures/sun-conure/ [main];/parrots/eclectus/ [main];/parrots/eclectus/papuan-eclectus-parrot/ [main];/parrots/macaws/ [main];/parrots/macaws/blue-and-gold-macaw/ [main];/parrots/macaws/scarlet-macaw/ [main];/parrots/parakeets-small-psittacines/ [main];/parrots/parakeets-small-psittacines/budgerigar/ [main];/parrots/parakeets-small-psittacines/indian-ringneck-parakeet/ [main];/parrots/parakeets-small-psittacines/peach-faced-lovebird/ [main],0,yes,1,main vs chrome link sources shown in internal-links.csv
/locations/,/ [chrome];/ [main];/available-birds/ [chrome];/business-policies/ [chrome];/contact/ [chrome];/cookie-policy/ [chrome];/guides/ [chrome];/guides/buying-a-parrot-checklist/ [chrome];/guides/buying-a-parrot/ [chrome];/guides/choosing-a-parrot/ [chrome];/guides/cites-parrots-uk/ [chrome];/guides/parrot-diet-nutrition/ [chrome];/guides/parrot-housing-enrichment/ [chrome];/guides/parrot-ownership-costs/ [chrome];/guides/preparing-for-a-parrot/ [chrome];/locations/ [chrome];/locations/belfast/ [chrome];/locations/belfast/ [main];/locations/birmingham/ [chrome];/locations/birmingham/ [main];/locations/bristol/ [chrome];/locations/bristol/ [main];/locations/cardiff/ [chrome];/locations/cardiff/ [main];/locations/edinburgh/ [chrome];/locations/edinburgh/ [main];/locations/glasgow/ [chrome];/locations/glasgow/ [main];/locations/leeds/ [chrome];/locations/leeds/ [main];/locations/liverpool/ [chrome];/locations/liverpool/ [main];/locations/london/ [chrome];/locations/london/ [main];/locations/manchester/ [chrome];/locations/manchester/ [main];/locations/newcastle/ [chrome];/locations/newcastle/ [main];/locations/nottingham/ [chrome];/locations/nottingham/ [main];/locations/sheffield/ [chrome];/locations/sheffield/ [main];/our-approach/ [chrome];/parrot-care/ [chrome];/parrot-prices-uk/ [chrome];/parrot-prices-uk/ [main];/parrots-for-sale/ [chrome];/parrots-for-sale/african-grey-parrots/ [chrome];/parrots-for-sale/amazon-parrots/ [chrome];/parrots-for-sale/caiques/ [chrome];/parrots-for-sale/cockatoos/ [chrome];/parrots-for-sale/conures/ [chrome];/parrots-for-sale/eclectus-parrots/ [chrome];/parrots-for-sale/large-parrots/ [chrome];/parrots-for-sale/macaws/ [chrome];/parrots-for-sale/parakeets-small-parrots/ [chrome];/parrots-for-sale/small-parrots/ [chrome];/parrots-for-sale/talking-parrots/ [chrome];/parrots/ [chrome];/parrots/ [main];/parrots/african-parrots/ [chrome];/parrots/african-parrots/congo-african-grey-parrot/ [chrome];/parrots/african-parrots/timneh-parrot/ [chrome];/parrots/amazons/ [chrome];/parrots/amazons/blue-fronted-amazon-parrot/ [chrome];/parrots/amazons/yellow-naped-amazon-parrot/ [chrome];/parrots/caiques/ [chrome];/parrots/caiques/black-headed-caique/ [chrome];/parrots/caiques/white-bellied-caique/ [chrome];/parrots/cockatoos/ [chrome];/parrots/cockatoos/galah-cockatoo/ [chrome];/parrots/cockatoos/umbrella-cockatoo/ [chrome];/parrots/conures/ [chrome];/parrots/conures/green-cheeked-conure/ [chrome];/parrots/conures/sun-conure/ [chrome];/parrots/eclectus/ [chrome];/parrots/eclectus/papuan-eclectus-parrot/ [chrome];/parrots/macaws/ [chrome];/parrots/macaws/blue-and-gold-macaw/ [chrome];/parrots/macaws/scarlet-macaw/ [chrome];/parrots/parakeets-small-psittacines/ [chrome];/parrots/parakeets-small-psittacines/budgerigar/ [chrome];/parrots/parakeets-small-psittacines/indian-ringneck-parakeet/ [chrome];/parrots/parakeets-small-psittacines/peach-faced-lovebird/ [chrome];/privacy-policy/ [chrome],69,yes,1,main vs chrome link sources shown in internal-links.csv
/locations/belfast/,/locations/ [main],0,yes,2,main vs chrome link sources shown in internal-links.csv
/locations/birmingham/,/locations/ [main],0,yes,2,main vs chrome link sources shown in internal-links.csv
/locations/bristol/,/locations/ [main],0,yes,2,main vs chrome link sources shown in internal-links.csv
/locations/cardiff/,/locations/ [main],0,yes,2,main vs chrome link sources shown in internal-links.csv
/locations/edinburgh/,/locations/ [main],0,yes,2,main vs chrome link sources shown in internal-links.csv
/locations/glasgow/,/locations/ [main],0,yes,2,main vs chrome link sources shown in internal-links.csv
/locations/leeds/,/locations/ [main],0,yes,2,main vs chrome link sources shown in internal-links.csv
/locations/liverpool/,/locations/ [main],0,yes,2,main vs chrome link sources shown in internal-links.csv
/locations/london/,/locations/ [main],0,yes,2,main vs chrome link sources shown in internal-links.csv
/locations/manchester/,/locations/ [main],0,yes,2,main vs chrome link sources shown in internal-links.csv
/locations/newcastle/,/locations/ [main],0,yes,2,main vs chrome link sources shown in internal-links.csv
/locations/nottingham/,/locations/ [main],0,yes,2,main vs chrome link sources shown in internal-links.csv
/locations/sheffield/,/locations/ [main],0,yes,2,main vs chrome link sources shown in internal-links.csv
/our-approach/,/ [chrome];/ [main];/available-birds/ [chrome];/available-birds/ [main];/business-policies/ [chrome];/contact/ [chrome];/contact/ [main];/cookie-policy/ [chrome];/guides/ [chrome];/guides/buying-a-parrot-checklist/ [chrome];/guides/buying-a-parrot-checklist/ [main];/guides/buying-a-parrot/ [chrome];/guides/choosing-a-parrot/ [chrome];/guides/choosing-a-parrot/ [main];/guides/cites-parrots-uk/ [chrome];/guides/parrot-diet-nutrition/ [chrome];/guides/parrot-diet-nutrition/ [main];/guides/parrot-housing-enrichment/ [chrome];/guides/parrot-housing-enrichment/ [main];/guides/parrot-ownership-costs/ [chrome];/guides/parrot-ownership-costs/ [main];/guides/preparing-for-a-parrot/ [chrome];/guides/preparing-for-a-parrot/ [main];/locations/ [chrome];/locations/belfast/ [chrome];/locations/birmingham/ [chrome];/locations/bristol/ [chrome];/locations/cardiff/ [chrome];/locations/edinburgh/ [chrome];/locations/glasgow/ [chrome];/locations/leeds/ [chrome];/locations/liverpool/ [chrome];/locations/london/ [chrome];/locations/manchester/ [chrome];/locations/newcastle/ [chrome];/locations/nottingham/ [chrome];/locations/sheffield/ [chrome];/our-approach/ [chrome];/our-approach/ [main];/parrot-care/ [chrome];/parrot-prices-uk/ [chrome];/parrots-for-sale/ [chrome];/parrots-for-sale/ [main];/parrots-for-sale/african-grey-parrots/ [chrome];/parrots-for-sale/amazon-parrots/ [chrome];/parrots-for-sale/caiques/ [chrome];/parrots-for-sale/cockatoos/ [chrome];/parrots-for-sale/conures/ [chrome];/parrots-for-sale/eclectus-parrots/ [chrome];/parrots-for-sale/large-parrots/ [chrome];/parrots-for-sale/macaws/ [chrome];/parrots-for-sale/parakeets-small-parrots/ [chrome];/parrots-for-sale/small-parrots/ [chrome];/parrots-for-sale/talking-parrots/ [chrome];/parrots/ [chrome];/parrots/ [main];/parrots/african-parrots/ [chrome];/parrots/african-parrots/congo-african-grey-parrot/ [chrome];/parrots/african-parrots/timneh-parrot/ [chrome];/parrots/amazons/ [chrome];/parrots/amazons/blue-fronted-amazon-parrot/ [chrome];/parrots/amazons/yellow-naped-amazon-parrot/ [chrome];/parrots/caiques/ [chrome];/parrots/caiques/black-headed-caique/ [chrome];/parrots/caiques/white-bellied-caique/ [chrome];/parrots/cockatoos/ [chrome];/parrots/cockatoos/galah-cockatoo/ [chrome];/parrots/cockatoos/umbrella-cockatoo/ [chrome];/parrots/conures/ [chrome];/parrots/conures/green-cheeked-conure/ [chrome];/parrots/conures/sun-conure/ [chrome];/parrots/eclectus/ [chrome];/parrots/eclectus/papuan-eclectus-parrot/ [chrome];/parrots/macaws/ [chrome];/parrots/macaws/blue-and-gold-macaw/ [chrome];/parrots/macaws/scarlet-macaw/ [chrome];/parrots/parakeets-small-psittacines/ [chrome];/parrots/parakeets-small-psittacines/budgerigar/ [chrome];/parrots/parakeets-small-psittacines/indian-ringneck-parakeet/ [chrome];/parrots/parakeets-small-psittacines/peach-faced-lovebird/ [chrome];/privacy-policy/ [chrome],69,yes,1,main vs chrome link sources shown in internal-links.csv
/parrot-care/,/ [chrome];/ [main];/available-birds/ [chrome];/available-birds/ [main];/business-policies/ [chrome];/contact/ [chrome];/contact/ [main];/cookie-policy/ [chrome];/guides/ [chrome];/guides/ [main];/guides/buying-a-parrot-checklist/ [chrome];/guides/buying-a-parrot-checklist/ [main];/guides/buying-a-parrot/ [chrome];/guides/choosing-a-parrot/ [chrome];/guides/choosing-a-parrot/ [main];/guides/cites-parrots-uk/ [chrome];/guides/parrot-diet-nutrition/ [chrome];/guides/parrot-diet-nutrition/ [main];/guides/parrot-housing-enrichment/ [chrome];/guides/parrot-housing-enrichment/ [main];/guides/parrot-ownership-costs/ [chrome];/guides/parrot-ownership-costs/ [main];/guides/preparing-for-a-parrot/ [chrome];/guides/preparing-for-a-parrot/ [main];/locations/ [chrome];/locations/ [main];/locations/belfast/ [chrome];/locations/birmingham/ [chrome];/locations/bristol/ [chrome];/locations/cardiff/ [chrome];/locations/edinburgh/ [chrome];/locations/glasgow/ [chrome];/locations/leeds/ [chrome];/locations/liverpool/ [chrome];/locations/london/ [chrome];/locations/manchester/ [chrome];/locations/newcastle/ [chrome];/locations/nottingham/ [chrome];/locations/sheffield/ [chrome];/our-approach/ [chrome];/our-approach/ [main];/parrot-care/ [chrome];/parrot-prices-uk/ [chrome];/parrot-prices-uk/ [main];/parrots-for-sale/ [chrome];/parrots-for-sale/ [main];/parrots-for-sale/african-grey-parrots/ [chrome];/parrots-for-sale/amazon-parrots/ [chrome];/parrots-for-sale/caiques/ [chrome];/parrots-for-sale/cockatoos/ [chrome];/parrots-for-sale/conures/ [chrome];/parrots-for-sale/eclectus-parrots/ [chrome];/parrots-for-sale/large-parrots/ [chrome];/parrots-for-sale/macaws/ [chrome];/parrots-for-sale/parakeets-small-parrots/ [chrome];/parrots-for-sale/small-parrots/ [chrome];/parrots-for-sale/talking-parrots/ [chrome];/parrots/ [chrome];/parrots/ [main];/parrots/african-parrots/ [chrome];/parrots/african-parrots/congo-african-grey-parrot/ [chrome];/parrots/african-parrots/timneh-parrot/ [chrome];/parrots/amazons/ [chrome];/parrots/amazons/blue-fronted-amazon-parrot/ [chrome];/parrots/amazons/yellow-naped-amazon-parrot/ [chrome];/parrots/caiques/ [chrome];/parrots/caiques/black-headed-caique/ [chrome];/parrots/caiques/white-bellied-caique/ [chrome];/parrots/cockatoos/ [chrome];/parrots/cockatoos/galah-cockatoo/ [chrome];/parrots/cockatoos/umbrella-cockatoo/ [chrome];/parrots/conures/ [chrome];/parrots/conures/green-cheeked-conure/ [chrome];/parrots/conures/sun-conure/ [chrome];/parrots/eclectus/ [chrome];/parrots/eclectus/papuan-eclectus-parrot/ [chrome];/parrots/macaws/ [chrome];/parrots/macaws/blue-and-gold-macaw/ [chrome];/parrots/macaws/scarlet-macaw/ [chrome];/parrots/parakeets-small-psittacines/ [chrome];/parrots/parakeets-small-psittacines/budgerigar/ [chrome];/parrots/parakeets-small-psittacines/indian-ringneck-parakeet/ [chrome];/parrots/parakeets-small-psittacines/peach-faced-lovebird/ [chrome];/privacy-policy/ [chrome],69,yes,1,main vs chrome link sources shown in internal-links.csv
/parrot-prices-uk/,/ [chrome];/ [main];/available-birds/ [chrome];/business-policies/ [chrome];/contact/ [chrome];/cookie-policy/ [chrome];/guides/ [chrome];/guides/buying-a-parrot-checklist/ [chrome];/guides/buying-a-parrot/ [chrome];/guides/buying-a-parrot/ [main];/guides/choosing-a-parrot/ [chrome];/guides/cites-parrots-uk/ [chrome];/guides/parrot-diet-nutrition/ [chrome];/guides/parrot-housing-enrichment/ [chrome];/guides/parrot-ownership-costs/ [chrome];/guides/parrot-ownership-costs/ [main];/guides/preparing-for-a-parrot/ [chrome];/locations/ [chrome];/locations/belfast/ [chrome];/locations/belfast/ [main];/locations/birmingham/ [chrome];/locations/birmingham/ [main];/locations/bristol/ [chrome];/locations/bristol/ [main];/locations/cardiff/ [chrome];/locations/cardiff/ [main];/locations/edinburgh/ [chrome];/locations/edinburgh/ [main];/locations/glasgow/ [chrome];/locations/glasgow/ [main];/locations/leeds/ [chrome];/locations/leeds/ [main];/locations/liverpool/ [chrome];/locations/liverpool/ [main];/locations/london/ [chrome];/locations/london/ [main];/locations/manchester/ [chrome];/locations/manchester/ [main];/locations/newcastle/ [chrome];/locations/newcastle/ [main];/locations/nottingham/ [chrome];/locations/nottingham/ [main];/locations/sheffield/ [chrome];/locations/sheffield/ [main];/our-approach/ [chrome];/parrot-care/ [chrome];/parrot-prices-uk/ [chrome];/parrots-for-sale/ [chrome];/parrots-for-sale/african-grey-parrots/ [chrome];/parrots-for-sale/amazon-parrots/ [chrome];/parrots-for-sale/caiques/ [chrome];/parrots-for-sale/cockatoos/ [chrome];/parrots-for-sale/conures/ [chrome];/parrots-for-sale/eclectus-parrots/ [chrome];/parrots-for-sale/large-parrots/ [chrome];/parrots-for-sale/macaws/ [chrome];/parrots-for-sale/parakeets-small-parrots/ [chrome];/parrots-for-sale/small-parrots/ [chrome];/parrots-for-sale/talking-parrots/ [chrome];/parrots/ [chrome];/parrots/ [main];/parrots/african-parrots/ [chrome];/parrots/african-parrots/congo-african-grey-parrot/ [chrome];/parrots/african-parrots/timneh-parrot/ [chrome];/parrots/amazons/ [chrome];/parrots/amazons/blue-fronted-amazon-parrot/ [chrome];/parrots/amazons/yellow-naped-amazon-parrot/ [chrome];/parrots/caiques/ [chrome];/parrots/caiques/black-headed-caique/ [chrome];/parrots/caiques/white-bellied-caique/ [chrome];/parrots/cockatoos/ [chrome];/parrots/cockatoos/galah-cockatoo/ [chrome];/parrots/cockatoos/umbrella-cockatoo/ [chrome];/parrots/conures/ [chrome];/parrots/conures/green-cheeked-conure/ [chrome];/parrots/conures/sun-conure/ [chrome];/parrots/eclectus/ [chrome];/parrots/eclectus/papuan-eclectus-parrot/ [chrome];/parrots/macaws/ [chrome];/parrots/macaws/blue-and-gold-macaw/ [chrome];/parrots/macaws/scarlet-macaw/ [chrome];/parrots/parakeets-small-psittacines/ [chrome];/parrots/parakeets-small-psittacines/budgerigar/ [chrome];/parrots/parakeets-small-psittacines/indian-ringneck-parakeet/ [chrome];/parrots/parakeets-small-psittacines/peach-faced-lovebird/ [chrome];/privacy-policy/ [chrome],69,yes,1,main vs chrome link sources shown in internal-links.csv
/parrots-for-sale/,/ [chrome];/available-birds/ [chrome];/available-birds/ [main];/business-policies/ [chrome];/contact/ [chrome];/contact/ [main];/cookie-policy/ [chrome];/guides/ [chrome];/guides/ [main];/guides/buying-a-parrot-checklist/ [chrome];/guides/buying-a-parrot-checklist/ [main];/guides/buying-a-parrot/ [chrome];/guides/choosing-a-parrot/ [chrome];/guides/cites-parrots-uk/ [chrome];/guides/parrot-diet-nutrition/ [chrome];/guides/parrot-housing-enrichment/ [chrome];/guides/parrot-ownership-costs/ [chrome];/guides/parrot-ownership-costs/ [main];/guides/preparing-for-a-parrot/ [chrome];/locations/ [chrome];/locations/ [main];/locations/belfast/ [chrome];/locations/belfast/ [main];/locations/birmingham/ [chrome];/locations/birmingham/ [main];/locations/bristol/ [chrome];/locations/bristol/ [main];/locations/cardiff/ [chrome];/locations/cardiff/ [main];/locations/edinburgh/ [chrome];/locations/edinburgh/ [main];/locations/glasgow/ [chrome];/locations/glasgow/ [main];/locations/leeds/ [chrome];/locations/leeds/ [main];/locations/liverpool/ [chrome];/locations/liverpool/ [main];/locations/london/ [chrome];/locations/london/ [main];/locations/manchester/ [chrome];/locations/manchester/ [main];/locations/newcastle/ [chrome];/locations/newcastle/ [main];/locations/nottingham/ [chrome];/locations/nottingham/ [main];/locations/sheffield/ [chrome];/locations/sheffield/ [main];/our-approach/ [chrome];/our-approach/ [main];/parrot-care/ [chrome];/parrot-prices-uk/ [chrome];/parrot-prices-uk/ [main];/parrots-for-sale/ [chrome];/parrots-for-sale/ [main];/parrots-for-sale/african-grey-parrots/ [chrome];/parrots-for-sale/amazon-parrots/ [chrome];/parrots-for-sale/caiques/ [chrome];/parrots-for-sale/cockatoos/ [chrome];/parrots-for-sale/conures/ [chrome];/parrots-for-sale/eclectus-parrots/ [chrome];/parrots-for-sale/large-parrots/ [chrome];/parrots-for-sale/macaws/ [chrome];/parrots-for-sale/parakeets-small-parrots/ [chrome];/parrots-for-sale/small-parrots/ [chrome];/parrots-for-sale/talking-parrots/ [chrome];/parrots/ [chrome];/parrots/ [main];/parrots/african-parrots/ [chrome];/parrots/african-parrots/congo-african-grey-parrot/ [chrome];/parrots/african-parrots/timneh-parrot/ [chrome];/parrots/amazons/ [chrome];/parrots/amazons/blue-fronted-amazon-parrot/ [chrome];/parrots/amazons/yellow-naped-amazon-parrot/ [chrome];/parrots/caiques/ [chrome];/parrots/caiques/black-headed-caique/ [chrome];/parrots/caiques/white-bellied-caique/ [chrome];/parrots/cockatoos/ [chrome];/parrots/cockatoos/galah-cockatoo/ [chrome];/parrots/cockatoos/umbrella-cockatoo/ [chrome];/parrots/conures/ [chrome];/parrots/conures/green-cheeked-conure/ [chrome];/parrots/conures/sun-conure/ [chrome];/parrots/eclectus/ [chrome];/parrots/eclectus/papuan-eclectus-parrot/ [chrome];/parrots/macaws/ [chrome];/parrots/macaws/blue-and-gold-macaw/ [chrome];/parrots/macaws/scarlet-macaw/ [chrome];/parrots/parakeets-small-psittacines/ [chrome];/parrots/parakeets-small-psittacines/budgerigar/ [chrome];/parrots/parakeets-small-psittacines/indian-ringneck-parakeet/ [chrome];/parrots/parakeets-small-psittacines/peach-faced-lovebird/ [chrome];/privacy-policy/ [chrome],69,yes,1,main vs chrome link sources shown in internal-links.csv
/parrots-for-sale/african-grey-parrots/,/guides/choosing-a-parrot/ [main];/guides/parrot-ownership-costs/ [main];/guides/preparing-for-a-parrot/ [main];/locations/belfast/ [main];/locations/birmingham/ [main];/locations/cardiff/ [main];/locations/edinburgh/ [main];/locations/glasgow/ [main];/locations/liverpool/ [main];/locations/london/ [main];/locations/newcastle/ [main];/locations/nottingham/ [main];/parrots-for-sale/ [main];/parrots-for-sale/african-grey-parrots/ [main];/parrots-for-sale/talking-parrots/ [main];/parrots/african-parrots/ [main];/parrots/african-parrots/congo-african-grey-parrot/ [main];/parrots/african-parrots/timneh-parrot/ [main],0,yes,2,main vs chrome link sources shown in internal-links.csv
/parrots-for-sale/amazon-parrots/,/guides/buying-a-parrot-checklist/ [main];/guides/parrot-diet-nutrition/ [main];/locations/belfast/ [main];/locations/birmingham/ [main];/locations/liverpool/ [main];/locations/newcastle/ [main];/parrots-for-sale/ [main];/parrots-for-sale/amazon-parrots/ [main];/parrots-for-sale/talking-parrots/ [main];/parrots/amazons/ [main];/parrots/amazons/blue-fronted-amazon-parrot/ [main];/parrots/amazons/yellow-naped-amazon-parrot/ [main],0,yes,2,main vs chrome link sources shown in internal-links.csv
/parrots-for-sale/caiques/,/guides/parrot-housing-enrichment/ [main];/locations/bristol/ [main];/locations/manchester/ [main];/locations/sheffield/ [main];/parrots-for-sale/ [main];/parrots-for-sale/caiques/ [main];/parrots/caiques/ [main];/parrots/caiques/black-headed-caique/ [main];/parrots/caiques/white-bellied-caique/ [main],0,yes,2,main vs chrome link sources shown in internal-links.csv
/parrots-for-sale/cockatoos/,/guides/choosing-a-parrot/ [main];/guides/parrot-ownership-costs/ [main];/locations/bristol/ [main];/locations/edinburgh/ [main];/locations/manchester/ [main];/parrots-for-sale/ [main];/parrots-for-sale/cockatoos/ [main];/parrots-for-sale/large-parrots/ [main];/parrots/cockatoos/ [main];/parrots/cockatoos/galah-cockatoo/ [main];/parrots/cockatoos/umbrella-cockatoo/ [main],0,yes,2,main vs chrome link sources shown in internal-links.csv
/parrots-for-sale/conures/,/guides/choosing-a-parrot/ [main];/guides/preparing-for-a-parrot/ [main];/locations/bristol/ [main];/locations/cardiff/ [main];/locations/leeds/ [main];/locations/london/ [main];/locations/manchester/ [main];/locations/nottingham/ [main];/parrots-for-sale/ [main];/parrots-for-sale/conures/ [main];/parrots-for-sale/small-parrots/ [main];/parrots/conures/ [main];/parrots/conures/green-cheeked-conure/ [main];/parrots/conures/sun-conure/ [main],0,yes,2,main vs chrome link sources shown in internal-links.csv
/parrots-for-sale/eclectus-parrots/,/guides/buying-a-parrot-checklist/ [main];/guides/parrot-diet-nutrition/ [main];/guides/preparing-for-a-parrot/ [main];/locations/edinburgh/ [main];/locations/glasgow/ [main];/locations/liverpool/ [main];/parrots-for-sale/ [main];/parrots-for-sale/eclectus-parrots/ [main];/parrots/eclectus/ [main];/parrots/eclectus/papuan-eclectus-parrot/ [main],0,yes,2,main vs chrome link sources shown in internal-links.csv
/parrots-for-sale/large-parrots/,/ [main];/parrots/ [main],0,yes,1,main vs chrome link sources shown in internal-links.csv
/parrots-for-sale/macaws/,/guides/buying-a-parrot-checklist/ [main];/guides/parrot-housing-enrichment/ [main];/guides/parrot-ownership-costs/ [main];/locations/leeds/ [main];/locations/newcastle/ [main];/locations/sheffield/ [main];/parrots-for-sale/ [main];/parrots-for-sale/large-parrots/ [main];/parrots-for-sale/macaws/ [main];/parrots/macaws/ [main];/parrots/macaws/blue-and-gold-macaw/ [main];/parrots/macaws/scarlet-macaw/ [main],0,yes,2,main vs chrome link sources shown in internal-links.csv
/parrots-for-sale/parakeets-small-parrots/,/guides/parrot-diet-nutrition/ [main];/guides/parrot-housing-enrichment/ [main];/locations/belfast/ [main];/locations/birmingham/ [main];/locations/cardiff/ [main];/locations/glasgow/ [main];/locations/leeds/ [main];/locations/london/ [main];/locations/nottingham/ [main];/locations/sheffield/ [main];/parrots-for-sale/ [main];/parrots-for-sale/parakeets-small-parrots/ [main];/parrots-for-sale/small-parrots/ [main];/parrots/parakeets-small-psittacines/ [main];/parrots/parakeets-small-psittacines/budgerigar/ [main];/parrots/parakeets-small-psittacines/indian-ringneck-parakeet/ [main];/parrots/parakeets-small-psittacines/peach-faced-lovebird/ [main],0,yes,2,main vs chrome link sources shown in internal-links.csv
/parrots-for-sale/small-parrots/,/ [main];/parrots/ [main],0,yes,1,main vs chrome link sources shown in internal-links.csv
/parrots-for-sale/talking-parrots/,/ [main];/parrots/ [main],0,yes,1,main vs chrome link sources shown in internal-links.csv
/parrots/,/ [chrome];/ [main];/available-birds/ [chrome];/available-birds/ [main];/business-policies/ [chrome];/contact/ [chrome];/contact/ [main];/cookie-policy/ [chrome];/guides/ [chrome];/guides/ [main];/guides/buying-a-parrot-checklist/ [chrome];/guides/buying-a-parrot-checklist/ [main];/guides/buying-a-parrot/ [chrome];/guides/buying-a-parrot/ [main];/guides/choosing-a-parrot/ [chrome];/guides/choosing-a-parrot/ [main];/guides/cites-parrots-uk/ [chrome];/guides/parrot-diet-nutrition/ [chrome];/guides/parrot-diet-nutrition/ [main];/guides/parrot-housing-enrichment/ [chrome];/guides/parrot-housing-enrichment/ [main];/guides/parrot-ownership-costs/ [chrome];/guides/parrot-ownership-costs/ [main];/guides/preparing-for-a-parrot/ [chrome];/guides/preparing-for-a-parrot/ [main];/locations/ [chrome];/locations/ [main];/locations/belfast/ [chrome];/locations/belfast/ [main];/locations/birmingham/ [chrome];/locations/birmingham/ [main];/locations/bristol/ [chrome];/locations/bristol/ [main];/locations/cardiff/ [chrome];/locations/cardiff/ [main];/locations/edinburgh/ [chrome];/locations/edinburgh/ [main];/locations/glasgow/ [chrome];/locations/glasgow/ [main];/locations/leeds/ [chrome];/locations/leeds/ [main];/locations/liverpool/ [chrome];/locations/liverpool/ [main];/locations/london/ [chrome];/locations/london/ [main];/locations/manchester/ [chrome];/locations/manchester/ [main];/locations/newcastle/ [chrome];/locations/newcastle/ [main];/locations/nottingham/ [chrome];/locations/nottingham/ [main];/locations/sheffield/ [chrome];/locations/sheffield/ [main];/our-approach/ [chrome];/our-approach/ [main];/parrot-care/ [chrome];/parrot-care/ [main];/parrot-prices-uk/ [chrome];/parrots-for-sale/ [chrome];/parrots-for-sale/ [main];/parrots-for-sale/african-grey-parrots/ [chrome];/parrots-for-sale/amazon-parrots/ [chrome];/parrots-for-sale/caiques/ [chrome];/parrots-for-sale/cockatoos/ [chrome];/parrots-for-sale/conures/ [chrome];/parrots-for-sale/eclectus-parrots/ [chrome];/parrots-for-sale/large-parrots/ [chrome];/parrots-for-sale/macaws/ [chrome];/parrots-for-sale/parakeets-small-parrots/ [chrome];/parrots-for-sale/small-parrots/ [chrome];/parrots-for-sale/talking-parrots/ [chrome];/parrots/ [chrome];/parrots/african-parrots/ [chrome];/parrots/african-parrots/ [main];/parrots/african-parrots/congo-african-grey-parrot/ [chrome];/parrots/african-parrots/congo-african-grey-parrot/ [main];/parrots/african-parrots/timneh-parrot/ [chrome];/parrots/african-parrots/timneh-parrot/ [main];/parrots/amazons/ [chrome];/parrots/amazons/ [main];/parrots/amazons/blue-fronted-amazon-parrot/ [chrome];/parrots/amazons/blue-fronted-amazon-parrot/ [main];/parrots/amazons/yellow-naped-amazon-parrot/ [chrome];/parrots/amazons/yellow-naped-amazon-parrot/ [main];/parrots/caiques/ [chrome];/parrots/caiques/ [main];/parrots/caiques/black-headed-caique/ [chrome];/parrots/caiques/black-headed-caique/ [main];/parrots/caiques/white-bellied-caique/ [chrome];/parrots/caiques/white-bellied-caique/ [main];/parrots/cockatoos/ [chrome];/parrots/cockatoos/ [main];/parrots/cockatoos/galah-cockatoo/ [chrome];/parrots/cockatoos/galah-cockatoo/ [main];/parrots/cockatoos/umbrella-cockatoo/ [chrome];/parrots/cockatoos/umbrella-cockatoo/ [main];/parrots/conures/ [chrome];/parrots/conures/ [main];/parrots/conures/green-cheeked-conure/ [chrome];/parrots/conures/green-cheeked-conure/ [main];/parrots/conures/sun-conure/ [chrome];/parrots/conures/sun-conure/ [main];/parrots/eclectus/ [chrome];/parrots/eclectus/ [main];/parrots/eclectus/papuan-eclectus-parrot/ [chrome];/parrots/eclectus/papuan-eclectus-parrot/ [main];/parrots/macaws/ [chrome];/parrots/macaws/ [main];/parrots/macaws/blue-and-gold-macaw/ [chrome];/parrots/macaws/blue-and-gold-macaw/ [main];/parrots/macaws/scarlet-macaw/ [chrome];/parrots/macaws/scarlet-macaw/ [main];/parrots/parakeets-small-psittacines/ [chrome];/parrots/parakeets-small-psittacines/ [main];/parrots/parakeets-small-psittacines/budgerigar/ [chrome];/parrots/parakeets-small-psittacines/budgerigar/ [main];/parrots/parakeets-small-psittacines/indian-ringneck-parakeet/ [chrome];/parrots/parakeets-small-psittacines/indian-ringneck-parakeet/ [main];/parrots/parakeets-small-psittacines/peach-faced-lovebird/ [chrome];/parrots/parakeets-small-psittacines/peach-faced-lovebird/ [main];/privacy-policy/ [chrome],69,yes,1,main vs chrome link sources shown in internal-links.csv
/parrots/african-parrots/,/ [main];/available-birds/ [main];/guides/choosing-a-parrot/ [main];/guides/parrot-ownership-costs/ [main];/guides/preparing-for-a-parrot/ [main];/locations/ [main];/locations/belfast/ [main];/locations/birmingham/ [main];/locations/cardiff/ [main];/locations/edinburgh/ [main];/locations/glasgow/ [main];/locations/liverpool/ [main];/locations/london/ [main];/locations/newcastle/ [main];/locations/nottingham/ [main];/parrot-care/ [main];/parrot-prices-uk/ [main];/parrots-for-sale/ [main];/parrots-for-sale/african-grey-parrots/ [main];/parrots-for-sale/talking-parrots/ [main];/parrots/ [main];/parrots/african-parrots/ [chrome];/parrots/african-parrots/ [main];/parrots/african-parrots/congo-african-grey-parrot/ [main];/parrots/african-parrots/timneh-parrot/ [main];/parrots/amazons/ [main];/parrots/caiques/ [main];/parrots/cockatoos/ [main];/parrots/conures/ [main];/parrots/eclectus/ [main];/parrots/macaws/ [main];/parrots/parakeets-small-psittacines/ [main],1,yes,1,main vs chrome link sources shown in internal-links.csv
/parrots/african-parrots/congo-african-grey-parrot/,/parrots-for-sale/african-grey-parrots/ [main];/parrots-for-sale/talking-parrots/ [main];/parrots/african-parrots/ [main];/parrots/african-parrots/timneh-parrot/ [main],0,yes,2,main vs chrome link sources shown in internal-links.csv
/parrots/african-parrots/timneh-parrot/,/parrots-for-sale/african-grey-parrots/ [main];/parrots-for-sale/talking-parrots/ [main];/parrots/african-parrots/ [main];/parrots/african-parrots/congo-african-grey-parrot/ [main],0,yes,2,main vs chrome link sources shown in internal-links.csv
/parrots/amazons/,/ [main];/available-birds/ [main];/guides/buying-a-parrot-checklist/ [main];/guides/parrot-diet-nutrition/ [main];/locations/ [main];/locations/belfast/ [main];/locations/birmingham/ [main];/locations/liverpool/ [main];/locations/newcastle/ [main];/parrot-care/ [main];/parrot-prices-uk/ [main];/parrots-for-sale/ [main];/parrots-for-sale/amazon-parrots/ [main];/parrots-for-sale/large-parrots/ [main];/parrots-for-sale/talking-parrots/ [main];/parrots/ [main];/parrots/african-parrots/ [main];/parrots/amazons/ [chrome];/parrots/amazons/ [main];/parrots/amazons/blue-fronted-amazon-parrot/ [main];/parrots/amazons/yellow-naped-amazon-parrot/ [main];/parrots/caiques/ [main];/parrots/cockatoos/ [main];/parrots/conures/ [main];/parrots/eclectus/ [main];/parrots/macaws/ [main];/parrots/parakeets-small-psittacines/ [main],1,yes,1,main vs chrome link sources shown in internal-links.csv
/parrots/amazons/blue-fronted-amazon-parrot/,/parrots-for-sale/amazon-parrots/ [main];/parrots-for-sale/large-parrots/ [main];/parrots-for-sale/talking-parrots/ [main];/parrots/amazons/ [main];/parrots/amazons/yellow-naped-amazon-parrot/ [main],0,yes,2,main vs chrome link sources shown in internal-links.csv
/parrots/amazons/yellow-naped-amazon-parrot/,/parrots-for-sale/amazon-parrots/ [main];/parrots-for-sale/large-parrots/ [main];/parrots-for-sale/talking-parrots/ [main];/parrots/amazons/ [main];/parrots/amazons/blue-fronted-amazon-parrot/ [main],0,yes,2,main vs chrome link sources shown in internal-links.csv
/parrots/caiques/,/ [main];/available-birds/ [main];/guides/parrot-housing-enrichment/ [main];/locations/ [main];/locations/bristol/ [main];/locations/manchester/ [main];/locations/sheffield/ [main];/parrot-care/ [main];/parrot-prices-uk/ [main];/parrots-for-sale/ [main];/parrots-for-sale/caiques/ [main];/parrots-for-sale/small-parrots/ [main];/parrots/ [main];/parrots/african-parrots/ [main];/parrots/amazons/ [main];/parrots/caiques/ [chrome];/parrots/caiques/ [main];/parrots/caiques/black-headed-caique/ [main];/parrots/caiques/white-bellied-caique/ [main];/parrots/cockatoos/ [main];/parrots/conures/ [main];/parrots/eclectus/ [main];/parrots/macaws/ [main];/parrots/parakeets-small-psittacines/ [main],1,yes,1,main vs chrome link sources shown in internal-links.csv
/parrots/caiques/black-headed-caique/,/parrots-for-sale/caiques/ [main];/parrots-for-sale/small-parrots/ [main];/parrots/caiques/ [main];/parrots/caiques/white-bellied-caique/ [main],0,yes,2,main vs chrome link sources shown in internal-links.csv
/parrots/caiques/white-bellied-caique/,/parrots-for-sale/caiques/ [main];/parrots-for-sale/small-parrots/ [main];/parrots/caiques/ [main];/parrots/caiques/black-headed-caique/ [main],0,yes,2,main vs chrome link sources shown in internal-links.csv
/parrots/cockatoos/,/ [main];/available-birds/ [main];/guides/choosing-a-parrot/ [main];/guides/parrot-ownership-costs/ [main];/locations/ [main];/locations/bristol/ [main];/locations/edinburgh/ [main];/locations/manchester/ [main];/parrot-care/ [main];/parrot-prices-uk/ [main];/parrots-for-sale/ [main];/parrots-for-sale/cockatoos/ [main];/parrots-for-sale/large-parrots/ [main];/parrots/ [main];/parrots/african-parrots/ [main];/parrots/amazons/ [main];/parrots/caiques/ [main];/parrots/cockatoos/ [chrome];/parrots/cockatoos/ [main];/parrots/cockatoos/galah-cockatoo/ [main];/parrots/cockatoos/umbrella-cockatoo/ [main];/parrots/conures/ [main];/parrots/eclectus/ [main];/parrots/macaws/ [main];/parrots/parakeets-small-psittacines/ [main],1,yes,1,main vs chrome link sources shown in internal-links.csv
/parrots/cockatoos/galah-cockatoo/,/parrots-for-sale/cockatoos/ [main];/parrots-for-sale/large-parrots/ [main];/parrots/cockatoos/ [main];/parrots/cockatoos/umbrella-cockatoo/ [main],0,yes,2,main vs chrome link sources shown in internal-links.csv
/parrots/cockatoos/umbrella-cockatoo/,/parrots-for-sale/cockatoos/ [main];/parrots-for-sale/large-parrots/ [main];/parrots/cockatoos/ [main];/parrots/cockatoos/galah-cockatoo/ [main],0,yes,2,main vs chrome link sources shown in internal-links.csv
/parrots/conures/,/ [main];/available-birds/ [main];/guides/choosing-a-parrot/ [main];/guides/preparing-for-a-parrot/ [main];/locations/ [main];/locations/bristol/ [main];/locations/cardiff/ [main];/locations/leeds/ [main];/locations/london/ [main];/locations/manchester/ [main];/locations/nottingham/ [main];/parrot-care/ [main];/parrot-prices-uk/ [main];/parrots-for-sale/ [main];/parrots-for-sale/conures/ [main];/parrots-for-sale/small-parrots/ [main];/parrots/ [main];/parrots/african-parrots/ [main];/parrots/amazons/ [main];/parrots/caiques/ [main];/parrots/cockatoos/ [main];/parrots/conures/ [chrome];/parrots/conures/ [main];/parrots/conures/green-cheeked-conure/ [main];/parrots/conures/sun-conure/ [main];/parrots/eclectus/ [main];/parrots/macaws/ [main];/parrots/parakeets-small-psittacines/ [main],1,yes,1,main vs chrome link sources shown in internal-links.csv
/parrots/conures/green-cheeked-conure/,/parrots-for-sale/conures/ [main];/parrots-for-sale/small-parrots/ [main];/parrots/conures/ [main];/parrots/conures/sun-conure/ [main],0,yes,2,main vs chrome link sources shown in internal-links.csv
/parrots/conures/sun-conure/,/parrots-for-sale/conures/ [main];/parrots-for-sale/small-parrots/ [main];/parrots/conures/ [main];/parrots/conures/green-cheeked-conure/ [main],0,yes,2,main vs chrome link sources shown in internal-links.csv
/parrots/eclectus/,/ [main];/available-birds/ [main];/guides/buying-a-parrot-checklist/ [main];/guides/parrot-diet-nutrition/ [main];/guides/preparing-for-a-parrot/ [main];/locations/ [main];/locations/edinburgh/ [main];/locations/glasgow/ [main];/locations/liverpool/ [main];/parrot-care/ [main];/parrot-prices-uk/ [main];/parrots-for-sale/ [main];/parrots-for-sale/eclectus-parrots/ [main];/parrots/ [main];/parrots/african-parrots/ [main];/parrots/amazons/ [main];/parrots/caiques/ [main];/parrots/cockatoos/ [main];/parrots/conures/ [main];/parrots/eclectus/ [chrome];/parrots/eclectus/ [main];/parrots/eclectus/papuan-eclectus-parrot/ [main];/parrots/macaws/ [main];/parrots/parakeets-small-psittacines/ [main],1,yes,1,main vs chrome link sources shown in internal-links.csv
/parrots/eclectus/papuan-eclectus-parrot/,/parrots-for-sale/eclectus-parrots/ [main];/parrots/eclectus/ [main],0,yes,2,main vs chrome link sources shown in internal-links.csv
/parrots/macaws/,/ [main];/available-birds/ [main];/guides/buying-a-parrot-checklist/ [main];/guides/parrot-housing-enrichment/ [main];/guides/parrot-ownership-costs/ [main];/locations/ [main];/locations/leeds/ [main];/locations/newcastle/ [main];/locations/sheffield/ [main];/parrot-care/ [main];/parrot-prices-uk/ [main];/parrots-for-sale/ [main];/parrots-for-sale/large-parrots/ [main];/parrots-for-sale/macaws/ [main];/parrots/ [main];/parrots/african-parrots/ [main];/parrots/amazons/ [main];/parrots/caiques/ [main];/parrots/cockatoos/ [main];/parrots/conures/ [main];/parrots/eclectus/ [main];/parrots/macaws/ [chrome];/parrots/macaws/ [main];/parrots/macaws/blue-and-gold-macaw/ [main];/parrots/macaws/scarlet-macaw/ [main];/parrots/parakeets-small-psittacines/ [main],1,yes,1,main vs chrome link sources shown in internal-links.csv
/parrots/macaws/blue-and-gold-macaw/,/parrots-for-sale/large-parrots/ [main];/parrots-for-sale/macaws/ [main];/parrots/macaws/ [main];/parrots/macaws/scarlet-macaw/ [main],0,yes,2,main vs chrome link sources shown in internal-links.csv
/parrots/macaws/scarlet-macaw/,/parrots-for-sale/large-parrots/ [main];/parrots-for-sale/macaws/ [main];/parrots/macaws/ [main];/parrots/macaws/blue-and-gold-macaw/ [main],0,yes,2,main vs chrome link sources shown in internal-links.csv
/parrots/parakeets-small-psittacines/,/ [main];/available-birds/ [main];/guides/parrot-diet-nutrition/ [main];/guides/parrot-housing-enrichment/ [main];/locations/ [main];/locations/belfast/ [main];/locations/birmingham/ [main];/locations/cardiff/ [main];/locations/glasgow/ [main];/locations/leeds/ [main];/locations/london/ [main];/locations/nottingham/ [main];/locations/sheffield/ [main];/parrot-care/ [main];/parrot-prices-uk/ [main];/parrots-for-sale/ [main];/parrots-for-sale/parakeets-small-parrots/ [main];/parrots-for-sale/small-parrots/ [main];/parrots-for-sale/talking-parrots/ [main];/parrots/ [main];/parrots/african-parrots/ [main];/parrots/amazons/ [main];/parrots/caiques/ [main];/parrots/cockatoos/ [main];/parrots/conures/ [main];/parrots/eclectus/ [main];/parrots/macaws/ [main];/parrots/parakeets-small-psittacines/ [chrome];/parrots/parakeets-small-psittacines/ [main];/parrots/parakeets-small-psittacines/budgerigar/ [main];/parrots/parakeets-small-psittacines/indian-ringneck-parakeet/ [main];/parrots/parakeets-small-psittacines/peach-faced-lovebird/ [main],1,yes,1,main vs chrome link sources shown in internal-links.csv
/parrots/parakeets-small-psittacines/budgerigar/,/parrots-for-sale/parakeets-small-parrots/ [main];/parrots-for-sale/small-parrots/ [main];/parrots-for-sale/talking-parrots/ [main];/parrots/parakeets-small-psittacines/ [main];/parrots/parakeets-small-psittacines/indian-ringneck-parakeet/ [main];/parrots/parakeets-small-psittacines/peach-faced-lovebird/ [main],0,yes,2,main vs chrome link sources shown in internal-links.csv
/parrots/parakeets-small-psittacines/indian-ringneck-parakeet/,/parrots-for-sale/parakeets-small-parrots/ [main];/parrots-for-sale/small-parrots/ [main];/parrots-for-sale/talking-parrots/ [main];/parrots/parakeets-small-psittacines/ [main];/parrots/parakeets-small-psittacines/budgerigar/ [main];/parrots/parakeets-small-psittacines/peach-faced-lovebird/ [main],0,yes,2,main vs chrome link sources shown in internal-links.csv
/parrots/parakeets-small-psittacines/peach-faced-lovebird/,/parrots-for-sale/parakeets-small-parrots/ [main];/parrots-for-sale/small-parrots/ [main];/parrots-for-sale/talking-parrots/ [main];/parrots/parakeets-small-psittacines/ [main];/parrots/parakeets-small-psittacines/budgerigar/ [main];/parrots/parakeets-small-psittacines/indian-ringneck-parakeet/ [main],0,yes,2,main vs chrome link sources shown in internal-links.csv
/privacy-policy/,/ [chrome];/available-birds/ [chrome];/business-policies/ [chrome];/business-policies/ [main];/contact/ [chrome];/contact/ [main];/cookie-policy/ [chrome];/cookie-policy/ [main];/guides/ [chrome];/guides/buying-a-parrot-checklist/ [chrome];/guides/buying-a-parrot/ [chrome];/guides/choosing-a-parrot/ [chrome];/guides/cites-parrots-uk/ [chrome];/guides/parrot-diet-nutrition/ [chrome];/guides/parrot-housing-enrichment/ [chrome];/guides/parrot-ownership-costs/ [chrome];/guides/preparing-for-a-parrot/ [chrome];/locations/ [chrome];/locations/belfast/ [chrome];/locations/belfast/ [main];/locations/birmingham/ [chrome];/locations/birmingham/ [main];/locations/bristol/ [chrome];/locations/bristol/ [main];/locations/cardiff/ [chrome];/locations/cardiff/ [main];/locations/edinburgh/ [chrome];/locations/edinburgh/ [main];/locations/glasgow/ [chrome];/locations/glasgow/ [main];/locations/leeds/ [chrome];/locations/leeds/ [main];/locations/liverpool/ [chrome];/locations/liverpool/ [main];/locations/london/ [chrome];/locations/london/ [main];/locations/manchester/ [chrome];/locations/manchester/ [main];/locations/newcastle/ [chrome];/locations/newcastle/ [main];/locations/nottingham/ [chrome];/locations/nottingham/ [main];/locations/sheffield/ [chrome];/locations/sheffield/ [main];/our-approach/ [chrome];/parrot-care/ [chrome];/parrot-prices-uk/ [chrome];/parrots-for-sale/ [chrome];/parrots-for-sale/african-grey-parrots/ [chrome];/parrots-for-sale/amazon-parrots/ [chrome];/parrots-for-sale/caiques/ [chrome];/parrots-for-sale/cockatoos/ [chrome];/parrots-for-sale/conures/ [chrome];/parrots-for-sale/eclectus-parrots/ [chrome];/parrots-for-sale/large-parrots/ [chrome];/parrots-for-sale/macaws/ [chrome];/parrots-for-sale/parakeets-small-parrots/ [chrome];/parrots-for-sale/small-parrots/ [chrome];/parrots-for-sale/talking-parrots/ [chrome];/parrots/ [chrome];/parrots/african-parrots/ [chrome];/parrots/african-parrots/congo-african-grey-parrot/ [chrome];/parrots/african-parrots/timneh-parrot/ [chrome];/parrots/amazons/ [chrome];/parrots/amazons/blue-fronted-amazon-parrot/ [chrome];/parrots/amazons/yellow-naped-amazon-parrot/ [chrome];/parrots/caiques/ [chrome];/parrots/caiques/black-headed-caique/ [chrome];/parrots/caiques/white-bellied-caique/ [chrome];/parrots/cockatoos/ [chrome];/parrots/cockatoos/galah-cockatoo/ [chrome];/parrots/cockatoos/umbrella-cockatoo/ [chrome];/parrots/conures/ [chrome];/parrots/conures/green-cheeked-conure/ [chrome];/parrots/conures/sun-conure/ [chrome];/parrots/eclectus/ [chrome];/parrots/eclectus/papuan-eclectus-parrot/ [chrome];/parrots/macaws/ [chrome];/parrots/macaws/blue-and-gold-macaw/ [chrome];/parrots/macaws/scarlet-macaw/ [chrome];/parrots/parakeets-small-psittacines/ [chrome];/parrots/parakeets-small-psittacines/budgerigar/ [chrome];/parrots/parakeets-small-psittacines/indian-ringneck-parakeet/ [chrome];/parrots/parakeets-small-psittacines/peach-faced-lovebird/ [chrome];/privacy-policy/ [chrome],69,yes,1,main vs chrome link sources shown in internal-links.csv
