route,schema_type,validation
/,WebPage,valid JSON parse; vocabulary/Google eligibility not independently verified
/,,valid JSON parse; vocabulary/Google eligibility not independently verified
/available-birds/,WebPage,valid JSON parse; vocabulary/Google eligibility not independently verified
/business-policies/,WebPage,valid JSON parse; vocabulary/Google eligibility not independently verified
/contact/,WebPage,valid JSON parse; vocabulary/Google eligibility not independently verified
/cookie-policy/,WebPage,valid JSON parse; vocabulary/Google eligibility not independently verified
/guides/,WebPage,valid JSON parse; vocabulary/Google eligibility not independently verified
/guides/buying-a-parrot-checklist/,WebPage,valid JSON parse; vocabulary/Google eligibility not independently verified
/guides/buying-a-parrot-checklist/,Article,valid JSON parse; vocabulary/Google eligibility not independently verified
/guides/buying-a-parrot/,WebPage,valid JSON parse; vocabulary/Google eligibility not independently verified
/guides/buying-a-parrot/,Article,valid JSON parse; vocabulary/Google eligibility not independently verified
/guides/choosing-a-parrot/,WebPage,valid JSON parse; vocabulary/Google eligibility not independently verified
/guides/choosing-a-parrot/,Article,valid JSON parse; vocabulary/Google eligibility not independently verified
/guides/cites-parrots-uk/,WebPage,valid JSON parse; vocabulary/Google eligibility not independently verified
/guides/cites-parrots-uk/,Article,valid JSON parse; vocabulary/Google eligibility not independently verified
/guides/parrot-diet-nutrition/,WebPage,valid JSON parse; vocabulary/Google eligibility not independently verified
/guides/parrot-diet-nutrition/,Article,valid JSON parse; vocabulary/Google eligibility not independently verified
/guides/parrot-housing-enrichment/,WebPage,valid JSON parse; vocabulary/Google eligibility not independently verified
/guides/parrot-housing-enrichment/,Article,valid JSON parse; vocabulary/Google eligibility not independently verified
/guides/parrot-ownership-costs/,WebPage,valid JSON parse; vocabulary/Google eligibility not independently verified
/guides/parrot-ownership-costs/,Article,valid JSON parse; vocabulary/Google eligibility not independently verified
/guides/preparing-for-a-parrot/,WebPage,valid JSON parse; vocabulary/Google eligibility not independently verified
/guides/preparing-for-a-parrot/,Article,valid JSON parse; vocabulary/Google eligibility not independently verified
/locations/,WebPage,valid JSON parse; vocabulary/Google eligibility not independently verified
/locations/belfast/,WebPage,valid JSON parse; vocabulary/Google eligibility not independently verified
/locations/birmingham/,WebPage,valid JSON parse; vocabulary/Google eligibility not independently verified
/locations/bristol/,WebPage,valid JSON parse; vocabulary/Google eligibility not independently verified
/locations/cardiff/,WebPage,valid JSON parse; vocabulary/Google eligibility not independently verified
/locations/edinburgh/,WebPage,valid JSON parse; vocabulary/Google eligibility not independently verified
/locations/glasgow/,WebPage,valid JSON parse; vocabulary/Google eligibility not independently verified
/locations/leeds/,WebPage,valid JSON parse; vocabulary/Google eligibility not independently verified
/locations/liverpool/,WebPage,valid JSON parse; vocabulary/Google eligibility not independently verified
/locations/london/,WebPage,valid JSON parse; vocabulary/Google eligibility not independently verified
/locations/manchester/,WebPage,valid JSON parse; vocabulary/Google eligibility not independently verified
/locations/newcastle/,WebPage,valid JSON parse; vocabulary/Google eligibility not independently verified
/locations/nottingham/,WebPage,valid JSON parse; vocabulary/Google eligibility not independently verified
/locations/sheffield/,WebPage,valid JSON parse; vocabulary/Google eligibility not independently verified
/our-approach/,WebPage,valid JSON parse; vocabulary/Google eligibility not independently verified
/parrot-care/,WebPage,valid JSON parse; vocabulary/Google eligibility not independently verified
/parrot-prices-uk/,WebPage,valid JSON parse; vocabulary/Google eligibility not independently verified
/parrots-for-sale/,WebPage,valid JSON parse; vocabulary/Google eligibility not independently verified
/parrots-for-sale/african-grey-parrots/,WebPage,valid JSON parse; vocabulary/Google eligibility not independently verified
/parrots-for-sale/amazon-parrots/,WebPage,valid JSON parse; vocabulary/Google eligibility not independently verified
/parrots-for-sale/caiques/,WebPage,valid JSON parse; vocabulary/Google eligibility not independently verified
/parrots-for-sale/cockatoos/,WebPage,valid JSON parse; vocabulary/Google eligibility not independently verified
/parrots-for-sale/conures/,WebPage,valid JSON parse; vocabulary/Google eligibility not independently verified
/parrots-for-sale/eclectus-parrots/,WebPage,valid JSON parse; vocabulary/Google eligibility not independently verified
/parrots-for-sale/large-parrots/,WebPage,valid JSON parse; vocabulary/Google eligibility not independently verified
/parrots-for-sale/macaws/,WebPage,valid JSON parse; vocabulary/Google eligibility not independently verified
/parrots-for-sale/parakeets-small-parrots/,WebPage,valid JSON parse; vocabulary/Google eligibility not independently verified
/parrots-for-sale/small-parrots/,WebPage,valid JSON parse; vocabulary/Google eligibility not independently verified
/parrots-for-sale/talking-parrots/,WebPage,valid JSON parse; vocabulary/Google eligibility not independently verified
/parrots/,WebPage,valid JSON parse; vocabulary/Google eligibility not independently verified
/parrots/african-parrots/,WebPage,valid JSON parse; vocabulary/Google eligibility not independently verified
/parrots/african-parrots/congo-african-grey-parrot/,WebPage,valid JSON parse; vocabulary/Google eligibility not independently verified
/parrots/african-parrots/timneh-parrot/,WebPage,valid JSON parse; vocabulary/Google eligibility not independently verified
/parrots/amazons/,WebPage,valid JSON parse; vocabulary/Google eligibility not independently verified
/parrots/amazons/blue-fronted-amazon-parrot/,WebPage,valid JSON parse; vocabulary/Google eligibility not independently verified
/parrots/amazons/yellow-naped-amazon-parrot/,WebPage,valid JSON parse; vocabulary/Google eligibility not independently verified
/parrots/caiques/,WebPage,valid JSON parse; vocabulary/Google eligibility not independently verified
/parrots/caiques/black-headed-caique/,WebPage,valid JSON parse; vocabulary/Google eligibility not independently verified
/parrots/caiques/white-bellied-caique/,WebPage,valid JSON parse; vocabulary/Google eligibility not independently verified
/parrots/cockatoos/,WebPage,valid JSON parse; vocabulary/Google eligibility not independently verified
/parrots/cockatoos/galah-cockatoo/,WebPage,valid JSON parse; vocabulary/Google eligibility not independently verified
/parrots/cockatoos/umbrella-cockatoo/,WebPage,valid JSON parse; vocabulary/Google eligibility not independently verified
/parrots/conures/,WebPage,valid JSON parse; vocabulary/Google eligibility not independently verified
/parrots/conures/green-cheeked-conure/,WebPage,valid JSON parse; vocabulary/Google eligibility not independently verified
/parrots/conures/sun-conure/,WebPage,valid JSON parse; vocabulary/Google eligibility not independently verified
/parrots/eclectus/,WebPage,valid JSON parse; vocabulary/Google eligibility not independently verified
/parrots/eclectus/papuan-eclectus-parrot/,WebPage,valid JSON parse; vocabulary/Google eligibility not independently verified
/parrots/macaws/,WebPage,valid JSON parse; vocabulary/Google eligibility not independently verified
/parrots/macaws/blue-and-gold-macaw/,WebPage,valid JSON parse; vocabulary/Google eligibility not independently verified
/parrots/macaws/scarlet-macaw/,WebPage,valid JSON parse; vocabulary/Google eligibility not independently verified
/parrots/parakeets-small-psittacines/,WebPage,valid JSON parse; vocabulary/Google eligibility not independently verified
/parrots/parakeets-small-psittacines/budgerigar/,WebPage,valid JSON parse; vocabulary/Google eligibility not independently verified
/parrots/parakeets-small-psittacines/indian-ringneck-parakeet/,WebPage,valid JSON parse; vocabulary/Google eligibility not independently verified
/parrots/parakeets-small-psittacines/peach-faced-lovebird/,WebPage,valid JSON parse; vocabulary/Google eligibility not independently verified
/privacy-policy/,WebPage,valid JSON parse; vocabulary/Google eligibility not independently verified
