route,title,meta_description,canonical,indexable,in_sitemap,main_paragraph_word_count,h1_count,link_count,image_count,published,last_modified,last_reviewed,article_date_modified,schema_types,http_status,http_final_url,redirected
/,Parrot Breeder & Retailer UK | Crownwing Parrots,"Crownwing is a parrot breeder and retailer for UK homes. Explore African Grey Parrots, Macaws and more, and enquire about current birds and prices.",https://crownwingparrots.co.uk/,yes,yes,220,1,54,9,,2026-10-02,,,WebPage;unknown,200,https://bb2a8af7-5945-4807-af2c-9c06ffcc6ddd-00-329gylcqqwk2l.archer.replit.dev/,no
/available-birds/,"Available Parrots UK: Photos, Ages & Prices | Crownwing Parrots","Check Crownwing’s available parrot groups and enquire about current photographs, ages and prices. Individual birds change regularly; contact us for details.",https://crownwingparrots.co.uk/available-birds/,yes,yes,239,1,54,8,,,,,WebPage,200,https://bb2a8af7-5945-4807-af2c-9c06ffcc6ddd-00-329gylcqqwk2l.archer.replit.dev/available-birds/,no
/business-policies/,"Payments, Delivery, Cancellation & Refund Policy | Crownwing Parrots","Crownwing Parrots policies for bank-transfer payments, reservations, individual delivery arrangements, cancellations, returns, refunds and customer concerns.",https://crownwingparrots.co.uk/business-policies/,yes,yes,1182,1,29,0,,,,,WebPage,200,https://bb2a8af7-5945-4807-af2c-9c06ffcc6ddd-00-329gylcqqwk2l.archer.replit.dev/business-policies/,no
/contact/,Contact Crownwing | Available Parrot Enquiries UK,"Enquire about available African Grey Parrots, Macaws and more. Prepare questions about current birds, prices, care and collection with Crownwing.",https://crownwingparrots.co.uk/contact/,yes,yes,110,1,31,0,,,,,WebPage,200,https://bb2a8af7-5945-4807-af2c-9c06ffcc6ddd-00-329gylcqqwk2l.archer.replit.dev/contact/,no
/cookie-policy/,Cookie Policy | Crownwing Parrots,"Information about cookies, browser storage, external Google Fonts and the current download-only enquiry forms on the Crownwing Parrots website.",https://crownwingparrots.co.uk/cookie-policy/,yes,yes,393,1,27,0,,,,,WebPage,200,https://bb2a8af7-5945-4807-af2c-9c06ffcc6ddd-00-329gylcqqwk2l.archer.replit.dev/cookie-policy/,no
/guides/,"UK Parrot Guides | Buying, Care & Documentation | Crownwing Parrots","A practical UK parrot resource library: choose a bird, check documentation, plan costs and prepare a safe home before making a buying enquiry.",https://crownwingparrots.co.uk/guides/,yes,yes,291,1,41,0,,2026-10-02,,,WebPage,200,https://bb2a8af7-5945-4807-af2c-9c06ffcc6ddd-00-329gylcqqwk2l.archer.replit.dev/guides/,no
/guides/buying-a-parrot-checklist/,Buying a parrot in the UK: questions to ask | Crownwing Parrots,Use specific questions to understand the individual bird and the proposed purchase before agreeing to a handover.,https://crownwingparrots.co.uk/guides/buying-a-parrot-checklist/,yes,yes,349,1,36,0,,,,,WebPage;Article,200,https://bb2a8af7-5945-4807-af2c-9c06ffcc6ddd-00-329gylcqqwk2l.archer.replit.dev/guides/buying-a-parrot-checklist/,no
/guides/buying-a-parrot/,How to Buy a Parrot in the UK | Complete Buyer's Guide | Crownwing Parrots,"Follow a UK parrot buying journey: household suitability, fully weaned birds, seller questions, documentation, budgets, transport and the first week at home.",https://crownwingparrots.co.uk/guides/buying-a-parrot/,yes,yes,1620,1,43,0,,2026-10-02,,2026-10-02,WebPage;Article,200,https://bb2a8af7-5945-4807-af2c-9c06ffcc6ddd-00-329gylcqqwk2l.archer.replit.dev/guides/buying-a-parrot/,no
/guides/choosing-a-parrot/,Which Parrot Is Right for Me? | UK Comparison Guide | Crownwing Parrots,"Compare eight parrot groups by size, noise, talking, social needs, lifespan and household demands. Build a thoughtful shortlist, not a best-bird ranking.",https://crownwingparrots.co.uk/guides/choosing-a-parrot/,yes,yes,718,1,41,0,,2026-10-02,,2026-10-02,WebPage;Article,200,https://bb2a8af7-5945-4807-af2c-9c06ffcc6ddd-00-329gylcqqwk2l.archer.replit.dev/guides/choosing-a-parrot/,no
/guides/cites-parrots-uk/,Parrot Documentation UK | CITES & Bird Registration | Crownwing Parrots,"Check what UK parrot buyers should ask about CITES, identification, lawful origin, bird registration and GB/NI movements, with dated official sources.",https://crownwingparrots.co.uk/guides/cites-parrots-uk/,yes,yes,1348,1,42,0,,2026-10-02,2026-10-02,2026-10-02,WebPage;Article,200,https://bb2a8af7-5945-4807-af2c-9c06ffcc6ddd-00-329gylcqqwk2l.archer.replit.dev/guides/cites-parrots-uk/,no
/guides/parrot-diet-nutrition/,Parrot diet and nutrition | Feeding guide | Crownwing Parrots,Understand the feeding questions to discuss before choosing food or changing your bird’s routine.,https://crownwingparrots.co.uk/guides/parrot-diet-nutrition/,yes,yes,269,1,37,0,,,,,WebPage;Article,200,https://bb2a8af7-5945-4807-af2c-9c06ffcc6ddd-00-329gylcqqwk2l.archer.replit.dev/guides/parrot-diet-nutrition/,no
/guides/parrot-housing-enrichment/,Parrot housing and enrichment | Home guide | Crownwing Parrots,"Plan accommodation, safe exercise and daily activities around the individual bird.",https://crownwingparrots.co.uk/guides/parrot-housing-enrichment/,yes,yes,252,1,38,0,,,,,WebPage;Article,200,https://bb2a8af7-5945-4807-af2c-9c06ffcc6ddd-00-329gylcqqwk2l.archer.replit.dev/guides/parrot-housing-enrichment/,no
/guides/parrot-ownership-costs/,Cost of Keeping a Parrot UK | Budget Planner | Crownwing Parrots,"Plan the cost of keeping a parrot in the UK with a quote-based budget calculator covering setup, food, toys, veterinary saving, insurance and an emergency reserve.",https://crownwingparrots.co.uk/guides/parrot-ownership-costs/,yes,yes,648,1,38,0,,2026-10-02,,2026-10-02,WebPage;Article,200,https://bb2a8af7-5945-4807-af2c-9c06ffcc6ddd-00-329gylcqqwk2l.archer.replit.dev/guides/parrot-ownership-costs/,no
/guides/preparing-for-a-parrot/,Preparing for a new parrot | First-week guide | Crownwing Parrots,"Prepare the space, understand the existing routine and leave room for a gradual adjustment.",https://crownwingparrots.co.uk/guides/preparing-for-a-parrot/,yes,yes,254,1,37,0,,,,,WebPage;Article,200,https://bb2a8af7-5945-4807-af2c-9c06ffcc6ddd-00-329gylcqqwk2l.archer.replit.dev/guides/preparing-for-a-parrot/,no
/locations/,UK parrot city guides | Local buying enquiries | Crownwing Parrots,"Browse Crownwing’s UK city enquiry guides for London, Manchester, Birmingham, Cardiff, Edinburgh, Glasgow, Belfast and more.",https://crownwingparrots.co.uk/locations/,yes,yes,122,1,44,0,,,,,WebPage,200,https://bb2a8af7-5945-4807-af2c-9c06ffcc6ddd-00-329gylcqqwk2l.archer.replit.dev/locations/,no
/locations/belfast/,Parrot enquiry planning for Belfast | Crownwing Parrots,"A Belfast parrot enquiry guide covering household preparation, species research, origin and destination details, and official-requirement checks.",https://crownwingparrots.co.uk/locations/belfast/,yes,yes,450,1,35,0,,,,,WebPage,200,https://bb2a8af7-5945-4807-af2c-9c06ffcc6ddd-00-329gylcqqwk2l.archer.replit.dev/locations/belfast/,no
/locations/birmingham/,Parrot ownership questions for Birmingham households | Crownwing Parrots,"A Birmingham parrot planning guide for household decisions, species research, shared responsibilities and informed individual-bird enquiries.",https://crownwingparrots.co.uk/locations/birmingham/,yes,yes,475,1,35,0,,,,,WebPage,200,https://bb2a8af7-5945-4807-af2c-9c06ffcc6ddd-00-329gylcqqwk2l.archer.replit.dev/locations/birmingham/,no
/locations/bristol/,Planning for a parrot in Bristol | Crownwing Parrots,"A Bristol parrot enquiry guide focused on safe home preparation, supervised exercise, species fit and questions about an individual bird.",https://crownwingparrots.co.uk/locations/bristol/,yes,yes,455,1,35,0,,,,,WebPage,200,https://bb2a8af7-5945-4807-af2c-9c06ffcc6ddd-00-329gylcqqwk2l.archer.replit.dev/locations/bristol/,no
/locations/cardiff/,Choosing and enquiring about parrots in Cardiff | Crownwing Parrots,"A Cardiff and South Wales guide to comparing parrot species, assessing household fit and preparing a considered enquiry.",https://crownwingparrots.co.uk/locations/cardiff/,yes,yes,437,1,35,0,,,,,WebPage,200,https://bb2a8af7-5945-4807-af2c-9c06ffcc6ddd-00-329gylcqqwk2l.archer.replit.dev/locations/cardiff/,no
/locations/edinburgh/,Long-term parrot planning in Edinburgh | Crownwing Parrots,"Edinburgh parrot ownership guidance for future household changes, dependable backup care and species-specific long-term planning.",https://crownwingparrots.co.uk/locations/edinburgh/,yes,yes,445,1,35,0,,,,,WebPage,200,https://bb2a8af7-5945-4807-af2c-9c06ffcc6ddd-00-329gylcqqwk2l.archer.replit.dev/locations/edinburgh/,no
/locations/glasgow/,Diet and routine questions for Glasgow parrot enquiries | Crownwing Parrots,"A Glasgow parrot planning guide on established diets, careful routine changes, species research and questions for an individual-bird enquiry.",https://crownwingparrots.co.uk/locations/glasgow/,yes,yes,427,1,35,0,,,,,WebPage,200,https://bb2a8af7-5945-4807-af2c-9c06ffcc6ddd-00-329gylcqqwk2l.archer.replit.dev/locations/glasgow/,no
/locations/leeds/,A practical parrot plan for Leeds | Crownwing Parrots,"Explore parrot care planning for Leeds and West Yorkshire: accommodation, exercise, continuing costs and informed questions before enquiry.",https://crownwingparrots.co.uk/locations/leeds/,yes,yes,440,1,35,0,,,,,WebPage,200,https://bb2a8af7-5945-4807-af2c-9c06ffcc6ddd-00-329gylcqqwk2l.archer.replit.dev/locations/leeds/,no
/locations/liverpool/,Questions to ask when enquiring about parrots in Liverpool | Crownwing Parrots,"Prepare a Liverpool parrot enquiry with questions about identity, history, feeding, observed behaviour and transition details.",https://crownwingparrots.co.uk/locations/liverpool/,yes,yes,435,1,35,0,,,,,WebPage,200,https://bb2a8af7-5945-4807-af2c-9c06ffcc6ddd-00-329gylcqqwk2l.archer.replit.dev/locations/liverpool/,no
/locations/london/,Parrot ownership planning for London homes | Crownwing Parrots,"A practical London parrot enquiry guide covering space, shared living, species research and questions to resolve before making plans.",https://crownwingparrots.co.uk/locations/london/,yes,yes,490,1,35,0,,,,,WebPage,200,https://bb2a8af7-5945-4807-af2c-9c06ffcc6ddd-00-329gylcqqwk2l.archer.replit.dev/locations/london/,no
/locations/manchester/,Planning a parrot enquiry in Manchester | Crownwing Parrots,"Prepare for a Manchester parrot enquiry with a realistic weekly care plan, species comparisons and clear questions about the individual bird.",https://crownwingparrots.co.uk/locations/manchester/,yes,yes,457,1,35,0,,,,,WebPage,200,https://bb2a8af7-5945-4807-af2c-9c06ffcc6ddd-00-329gylcqqwk2l.archer.replit.dev/locations/manchester/,no
/locations/newcastle/,Parrot enquiry and transport planning for Newcastle | Crownwing Parrots,"A Newcastle and Tyneside parrot enquiry guide focused on confirming the individual, agreeing arrangements and preparing for transport responsibly.",https://crownwingparrots.co.uk/locations/newcastle/,yes,yes,430,1,35,0,,,,,WebPage,200,https://bb2a8af7-5945-4807-af2c-9c06ffcc6ddd-00-329gylcqqwk2l.archer.replit.dev/locations/newcastle/,no
/locations/nottingham/,Starting parrot research in Nottingham | Crownwing Parrots,"Nottingham parrot ownership planning for first-time researchers, with species comparisons, preparation steps and questions to ask before enquiry.",https://crownwingparrots.co.uk/locations/nottingham/,yes,yes,435,1,35,0,,,,,WebPage,200,https://bb2a8af7-5945-4807-af2c-9c06ffcc6ddd-00-329gylcqqwk2l.archer.replit.dev/locations/nottingham/,no
/locations/sheffield/,Enrichment and parrot planning in Sheffield | Crownwing Parrots,"A Sheffield and South Yorkshire parrot guide to enrichment planning, supervised activity, species needs and useful enquiry questions.",https://crownwingparrots.co.uk/locations/sheffield/,yes,yes,435,1,35,0,,,,,WebPage,200,https://bb2a8af7-5945-4807-af2c-9c06ffcc6ddd-00-329gylcqqwk2l.archer.replit.dev/locations/sheffield/,no
/our-approach/,Parrot Breeder & Retailer | Our Approach | Crownwing,"Meet Crownwing’s breeder-and-retailer approach. Understand the bird’s background and confirm inclusions, collection and aftercare before buying.",https://crownwingparrots.co.uk/our-approach/,yes,yes,260,1,27,1,,,,,WebPage,200,https://bb2a8af7-5945-4807-af2c-9c06ffcc6ddd-00-329gylcqqwk2l.archer.replit.dev/our-approach/,no
/parrot-care/,"Parrot care guides | Diet, housing & ownership UK | Crownwing Parrots","Explore practical parrot care guides covering feeding, housing, enrichment, home preparation, buying questions and ownership costs.",https://crownwingparrots.co.uk/parrot-care/,yes,yes,117,1,40,0,,,,,WebPage,200,https://bb2a8af7-5945-4807-af2c-9c06ffcc6ddd-00-329gylcqqwk2l.archer.replit.dev/parrot-care/,no
/parrot-prices-uk/,Parrot prices UK | Purchase & care costs | Buying enquiries | Crownwing Parrots,Ask for an individual quotation and compare it with the actual cost of suitable care.,https://crownwingparrots.co.uk/parrot-prices-uk/,yes,yes,288,1,35,0,,,,,WebPage,200,https://bb2a8af7-5945-4807-af2c-9c06ffcc6ddd-00-329gylcqqwk2l.archer.replit.dev/parrot-prices-uk/,no
/parrots-for-sale/,Parrots for Sale UK | Crownwing Parrots,"Parrots for sale in the UK from Crownwing, a breeder and retailer. Compare eight parrot groups and enquire about current birds, photos, ages and prices.",https://crownwingparrots.co.uk/parrots-for-sale/,yes,yes,410,1,53,0,,,,,WebPage,200,https://bb2a8af7-5945-4807-af2c-9c06ffcc6ddd-00-329gylcqqwk2l.archer.replit.dev/parrots-for-sale/,no
/parrots-for-sale/african-grey-parrots/,African Grey Parrots for Sale UK | Crownwing Parrots,"African Grey Parrots for sale in the UK by enquiry. Request current photos, ages and prices, and compare Congo and Timneh care before choosing your bird.",https://crownwingparrots.co.uk/parrots-for-sale/african-grey-parrots/,yes,yes,614,1,36,1,,,,,WebPage,200,https://bb2a8af7-5945-4807-af2c-9c06ffcc6ddd-00-329gylcqqwk2l.archer.replit.dev/parrots-for-sale/african-grey-parrots/,no
/parrots-for-sale/amazon-parrots/,Amazon Parrots for Sale UK | Crownwing Parrots,"Amazon parrots for sale in the UK by enquiry. Request species details, current photos, age and price, and compare vocal habits and care with Crownwing.",https://crownwingparrots.co.uk/parrots-for-sale/amazon-parrots/,yes,yes,545,1,36,1,,,,,WebPage,200,https://bb2a8af7-5945-4807-af2c-9c06ffcc6ddd-00-329gylcqqwk2l.archer.replit.dev/parrots-for-sale/amazon-parrots/,no
/parrots-for-sale/caiques/,Caique Parrots for Sale UK | Crownwing Parrots,"Caique parrots for sale in the UK by enquiry. Request current photos, age and price, and discuss activity, handling and a suitable home with Crownwing.",https://crownwingparrots.co.uk/parrots-for-sale/caiques/,yes,yes,520,1,36,1,,,,,WebPage,200,https://bb2a8af7-5945-4807-af2c-9c06ffcc6ddd-00-329gylcqqwk2l.archer.replit.dev/parrots-for-sale/caiques/,no
/parrots-for-sale/cockatoos/,Cockatoo Parrots for Sale UK | Crownwing Parrots,"Cockatoo parrots for sale in the UK by enquiry. Confirm species, age and price, and ask about noise, social routine and home preparation with Crownwing.",https://crownwingparrots.co.uk/parrots-for-sale/cockatoos/,yes,yes,554,1,36,1,,,,,WebPage,200,https://bb2a8af7-5945-4807-af2c-9c06ffcc6ddd-00-329gylcqqwk2l.archer.replit.dev/parrots-for-sale/cockatoos/,no
/parrots-for-sale/conures/,Conure Parrots for Sale UK | Crownwing Parrots,"Conure parrots for sale in the UK by enquiry. Ask about current birds, species, photos and prices, then compare noise, handling and home setup.",https://crownwingparrots.co.uk/parrots-for-sale/conures/,yes,yes,544,1,36,1,,,,,WebPage,200,https://bb2a8af7-5945-4807-af2c-9c06ffcc6ddd-00-329gylcqqwk2l.archer.replit.dev/parrots-for-sale/conures/,no
/parrots-for-sale/eclectus-parrots/,Eclectus Parrots for Sale UK | Crownwing Parrots,"Eclectus parrots for sale in the UK by enquiry. Confirm identity, age, known sex and price, and discuss the individual bird's diet and routine.",https://crownwingparrots.co.uk/parrots-for-sale/eclectus-parrots/,yes,yes,525,1,35,1,,,,,WebPage,200,https://bb2a8af7-5945-4807-af2c-9c06ffcc6ddd-00-329gylcqqwk2l.archer.replit.dev/parrots-for-sale/eclectus-parrots/,no
/parrots-for-sale/large-parrots/,"Large Parrots UK: Macaw, Cockatoo & Amazon Ownership | Crownwing Parrots","Plan for large parrots with realistic comparisons of beak strength, accommodation, noise, social needs and long-term care before making a buying enquiry.",https://crownwingparrots.co.uk/parrots-for-sale/large-parrots/,yes,yes,409,1,37,0,,,,,WebPage,200,https://bb2a8af7-5945-4807-af2c-9c06ffcc6ddd-00-329gylcqqwk2l.archer.replit.dev/parrots-for-sale/large-parrots/,no
/parrots-for-sale/macaws/,Macaw Parrots for Sale UK | Crownwing Parrots,"Macaw parrots for sale in the UK by enquiry. Ask about species, current photographs, ages and prices, then plan housing, food and long-term care.",https://crownwingparrots.co.uk/parrots-for-sale/macaws/,yes,yes,728,1,36,1,,,,,WebPage,200,https://bb2a8af7-5945-4807-af2c-9c06ffcc6ddd-00-329gylcqqwk2l.archer.replit.dev/parrots-for-sale/macaws/,no
/parrots-for-sale/parakeets-small-parrots/,Parakeets & Budgies for Sale UK | Crownwing Parrots,"Parakeets and budgies for sale in the UK by enquiry. Confirm species, current photos, ages and prices, and plan flight space, diet and companionship.",https://crownwingparrots.co.uk/parrots-for-sale/parakeets-small-parrots/,yes,yes,543,1,37,1,,,,,WebPage,200,https://bb2a8af7-5945-4807-af2c-9c06ffcc6ddd-00-329gylcqqwk2l.archer.replit.dev/parrots-for-sale/parakeets-small-parrots/,no
/parrots-for-sale/small-parrots/,"Small Parrots UK: Compare Budgies, Conures & Caiques | Crownwing Parrots","Compare smaller parrots by flight space, flock needs, noise and activity. Understand why a budgerigar, conure or caique needs a different ownership plan.",https://crownwingparrots.co.uk/parrots-for-sale/small-parrots/,yes,yes,396,1,38,0,,,,,WebPage,200,https://bb2a8af7-5945-4807-af2c-9c06ffcc6ddd-00-329gylcqqwk2l.archer.replit.dev/parrots-for-sale/small-parrots/,no
/parrots-for-sale/talking-parrots/,"Talking Parrots UK: Speech, Noise & Buying Questions | Crownwing Parrots","Understand speech learning versus natural calls, compare African Grey and Amazon parrots, and ask about the individual before choosing a talking companion.",https://crownwingparrots.co.uk/parrots-for-sale/talking-parrots/,yes,yes,423,1,38,0,,,,,WebPage,200,https://bb2a8af7-5945-4807-af2c-9c06ffcc6ddd-00-329gylcqqwk2l.archer.replit.dev/parrots-for-sale/talking-parrots/,no
/parrots/,Parrot species UK | Explore eight groups | Crownwing Parrots,"Explore African Grey Parrots, macaws, cockatoos, Amazons, conures, caiques, Eclectus and parakeets. Compare lifespan, diet and daily care.",https://crownwingparrots.co.uk/parrots/,yes,yes,177,1,50,8,,,,,WebPage,200,https://bb2a8af7-5945-4807-af2c-9c06ffcc6ddd-00-329gylcqqwk2l.archer.replit.dev/parrots/,no
/parrots/african-parrots/,"African Grey Parrots: Size, Personality & Care | Crownwing Parrots","Congo and Timneh African Grey Parrots are sensitive, intelligent companions with distinct needs. Communication brings enrichment, not a promise to talk.",https://crownwingparrots.co.uk/parrots/african-parrots/,yes,yes,746,1,59,8,,,,,WebPage,200,https://bb2a8af7-5945-4807-af2c-9c06ffcc6ddd-00-329gylcqqwk2l.archer.replit.dev/parrots/african-parrots/,no
/parrots/african-parrots/congo-african-grey-parrot/,"Congo African Grey Parrot: Care, Character and Ownership | Crownwing Parrots","Learn about Congo African Grey temperament, talking, size, diet, enrichment and long-term care before enquiring about current availability.",https://crownwingparrots.co.uk/parrots/african-parrots/congo-african-grey-parrot/,yes,yes,613,1,36,0,,,,,WebPage,200,https://bb2a8af7-5945-4807-af2c-9c06ffcc6ddd-00-329gylcqqwk2l.archer.replit.dev/parrots/african-parrots/congo-african-grey-parrot/,no
/parrots/african-parrots/timneh-parrot/,"Timneh Parrot: Personality, Size and Care Guide | Crownwing Parrots","Explore the Timneh Parrot’s appearance, social needs, vocalisation, training and everyday care before asking about availability.",https://crownwingparrots.co.uk/parrots/african-parrots/timneh-parrot/,yes,yes,623,1,36,0,,,,,WebPage,200,https://bb2a8af7-5945-4807-af2c-9c06ffcc6ddd-00-329gylcqqwk2l.archer.replit.dev/parrots/african-parrots/timneh-parrot/,no
/parrots/amazons/,"Amazon Parrots: Size, Personality & Care | Crownwing Parrots",Amazon parrots are vocal. Steady routines support social needs.,https://crownwingparrots.co.uk/parrots/amazons/,yes,yes,745,1,59,7,,,,,WebPage,200,https://bb2a8af7-5945-4807-af2c-9c06ffcc6ddd-00-329gylcqqwk2l.archer.replit.dev/parrots/amazons/,no
/parrots/amazons/blue-fronted-amazon-parrot/,Blue-fronted Amazon Parrot: Care and Character | Crownwing Parrots,"Learn about the Blue-fronted Amazon’s appearance, vocalisation, temperament, training and practical daily care.",https://crownwingparrots.co.uk/parrots/amazons/blue-fronted-amazon-parrot/,yes,yes,574,1,36,4,,,,,WebPage,200,https://bb2a8af7-5945-4807-af2c-9c06ffcc6ddd-00-329gylcqqwk2l.archer.replit.dev/parrots/amazons/blue-fronted-amazon-parrot/,no
/parrots/amazons/yellow-naped-amazon-parrot/,Yellow-naped Amazon Parrot: Voice and Care | Crownwing Parrots,"Explore Yellow-naped Amazon personality, size, vocal behaviour, training, housing and long-term care needs.",https://crownwingparrots.co.uk/parrots/amazons/yellow-naped-amazon-parrot/,yes,yes,591,1,36,0,,,,,WebPage,200,https://bb2a8af7-5945-4807-af2c-9c06ffcc6ddd-00-329gylcqqwk2l.archer.replit.dev/parrots/amazons/yellow-naped-amazon-parrot/,no
/parrots/caiques/,"Caique Parrots: Size, Personality & Care | Crownwing Parrots","Caiques are compact, high-energy parrots that thrive on supervised activity. Their curiosity calls for structure, boundaries and daily enrichment.",https://crownwingparrots.co.uk/parrots/caiques/,yes,yes,697,1,59,7,,,,,WebPage,200,https://bb2a8af7-5945-4807-af2c-9c06ffcc6ddd-00-329gylcqqwk2l.archer.replit.dev/parrots/caiques/,no
/parrots/caiques/black-headed-caique/,"Black-headed Caique: Energy, Play and Care | Crownwing Parrots","Explore Black-headed Caique appearance, lively behaviour, training, housing and daily enrichment requirements.",https://crownwingparrots.co.uk/parrots/caiques/black-headed-caique/,yes,yes,551,1,36,2,,,,,WebPage,200,https://bb2a8af7-5945-4807-af2c-9c06ffcc6ddd-00-329gylcqqwk2l.archer.replit.dev/parrots/caiques/black-headed-caique/,no
/parrots/caiques/white-bellied-caique/,White-bellied Caique: Personality and Care | Crownwing Parrots,"A species guide to White-bellied Caique size, social life, enrichment, diet, training and safe daily activity.",https://crownwingparrots.co.uk/parrots/caiques/white-bellied-caique/,yes,yes,563,1,36,4,,,,,WebPage,200,https://bb2a8af7-5945-4807-af2c-9c06ffcc6ddd-00-329gylcqqwk2l.archer.replit.dev/parrots/caiques/white-bellied-caique/,no
/parrots/cockatoos/,"Cockatoo Parrots: Size, Personality & Care | Crownwing Parrots","Cockatoos are intensely social parrots. Species differences affect size, noise and household fit.",https://crownwingparrots.co.uk/parrots/cockatoos/,yes,yes,742,1,59,9,,,,,WebPage,200,https://bb2a8af7-5945-4807-af2c-9c06ffcc6ddd-00-329gylcqqwk2l.archer.replit.dev/parrots/cockatoos/,no
/parrots/cockatoos/galah-cockatoo/,"Galah Cockatoo: Temperament, Size and Care | Crownwing Parrots","Discover what daily life with a Galah Cockatoo involves, including noise, companionship, enrichment, diet and housing.",https://crownwingparrots.co.uk/parrots/cockatoos/galah-cockatoo/,yes,yes,590,1,36,2,,,,,WebPage,200,https://bb2a8af7-5945-4807-af2c-9c06ffcc6ddd-00-329gylcqqwk2l.archer.replit.dev/parrots/cockatoos/galah-cockatoo/,no
/parrots/cockatoos/umbrella-cockatoo/,Umbrella Cockatoo: Social Needs and Care Guide | Crownwing Parrots,"Read about Umbrella Cockatoo behaviour, powerful calls, housing, enrichment and long-term ownership responsibilities.",https://crownwingparrots.co.uk/parrots/cockatoos/umbrella-cockatoo/,yes,yes,587,1,36,0,,,,,WebPage,200,https://bb2a8af7-5945-4807-af2c-9c06ffcc6ddd-00-329gylcqqwk2l.archer.replit.dev/parrots/cockatoos/umbrella-cockatoo/,no
/parrots/conures/,"Conure Parrots: Size, Personality & Care | Crownwing Parrots","Conures are active small parrots, but species differ in voice and size. Plan for daily play, social contact and lively calls.",https://crownwingparrots.co.uk/parrots/conures/,yes,yes,737,1,60,10,,,,,WebPage,200,https://bb2a8af7-5945-4807-af2c-9c06ffcc6ddd-00-329gylcqqwk2l.archer.replit.dev/parrots/conures/,no
/parrots/conures/green-cheeked-conure/,Green-cheeked Conure: Personality and Care | Crownwing Parrots,"A guide to Green-cheeked Conure size, social behaviour, vocalisation, diet, training and enrichment.",https://crownwingparrots.co.uk/parrots/conures/green-cheeked-conure/,yes,yes,588,1,36,0,,,,,WebPage,200,https://bb2a8af7-5945-4807-af2c-9c06ffcc6ddd-00-329gylcqqwk2l.archer.replit.dev/parrots/conures/green-cheeked-conure/,no
/parrots/conures/sun-conure/,"Sun Conure: Noise, Character and Care Guide | Crownwing Parrots","Learn about Sun Conure vocalisation, temperament, size, training, nutrition and the demands of daily care.",https://crownwingparrots.co.uk/parrots/conures/sun-conure/,yes,yes,580,1,36,0,,,,,WebPage,200,https://bb2a8af7-5945-4807-af2c-9c06ffcc6ddd-00-329gylcqqwk2l.archer.replit.dev/parrots/conures/sun-conure/,no
/parrots/eclectus/,"Eclectus Parrots: Size, Personality & Care | Crownwing Parrots",Eclectus parrots stand out for male and female plumage differences. Individual social preferences and a considered feeding routine matter just as much.,https://crownwingparrots.co.uk/parrots/eclectus/,yes,yes,724,1,59,13,,,,,WebPage,200,https://bb2a8af7-5945-4807-af2c-9c06ffcc6ddd-00-329gylcqqwk2l.archer.replit.dev/parrots/eclectus/,no
/parrots/eclectus/papuan-eclectus-parrot/,Papuan Eclectus Parrot: Appearance and Care | Crownwing Parrots,"Learn about Papuan Eclectus plumage, individual temperament, nutrition, training and long-term companion care.",https://crownwingparrots.co.uk/parrots/eclectus/papuan-eclectus-parrot/,yes,yes,591,1,36,0,,,,,WebPage,200,https://bb2a8af7-5945-4807-af2c-9c06ffcc6ddd-00-329gylcqqwk2l.archer.replit.dev/parrots/eclectus/papuan-eclectus-parrot/,no
/parrots/macaws/,"Macaw Parrots: Size, Personality & Care | Crownwing Parrots","Macaws range from miniatures to powerful giants. Space, voice and beak strength shape home life.",https://crownwingparrots.co.uk/parrots/macaws/,yes,yes,743,1,59,34,,,,,WebPage,200,https://bb2a8af7-5945-4807-af2c-9c06ffcc6ddd-00-329gylcqqwk2l.archer.replit.dev/parrots/macaws/,no
/parrots/macaws/blue-and-gold-macaw/,"Blue-and-gold Macaw: Size, Character and Care | Crownwing Parrots","A practical guide to Blue-and-gold Macaw size, noise, social needs, housing, enrichment and the commitment involved.",https://crownwingparrots.co.uk/parrots/macaws/blue-and-gold-macaw/,yes,yes,585,1,36,4,,,,,WebPage,200,https://bb2a8af7-5945-4807-af2c-9c06ffcc6ddd-00-329gylcqqwk2l.archer.replit.dev/parrots/macaws/blue-and-gold-macaw/,no
/parrots/macaws/scarlet-macaw/,Scarlet Macaw: A Guide to Care and Ownership | Crownwing Parrots,"Understand Scarlet Macaw appearance, adult size, calls, social needs, training and the practicalities of long-term care.",https://crownwingparrots.co.uk/parrots/macaws/scarlet-macaw/,yes,yes,597,1,36,0,,,,,WebPage,200,https://bb2a8af7-5945-4807-af2c-9c06ffcc6ddd-00-329gylcqqwk2l.archer.replit.dev/parrots/macaws/scarlet-macaw/,no
/parrots/parakeets-small-psittacines/,"Parakeets & Budgerigars: Size, Personality & Care | Crownwing Parrots","Parakeets & Budgerigars spans tiny parrotlets to larger ringnecks. Species identity changes their size, social style, sound and care.",https://crownwingparrots.co.uk/parrots/parakeets-small-psittacines/,yes,yes,739,1,60,9,,,,,WebPage,200,https://bb2a8af7-5945-4807-af2c-9c06ffcc6ddd-00-329gylcqqwk2l.archer.replit.dev/parrots/parakeets-small-psittacines/,no
/parrots/parakeets-small-psittacines/budgerigar/,"Budgerigar: Social Needs, Training and Care | Crownwing Parrots","A helpful Budgerigar guide covering flock behaviour, lifespan, talking, housing, nutrition and daily enrichment.",https://crownwingparrots.co.uk/parrots/parakeets-small-psittacines/budgerigar/,yes,yes,579,1,37,2,,,,,WebPage,200,https://bb2a8af7-5945-4807-af2c-9c06ffcc6ddd-00-329gylcqqwk2l.archer.replit.dev/parrots/parakeets-small-psittacines/budgerigar/,no
/parrots/parakeets-small-psittacines/indian-ringneck-parakeet/,Indian Ringneck Parakeet: Character and Care | Crownwing Parrots,"Learn about Indian Ringneck size, speech, socialisation, flight, enrichment and the long-term ownership commitment.",https://crownwingparrots.co.uk/parrots/parakeets-small-psittacines/indian-ringneck-parakeet/,yes,yes,554,1,37,0,,,,,WebPage,200,https://bb2a8af7-5945-4807-af2c-9c06ffcc6ddd-00-329gylcqqwk2l.archer.replit.dev/parrots/parakeets-small-psittacines/indian-ringneck-parakeet/,no
/parrots/parakeets-small-psittacines/peach-faced-lovebird/,Peach-faced Lovebird: Social Life and Care | Crownwing Parrots,"A guide to Peach-faced Lovebird temperament, calls, companionship, housing, nutrition and everyday enrichment.",https://crownwingparrots.co.uk/parrots/parakeets-small-psittacines/peach-faced-lovebird/,yes,yes,552,1,37,0,,,,,WebPage,200,https://bb2a8af7-5945-4807-af2c-9c06ffcc6ddd-00-329gylcqqwk2l.archer.replit.dev/parrots/parakeets-small-psittacines/peach-faced-lovebird/,no
/privacy-policy/,Privacy Policy | Crownwing Parrots,"How Crownwing Parrots handles website visits, downloaded enquiries and email correspondence, including retention criteria and your UK privacy rights.",https://crownwingparrots.co.uk/privacy-policy/,yes,yes,1136,1,28,0,,,,,WebPage,200,https://bb2a8af7-5945-4807-af2c-9c06ffcc6ddd-00-329gylcqqwk2l.archer.replit.dev/privacy-policy/,no
